date,stock_id,observation_date,lag_source_date,is_tradable,exclusion_reason,delisting_uncertain,adj_ret,total_mcap,total_mcap_lag
2025-09-15,AAPL,2025-09-15,,True,,False,0.011235955056179803,3535310014200.0,
2025-09-15,AMGN,2025-09-15,,False,tradability_policy,False,-0.007199971055392829,147546558779.19998,
2025-09-15,AXP,2025-09-15,,True,,False,0.0059942823768097675,229274713596.19998,
2025-09-15,BA,2025-09-15,,False,tradability_policy,False,-0.0008798740390849602,162676681015.5,
2025-09-15,CAT,2025-09-15,,False,tradability_policy,False,0.010242862439747924,205345957060.72,
2025-09-15,CRM,2025-09-15,,True,,False,-0.000988630746416086,231849120000.0,
2025-09-15,CSCO,2025-09-15,,True,,False,0.007365098451826091,265399078023.59998,
2025-09-15,CVX,2025-09-15,,True,,False,0.0012729934440836033,274725225195.55002,
2025-09-15,DIS,2025-09-15,,True,,False,-0.002932045532942351,207855428477.82,
2025-09-15,GS,2025-09-15,,True,,False,0.008589082891059752,241410325865.28,
2025-09-15,HD,2025-09-15,,True,,False,4.731599990526192e-05,420566008539.35,
2025-09-15,HON,2025-09-15,,False,tradability_policy,False,0.0013241274945616777,67256394512.56272,
2025-09-15,IBM,2025-09-15,,True,,False,0.01104797979797989,238148578378.0,
2025-09-15,JNJ,2025-09-15,,True,,False,-0.003706615747500863,426837399694.60004,
2025-09-15,JPM,2025-09-15,,True,,False,0.006483985533218162,858462287343.2,
2025-09-15,KO,2025-09-15,,True,,False,-0.00432771228174933,284985500722.98,
2025-09-15,MCD,2025-09-15,,True,,False,-0.010903732809430244,215989935844.88998,
2025-09-15,MMM,2025-09-15,,False,tradability_policy,False,-0.007664534110343957,84311492170.92,
2025-09-15,MRK,2025-09-15,,False,tradability_policy,False,-0.01183431952662728,203443752118.06,
2025-09-15,MSFT,2025-09-15,,True,,False,0.010707981957246648,3830435806266.4,
2025-09-15,NKE,2025-09-15,,False,tradability_policy,False,0.0004109589041096928,107858262020.76,
2025-09-15,PG,2025-09-15,,True,,False,-0.006776440785307147,367694527192.22003,
2025-09-15,TRV,2025-09-15,,False,tradability_policy,False,-0.009428888968558424,62600955571.8,
2025-09-15,UNH,2025-09-15,,True,,False,-0.006836685484099769,315585088019.49,
2025-09-15,V,2025-09-15,,True,,False,-0.0011195239077276264,634985536988.516,
2025-09-15,WMT,2025-09-15,,True,,False,0.0019325538699390687,827489559425.16,
2025-09-16,AAPL,2025-09-16,2025-09-15,True,,False,0.006125897760878907,3556966961900.0,3535310014200.0
2025-09-16,AMGN,2025-09-16,2025-09-15,False,tradability_policy,False,-0.004792274052478174,146839475234.03,147546558779.19998
2025-09-16,AXP,2025-09-16,2025-09-15,True,,False,-0.0006722483652140676,229120584044.80002,229274713596.19998
2025-09-16,BA,2025-09-16,2025-09-15,False,tradability_policy,False,-0.003383545770567764,162126257019.48,162676681015.5
2025-09-16,CAT,2025-09-16,2025-09-15,True,,False,0.010850116988576408,207573984717.96002,205345957060.72
2025-09-16,CRM,2025-09-16,2025-09-15,True,,False,-0.013236021771400375,228780360000.0,231849120000.0
2025-09-16,CSCO,2025-09-16,2025-09-15,True,,False,-0.0013428827215754557,265042678187.40002,265399078023.59998
2025-09-16,CVX,2025-09-16,2025-09-15,True,,False,0.014175831161401087,278619683603.7,274725225195.55002
2025-09-16,DIS,2025-09-16,2025-09-15,False,tradability_policy,False,-0.0033731188375714094,207154307416.53,207855428477.82
2025-09-16,GS,2025-09-16,2025-09-15,True,,False,-0.0015633738370024464,241032911277.84,241410325865.28
2025-09-16,HD,2025-09-16,2025-09-15,True,,False,-0.002980766956069192,419312399278.25,420566008539.35
2025-09-16,HON,2025-09-16,2025-09-15,False,tradability_policy,False,-0.003730990837820025,67005461520.85154,67256394512.56272
2025-09-16,IBM,2025-09-16,2025-09-15,True,,False,0.004995316890415102,239338205993.99997,238148578378.0
2025-09-16,JNJ,2025-09-16,2025-09-15,True,,False,-0.00529875986471251,424575690812.34,426837399694.60004
2025-09-16,JPM,2025-09-16,2025-09-15,True,,False,0.000938815150534289,859268224744.72,858462287343.2
2025-09-16,KO,2025-09-16,2025-09-15,True,,False,0.000453103760761131,285114628725.12,284985500722.98
2025-09-16,MCD,2025-09-16,2025-09-15,True,,False,0.004038798953885037,216862275771.83002,215989935844.88998
2025-09-16,MMM,2025-09-16,2025-09-15,False,tradability_policy,False,-0.0010213200561726143,84225383153.0,84311492170.92
2025-09-16,MRK,2025-09-16,2025-09-15,False,tradability_policy,False,0.0008639842014317445,203619524305.77002,203443752118.06
2025-09-16,MSFT,2025-09-16,2025-09-15,True,,False,-0.012263272275690795,3783462129039.6,3830435806266.4
2025-09-16,NKE,2025-09-16,2025-09-15,False,tradability_policy,False,-0.0038340408051485975,107444729043.0,107858262020.76
2025-09-16,PG,2025-09-16,2025-09-15,True,,False,0.007779123892112549,370554868473.7,367694527192.22003
2025-09-16,TRV,2025-09-16,2025-09-15,False,tradability_policy,False,-0.01574375678610218,61615381352.7,62600955571.8
2025-09-16,UNH,2025-09-16,2025-09-15,True,,False,-0.023311966426169284,308228179042.98,315585088019.49
2025-09-16,V,2025-09-16,2025-09-15,True,,False,0.0028904291402447324,636820917688.2615,634985536988.516
2025-09-16,WMT,2025-09-16,2025-09-15,True,,False,-0.0026039155174075734,825334846520.88,827489559425.16
2025-09-17,AAPL,2025-09-17,2025-09-16,True,,False,0.0035271887465881946,3569513055740.0,3556966961900.0
2025-09-17,AMGN,2025-09-17,2025-09-16,False,tradability_policy,False,0.005950528223813034,147713247675.78,146839475234.03
2025-09-17,AXP,2025-09-17,2025-09-16,True,,False,0.02739726027397249,235397860320.0,229120584044.80002
2025-09-17,BA,2025-09-17,2025-09-16,False,tradability_policy,False,-0.0018137847642080152,161832194884.62,162126257019.48
2025-09-17,CAT,2025-09-17,2025-09-16,True,,False,0.02267002518891692,212279692180.08002,207573984717.96002
2025-09-17,CRM,2025-09-17,2025-09-16,True,,False,0.013856504115999924,231552760000.0,228780360000.0
2025-09-17,CSCO,2025-09-17,2025-09-16,True,,False,0.01180337666218434,268171076749.6,265042678187.40002
2025-09-17,CVX,2025-09-17,2025-09-16,True,,False,0.0034474113075091406,279580200251.45,278619683603.7
2025-09-17,DIS,2025-09-17,2025-09-16,False,tradability_policy,False,0.007550117156990277,208718346707.09998,207154307416.53
2025-09-17,GS,2025-09-17,2025-09-16,True,,False,0.01106259468129811,243699360680.16,241032911277.84
2025-09-17,HD,2025-09-17,2025-09-16,True,,False,-0.01055878514651798,414884969745.0,419312399278.25
2025-09-17,HON,2025-09-17,2025-09-16,False,tradability_policy,False,0.003460535671960363,67237336310.660614,67005461520.85154
2025-09-17,IBM,2025-09-17,2025-09-16,True,,False,0.0060577819198508465,240788064651.0,239338205993.99997
2025-09-17,JNJ,2025-09-17,2025-09-16,True,,False,0.004193584948430029,426356185038.8,424575690812.34
2025-09-17,JPM,2025-09-17,2025-09-16,True,,False,0.008279698567223992,866382706634.0,859268224744.72
2025-09-17,KO,2025-09-17,2025-09-16,True,,False,0.012077294685990614,288558042115.52,285114628725.12
2025-09-17,MCD,2025-09-17,2025-09-16,True,,False,0.00553925286029866,218063530753.19003,216862275771.83002
2025-09-17,MMM,2025-09-17,2025-09-16,False,tradability_policy,False,-0.008562300319488791,83504220127.92,84225383153.0
2025-09-17,MRK,2025-09-17,2025-09-16,False,tradability_policy,False,0.0006165988407942358,203745075868.42,203619524305.77002
2025-09-17,MSFT,2025-09-17,2025-09-16,True,,False,0.0019251925192518282,3790746022027.3,3783462129039.6
2025-09-17,NKE,2025-09-17,2025-09-16,False,tradability_policy,False,-0.006048109965635762,106794891506.52,107444729043.0
2025-09-17,PG,2025-09-17,2025-09-16,True,,False,0.014425814615627974,375900424311.22003,370554868473.7
2025-09-17,TRV,2025-09-17,2025-09-16,False,tradability_policy,False,0.011325611325611273,62313213213.579994,61615381352.7
2025-09-17,UNH,2025-09-17,2025-09-16,True,,False,0.005385837895108825,309888246050.01,308228179042.98
2025-09-17,V,2025-09-17,2025-09-16,True,,False,0.018145457753727667,648376324746.8639,636820917688.2615
2025-09-17,WMT,2025-09-17,2025-09-16,True,,False,0.008218913169599551,832118201960.2799,825334846520.88
2025-09-18,AAPL,2025-09-18,2025-09-17,True,,False,-0.004644545796895327,3552934288880.0,3569513055740.0
2025-09-18,AMGN,2025-09-18,2025-09-17,False,tradability_policy,False,0.004077026682683504,148315478527.94,147713247675.78
2025-09-18,AXP,2025-09-18,2025-09-17,True,,False,0.016874999999999973,239370199212.90002,235397860320.0
2025-09-18,BA,2025-09-18,2025-09-17,False,tradability_policy,False,0.004798956343474714,162608820522.84,161832194884.62
2025-09-18,CAT,2025-09-18,2025-09-17,True,,False,0.03616917410020859,219957673324.47998,212279692180.08002
2025-09-18,CRM,2025-09-18,2025-09-17,True,,False,0.008546302795095162,233531680000.0,231552760000.0
2025-09-18,CSCO,2025-09-18,2025-09-17,True,,False,0.014176018901358667,271972675002.40002,268171076749.6
2025-09-18,CVX,2025-09-18,2025-09-17,True,,False,-0.0078081079392841035,277397207870.2,279580200251.45
2025-09-18,DIS,2025-09-18,2025-09-17,False,tradability_policy,False,-0.0106804478897502,206489141281.46,208718346707.09998
2025-09-18,GS,2025-09-18,2025-09-17,True,,False,0.012704288484298942,246795387661.68,243699360680.16
2025-09-18,HD,2025-09-18,2025-09-17,True,,False,0.001151079136690658,415362535177.8,414884969745.0
2025-09-18,HON,2025-09-18,2025-09-17,False,tradability_policy,False,-0.006991685563114247,66767233997.0751,67237336310.660614
2025-09-18,IBM,2025-09-18,2025-09-17,True,,False,0.02285008491585616,246290092375.0,240788064651.0
2025-09-18,JNJ,2025-09-18,2025-09-17,True,,False,-0.017155756207674955,419041722270.64,426356185038.8
2025-09-18,JPM,2025-09-18,2025-09-17,True,,False,0.004747393744988004,870495766476.24,866382706634.0
2025-09-18,KO,2025-09-18,2025-09-17,True,,False,-0.008651551312649386,286061567407.48,288558042115.52
2025-09-18,MCD,2025-09-18,2025-09-17,True,,False,-0.012558612322523643,215324955408.78,218063530753.19003
2025-09-18,MMM,2025-09-18,2025-09-17,False,tradability_policy,False,0.0015467904098995788,83633383654.8,83504220127.92
2025-09-18,MRK,2025-09-18,2025-09-17,False,tradability_policy,False,0.004806507271382765,204724378057.09,203745075868.42
2025-09-18,MSFT,2025-09-18,2025-09-17,True,,False,-0.003078310654484162,3779076928159.25,3790746022027.3
2025-09-18,NKE,2025-09-18,2025-09-17,False,tradability_policy,False,-0.0029041626331075543,106484741773.2,106794891506.52
2025-09-18,PG,2025-09-18,2025-09-17,True,,False,-0.018773779080646258,368843352788.88,375900424311.22003
2025-09-18,TRV,2025-09-18,2025-09-17,False,tradability_policy,False,0.010435225248154767,62963465629.399994,62313213213.579994
2025-09-18,UNH,2025-09-18,2025-09-17,True,,False,-0.01987646731653059,303728762455.62,309888246050.01
2025-09-18,V,2025-09-18,2025-09-17,True,,False,-0.023165800115540147,633356168408.1295,648376324746.8639
2025-09-18,WMT,2025-09-18,2025-09-17,True,,False,-0.006425625779227007,826771321790.3999,832118201960.2799
2025-09-19,AAPL,2025-09-19,2025-09-18,True,,False,0.03203295779384563,3666745283000.0,3552934288880.0
2025-09-19,AMGN,2025-09-19,2025-09-18,False,tradability_policy,False,0.034731537541239366,153466703138.38,148315478527.94
2025-09-19,AXP,2025-09-19,2025-09-18,True,,False,-0.0016097403927767262,238984875334.4,239370199212.90002
2025-09-19,BA,2025-09-19,2025-09-18,False,tradability_policy,False,-4.636928498558124e-05,162601280468.1,162608820522.84
2025-09-19,CAT,2025-09-19,2025-09-18,True,,False,-0.0008994346410826637,219759835773.52002,219957673324.47998
2025-09-19,CRM,2025-09-19,2025-09-18,True,,False,0.011503193057147643,236218040000.0,233531680000.0
2025-09-19,CSCO,2025-09-19,2025-09-18,True,,False,-0.006843331391962915,270111475857.8,271972675002.40002
2025-09-19,CVX,2025-09-19,2025-09-18,True,,False,-0.016557542180810847,272804191900.05002,277397207870.2
2025-09-19,DIS,2025-09-19,2025-09-18,False,tradability_policy,False,-0.009576876197109452,204511620339.36002,206489141281.46
2025-09-19,GS,2025-09-19,2025-09-18,True,,False,0.0008578781812982328,247007108040.0,246795387661.68
2025-09-19,HD,2025-09-19,2025-09-18,True,,False,-0.004287630545175891,413581614084.65,415362535177.8
2025-09-19,HON,2025-09-19,2025-09-18,False,tradability_policy,False,-0.0039486203615602955,66503595537.42919,66767233997.0751
2025-09-19,IBM,2025-09-19,2025-09-18,True,,False,0.005283018867924483,247591247579.99997,246290092375.0
2025-09-19,JNJ,2025-09-19,2025-09-18,True,,False,0.01165594855305474,423926051027.01,419041722270.64
2025-09-19,JPM,2025-09-19,2025-09-18,True,,False,0.004948440443124813,874803362932.6399,870495766476.24
2025-09-19,KO,2025-09-19,2025-09-18,True,,False,-0.0004513993379474668,285932439405.34,286061567407.48
2025-09-19,MCD,2025-09-19,2025-09-18,True,,False,0.004117686126054343,216211595990.26,215324955408.78
2025-09-19,MMM,2025-09-19,2025-09-18,False,tradability_policy,False,0.007722007722007707,84279201289.2,83633383654.8
2025-09-19,MRK,2025-09-19,2025-09-18,False,tradability_policy,False,-0.00024530847540782386,204674157432.03,204724378057.09
2025-09-19,MSFT,2025-09-19,2025-09-18,True,,False,0.018644901170223216,3849537443999.4497,3779076928159.25
2025-09-19,NKE,2025-09-19,2025-09-18,False,tradability_policy,False,-0.01678224687933416,104697688547.88,106484741773.2
2025-09-19,PG,2025-09-19,2025-09-18,True,,False,-0.008136282735825118,365842338985.36,368843352788.88
2025-09-19,TRV,2025-09-19,2025-09-18,False,tradability_policy,False,-0.0032385750269879887,62759553722.0,62963465629.399994
2025-09-19,UNH,2025-09-19,2025-09-18,True,,False,0.005585090496386114,305425115080.29,303728762455.62
2025-09-19,V,2025-09-19,2025-09-18,True,,False,0.010142527647998056,639780000857.2391,633356168408.1295
2025-09-19,WMT,2025-09-19,2025-09-18,True,,False,-0.012258687258687173,816636190722.12,826771321790.3999
2025-09-22,AAPL,2025-09-22,2025-09-19,True,,False,0.04309572301425657,3824766322080.0,3666745283000.0
2025-09-22,AMGN,2025-09-22,2025-09-19,False,tradability_policy,False,0.0020672015696716617,153783949748.0,153466703138.38
2025-09-22,AXP,2025-09-22,2025-09-19,True,,False,-0.00041041275797371046,238886792892.6,238984875334.4
2025-09-22,BA,2025-09-22,2025-09-19,False,tradability_policy,False,-0.016508230929747292,159917020980.66,162601280468.1
2025-09-22,CAT,2025-09-22,2025-09-19,True,,False,0.011917520469841847,222378828114.80002,219759835773.52002
2025-09-22,CRM,2025-09-22,2025-09-19,True,,False,0.010522481686834784,238703640000.0,236218040000.0
2025-09-22,CSCO,2025-09-22,2025-09-19,True,,False,-0.00674387919659869,268289876695.0,270111475857.8
2025-09-22,CVX,2025-09-22,2025-09-19,True,,False,-0.001024262211126059,272524768875.25003,272804191900.05002
2025-09-22,DIS,2025-09-22,2025-09-19,False,tradability_policy,False,-0.010548523206751037,202354324766.16,204511620339.36002
2025-09-22,GS,2025-09-22,2025-09-19,True,,False,0.0006956521739129862,247178939071.68,247007108040.0
2025-09-22,HD,2025-09-22,2025-09-19,True,,False,-0.008876807236161577,409910329820.0,413581614084.65
2025-09-22,HON,2025-09-22,2025-09-19,False,tradability_policy,False,-0.001767206381047881,66386069959.03282,66503595537.42919
2025-09-22,IBM,2025-09-22,2025-09-19,True,,False,0.018656156156156234,252210348557.75,247591247579.99997
2025-09-22,JNJ,2025-09-22,2025-09-19,True,,False,-0.011237868210454582,419162025934.59,423926051027.01
2025-09-22,JPM,2025-09-22,2025-09-19,True,,False,-0.007433763263231419,868300281830.72,874803362932.6399
2025-09-22,KO,2025-09-22,2025-09-19,True,,False,-0.003311756736414484,284985500722.98,285932439405.34
2025-09-22,MCD,2025-09-22,2025-09-19,True,,False,0.0020173291884384437,216647765953.73,216211595990.26
2025-09-22,MMM,2025-09-22,2025-09-19,False,tradability_policy,False,-0.017496807151979432,82804584357.32,84279201289.2
2025-09-22,MRK,2025-09-22,2025-09-19,False,tradability_policy,False,-0.013617960986382016,201886912741.2,204674157432.03
2025-09-22,MSFT,2025-09-22,2025-09-19,True,,False,-0.006719054698511195,3823672191349.2505,3849537443999.4497
2025-09-22,NKE,2025-09-22,2025-09-19,False,tradability_policy,False,0.00550148116800675,105273680909.76,104697688547.88
2025-09-22,PG,2025-09-22,2025-09-19,True,,False,-0.019033581133042765,358879049144.38,365842338985.36
2025-09-22,TRV,2025-09-22,2025-09-19,False,tradability_policy,False,-0.003212996389891698,62557907502.46001,62759553722.0
2025-09-22,UNH,2025-09-22,2025-09-19,True,,False,0.013692120348094639,309607032513.3,305425115080.29
2025-09-22,V,2025-09-22,2025-09-19,True,,False,0.008050115628933652,644930303841.2191,639780000857.2391
2025-09-22,WMT,2025-09-22,2025-09-19,True,,False,0.004788429590540266,820546595622.48,816636190722.12
2025-09-23,AAPL,2025-09-23,2025-09-22,True,,False,-0.006443298969072031,3800122209180.0,3824766322080.0
2025-09-23,AMGN,2025-09-23,2025-09-22,False,tradability_policy,False,0.0028321678321678867,154219491703.58,153783949748.0
2025-09-23,AXP,2025-09-23,2025-09-22,True,,False,0.0014370344301719573,239230081438.90002,238886792892.6
2025-09-23,BA,2025-09-23,2025-09-22,False,tradability_policy,False,0.020038662831816767,163121544245.16,159917020980.66
2025-09-23,CAT,2025-09-23,2025-09-22,True,,False,-0.0017792840499895046,221983153012.88,222378828114.80002
2025-09-23,CRM,2025-09-23,2025-09-22,True,,False,-0.02054547639072446,233799360000.0,238703640000.0
2025-09-23,CSCO,2025-09-23,2025-09-22,True,,False,-0.0030996309963098323,267458277077.2,268289876695.0
2025-09-23,CVX,2025-09-23,2025-09-22,True,,False,0.008779237423902408,274917328525.1,272524768875.25003
2025-09-23,DIS,2025-09-23,2025-09-22,False,tradability_policy,False,-0.0027540867093106547,201797023409.75,202354324766.16
2025-09-23,GS,2025-09-23,2025-09-22,True,,False,0.0009434430706589669,247412138328.96002,247178939071.68
2025-09-23,HD,2025-09-23,2025-09-22,True,,False,-0.0026456310679611184,408825858316.35004,409910329820.0
2025-09-23,HON,2025-09-23,2025-09-22,False,tradability_policy,False,0.001483253588516753,66484537335.52708,66386069959.03282
2025-09-23,IBM,2025-09-23,2025-09-22,True,,False,0.0032059549692302625,253018923578.0,252210348557.75
2025-09-23,JNJ,2025-09-23,2025-09-22,True,,False,0.013604270707766597,424864419605.82,419162025934.59
2025-09-23,JPM,2025-09-23,2025-09-22,True,,False,0.000960184355396354,869134010177.12,868300281830.72
2025-09-23,KO,2025-09-23,2025-09-22,True,,False,0.0075517293460203305,287137634091.98,284985500722.98
2025-09-23,MCD,2025-09-23,2025-09-22,True,,False,0.000660087791676256,216790772499.13,216647765953.73
2025-09-23,MMM,2025-09-23,2025-09-22,False,tradability_policy,False,0.015793578577927736,84112365066.98,82804584357.32
2025-09-23,MRK,2025-09-23,2025-09-22,False,tradability_policy,False,-0.005472636815920584,200782058989.87997,201886912741.2
2025-09-23,MSFT,2025-09-23,2025-09-22,True,,False,-0.010146758674312473,3784874312373.95,3823672191349.2505
2025-09-23,NKE,2025-09-23,2025-09-22,False,tradability_policy,False,-0.004910213243546457,104756764687.56001,105273680909.76
2025-09-23,PG,2025-09-23,2025-09-22,True,,False,-0.003723786502907167,357542660185.0,358879049144.38
2025-09-23,TRV,2025-09-23,2025-09-22,False,tradability_policy,False,0.000543261743507939,62591892820.36,62557907502.46001
2025-09-23,UNH,2025-09-23,2025-09-22,True,,False,0.018722531497216588,315403659931.29,309607032513.3
2025-09-23,V,2025-09-23,2025-09-22,True,,False,-0.016436287605993805,634330043881.4639,644930303841.2191
2025-09-23,WMT,2025-09-23,2025-09-22,True,,False,-0.002917720287881731,818152470173.2799,820546595622.48
2025-09-24,AAPL,2025-09-24,2025-09-23,True,,False,-0.008332350744802097,3768458258060.0,3800122209180.0
2025-09-24,AMGN,2025-09-24,2025-09-23,False,tradability_policy,False,-0.02646351242983147,150138302267.96002,154219491703.58
2025-09-24,AXP,2025-09-24,2025-09-23,True,,False,-0.002899229800568115,238536498457.6,239230081438.90002
2025-09-24,BA,2025-09-24,2025-09-23,False,tradability_policy,False,-0.00573171859110666,162186577457.4,163121544245.16
2025-09-24,CAT,2025-09-24,2025-09-23,True,,False,-0.0031192972032423327,221290721584.52002,221983153012.88
2025-09-24,CRM,2025-09-24,2025-09-23,True,,False,0.005438338240104645,235070840000.0,233799360000.0
2025-09-24,CSCO,2025-09-24,2025-09-23,True,,False,-0.0032573289902282365,266587077477.59998,267458277077.2
2025-09-24,CVX,2025-09-24,2025-09-23,True,,False,0.011180282048024459,277990981797.9,274917328525.1
2025-09-24,DIS,2025-09-24,2025-09-23,False,tradability_policy,False,0.010512249443207278,203918364056.73,201797023409.75
2025-09-24,GS,2025-09-24,2025-09-23,True,,False,-0.017226411350332538,243150115061.03998,247412138328.96002
2025-09-24,HD,2025-09-24,2025-09-23,True,,False,-0.0027743301452873848,407691640413.45,408825858316.35004
2025-09-24,HON,2025-09-24,2025-09-23,False,tradability_policy,False,-0.0033920978453012562,66259015279.68539,66484537335.52708
2025-09-24,IBM,2025-09-24,2025-09-23,True,,False,-0.017300910960917015,248641465709.74997,253018923578.0
2025-09-24,JNJ,2025-09-24,2025-09-23,True,,False,0.000622947106127425,425129087666.51,424864419605.82
2025-09-24,JPM,2025-09-24,2025-09-23,True,,False,0.0021743301144721006,871023794428.9601,869134010177.12
2025-09-24,KO,2025-09-24,2025-09-23,True,,False,-0.0038974666466795593,286018524740.10004,287137634091.98
2025-09-24,MCD,2025-09-24,2025-09-23,True,,False,0.003760018470266191,217605909807.91,216790772499.13
2025-09-24,MMM,2025-09-24,2025-09-23,False,tradability_policy,False,-0.010813231812655921,83202838565.2,84112365066.98
2025-09-24,MRK,2025-09-24,2025-09-23,False,tradability_policy,False,-0.003626813406703233,200053859926.51,200782058989.87997
2025-09-24,MSFT,2025-09-24,2025-09-23,True,,False,0.0018066492547570423,3791712252729.75,3784874312373.95
2025-09-24,NKE,2025-09-24,2025-09-23,False,tradability_policy,False,0.004088537995206476,105185066700.24,104756764687.56001
2025-09-24,PG,2025-09-24,2025-09-23,True,,False,-0.0005245901639344686,357355096822.27997,357542660185.0
2025-09-24,TRV,2025-09-24,2025-09-23,False,tradability_policy,False,0.0014479113878231864,62682520334.76,62591892820.36
2025-09-24,UNH,2025-09-24,2025-09-23,True,,False,0.011849636170151667,319141078548.21,315403659931.29
2025-09-24,V,2025-09-24,2025-09-23,True,,False,-5.9049306170622096e-05,634292587132.4895,634330043881.4639
2025-09-24,WMT,2025-09-24,2025-09-23,True,,False,0.0020483808037456974,819828357987.7201,818152470173.2799
2025-09-25,AAPL,2025-09-25,2025-09-24,True,,False,0.01807300542982837,3836565624620.0,3768458258060.0
2025-09-25,AMGN,2025-09-25,2025-09-24,False,tradability_policy,False,-0.028794498961392523,145815145079.24,150138302267.96002
2025-09-25,AXP,2025-09-25,2025-09-24,True,,False,-0.0008811090225564477,238326321796.6,238536498457.6
2025-09-25,BA,2025-09-25,2025-09-24,False,tradability_policy,False,-0.007298930729893072,161002788863.22,162186577457.4
2025-09-25,CAT,2025-09-25,2025-09-24,True,,False,-0.01292066668085734,218431497931.36002,221290721584.52002
2025-09-25,CRM,2025-09-25,2025-09-24,True,,False,-0.020090284273455605,230348200000.0,235070840000.0
2025-09-25,CSCO,2025-09-25,2025-09-24,True,,False,0.007872846108140319,268685876512.99997,266587077477.59998
2025-09-25,CVX,2025-09-25,2025-09-24,True,,False,0.009674582233949014,280680428411.6,277990981797.9
2025-09-25,DIS,2025-09-25,2025-09-24,False,tradability_policy,False,-0.0038790443445297917,203127355679.88998,203918364056.73
2025-09-25,GS,2025-09-25,2025-09-24,True,,False,0.0029403228045379315,243865054889.28,243150115061.03998
2025-09-25,HD,2025-09-25,2025-09-24,True,,False,-0.005661712668082131,405383407488.25,407691640413.45
2025-09-25,HON,2025-09-25,2025-09-24,False,tradability_policy,False,-0.00431447746883995,65973142251.15366,66259015279.68539
2025-09-25,IBM,2025-09-25,2025-09-24,True,,False,0.05199416887825681,261569372068.0,248641465709.74997
2025-09-25,JNJ,2025-09-25,2025-09-24,True,,False,0.00588601505461539,427631403876.67,425129087666.51
2025-09-25,JPM,2025-09-25,2025-09-24,True,,False,9.571820560272393e-05,871107167263.6,871023794428.9601
2025-09-25,KO,2025-09-25,2025-09-24,True,,False,-0.007072987208427417,283995519373.24,286018524740.10004
2025-09-25,MCD,2025-09-25,2025-09-24,True,,False,-0.006670390694311967,216154393372.1,217605909807.91
2025-09-25,MMM,2025-09-25,2025-09-24,False,tradability_policy,False,-0.010155239327296228,82357893826.86,83202838565.2
2025-09-25,MRK,2025-09-25,2025-09-24,False,tradability_policy,False,-0.02598217647797174,194856025232.8,200053859926.51
2025-09-25,MSFT,2025-09-25,2025-09-24,True,,False,-0.006115848279917735,3768522715870.9497,3791712252729.75
2025-09-25,NKE,2025-09-25,2025-09-24,False,tradability_policy,False,-0.02780117944397642,102260797786.07999,105185066700.24
2025-09-25,PG,2025-09-25,2025-09-24,True,,False,-0.0017714210733498215,356722070473.10004,357355096822.27997
2025-09-25,TRV,2025-09-25,2025-09-24,False,tradability_policy,False,-0.008819489626256005,62129692496.920006,62682520334.76
2025-09-25,UNH,2025-09-25,2025-09-24,True,,False,-0.017765271026974783,313471450791.96,319141078548.21
2025-09-25,V,2025-09-25,2025-09-24,True,,False,-0.011072398724459642,627269446699.7896,634292587132.4895
2025-09-25,WMT,2025-09-25,2025-09-24,True,,False,0.0031149615496932626,822382091800.2,819828357987.7201
2025-09-26,AAPL,2025-09-26,2025-09-25,True,,False,-0.00548915793981386,3815506109960.0,3836565624620.0
2025-09-26,AMGN,2025-09-26,2025-09-25,False,tradability_policy,False,0.006637657644369188,146783016091.64,145815145079.24
2025-09-26,AXP,2025-09-26,2025-09-25,True,,False,0.004409430301605122,239377205101.6,238326321796.6
2025-09-26,BA,2025-09-26,2025-09-25,False,tradability_policy,False,0.0362010022010959,166831251177.24,161002788863.22
2025-09-26,CAT,2025-09-26,2025-09-25,True,,False,0.004399206417665669,219392423178.88,218431497931.36002
2025-09-26,CRM,2025-09-26,2025-09-25,True,,False,0.010292591824029973,232719080000.0,230348200000.0
2025-09-26,CSCO,2025-09-26,2025-09-25,True,,False,-0.009285187914517268,266191077659.6,268685876512.99997
2025-09-26,CVX,2025-09-26,2025-09-25,True,,False,-0.0034843205574912606,279702447824.8,280680428411.6
2025-09-26,DIS,2025-09-26,2025-09-25,False,tradability_policy,False,0.004248163554296802,203990273909.16998,203127355679.88998
2025-09-26,GS,2025-09-26,2025-09-25,True,,False,0.009751371483215143,246243073631.28,243865054889.28
2025-09-26,HD,2025-09-26,2025-09-25,True,,False,0.006479322616271821,408010017368.64996,405383407488.25
2025-09-26,HON,2025-09-26,2025-09-25,False,tradability_policy,False,0.0023591718825228813,66128784233.35426,65973142251.15366
2025-09-26,IBM,2025-09-26,2025-09-25,True,,False,0.010197555429221072,264236740238.25,261569372068.0
2025-09-26,JNJ,2025-09-26,2025-09-25,True,,False,0.011140494007764623,432395428969.09,427631403876.67
2025-09-26,JPM,2025-09-26,2025-09-25,True,,False,0.008326686871909406,878360603877.28,871107167263.6
2025-09-26,KO,2025-09-26,2025-09-25,True,,False,-0.0046983934525614,282621828438.84,283995519373.24
2025-09-26,MCD,2025-09-26,2025-09-25,True,,False,0.009725438306318113,218256589589.48,216154393372.1
2025-09-26,MMM,2025-09-26,2025-09-25,False,tradability_policy,False,-0.0014376266091615797,82239493927.22,82357893826.86
2025-09-26,MRK,2025-09-26,2025-09-25,False,tradability_policy,False,0.012371134020618735,197266615235.68,194856025232.8
2025-09-26,MSFT,2025-09-26,2025-09-25,True,,False,0.008737155592371204,3801448885192.9,3768522715870.9497
2025-09-26,NKE,2025-09-26,2025-09-25,False,tradability_policy,False,0.001010976314269385,102364181030.52,102260797786.07999
2025-09-26,PG,2025-09-26,2025-09-25,True,,False,0.0023003614853762677,357542660185.0,356722070473.10004
2025-09-26,TRV,2025-09-26,2025-09-25,False,tradability_policy,False,0.01290934286339418,62931745999.36,62129692496.920006
2025-09-26,UNH,2025-09-26,2025-09-25,True,,False,-0.004282903113786318,312128882939.27997,313471450791.96
2025-09-26,V,2025-09-26,2025-09-25,True,,False,0.007285104350162719,631839170074.6664,627269446699.7896
2025-09-26,WMT,2025-09-26,2025-09-25,True,,False,0.001067442988840428,823259937798.24,822382091800.2
2025-09-29,AAPL,2025-09-29,2025-09-26,True,,False,-0.0040319423784546116,3775840427700.0,3815506109960.0
2025-09-29,AMGN,2025-09-29,2025-09-26,False,tradability_policy,False,0.003626639314235458,147315345148.46002,146783016091.64
2025-09-29,AXP,2025-09-29,2025-09-26,True,,False,0.0018438304846639664,239818576089.7,239377205101.6
2025-09-29,BA,2025-09-29,2025-09-26,False,tradability_policy,False,-0.018891801500497074,163679508295.92,166831251177.24
2025-09-29,CAT,2025-09-29,2025-09-26,True,,False,0.012560116798351117,222148017638.68,219392423178.88
2025-09-29,CRM,2025-09-29,2025-09-26,True,,False,0.006860288378589319,234315600000.0,232719080000.0
2025-09-29,CSCO,2025-09-29,2025-09-26,True,,False,0.007438262421898267,268171076749.6,266191077659.6
2025-09-29,CVX,2025-09-29,2025-09-26,True,,False,-0.02534965034965031,272612088570.5,279702447824.8
2025-09-29,DIS,2025-09-29,2025-09-26,False,tradability_policy,False,0.011544901736141755,206366845351.74,203990273909.16998
2025-09-29,GS,2025-09-29,2025-09-26,True,,False,0.0020062055301490744,246737087847.36002,246243073631.28
2025-09-29,HD,2025-09-29,2025-09-26,True,,False,-0.008022629178960683,404736704298.0,408010017368.64996
2025-09-29,HON,2025-09-29,2025-09-26,False,tradability_policy,False,0.005235602094240788,66475008234.57602,66128784233.35426
2025-09-29,IBM,2025-09-29,2025-09-26,True,,False,-0.01586296648025043,260045161685.0,264236740238.25
2025-09-29,JNJ,2025-09-29,2025-09-26,True,,False,0.010628234377608292,437402505932.64,432395428969.09
2025-09-29,JPM,2025-09-29,2025-09-26,True,,False,-0.0011706637980130052,877332338916.72,878360603877.28
2025-09-29,KO,2025-09-29,2025-09-26,True,,False,0.0056342317648852,284214185322.08,282621828438.84
2025-09-29,MCD,2025-09-29,2025-09-26,True,,False,-0.0073712488533612675,216647765953.73,218256589589.48
2025-09-29,MMM,2025-09-29,2025-09-26,False,tradability_policy,False,0.00831097441266948,82922984256.96,82239493927.22
2025-09-29,MRK,2025-09-29,2025-09-26,False,tradability_policy,False,0.0002545824847250966,197316835860.74,197266615235.68
2025-09-29,MSFT,2025-09-29,2025-09-26,True,,False,0.006139287529816739,3824787072929.0,3801448885192.9
2025-09-29,NKE,2025-09-29,2025-09-26,False,tradability_policy,False,0.0034627037945462735,102718637868.59999,102364181030.52
2025-09-29,PG,2025-09-29,2025-09-26,True,,False,0.006754098360655769,359957538480.02,357542660185.0
2025-09-29,TRV,2025-09-29,2025-09-26,False,tradability_policy,False,-0.004536290322580627,62646269329.0,62931745999.36
2025-09-29,UNH,2025-09-29,2025-09-26,True,,False,0.0031969309462915874,313126737424.38,312128882939.27997
2025-09-29,V,2025-09-29,2025-09-26,True,,False,0.008269852091175922,637064386556.5952,631839170074.6664
2025-09-29,WMT,2025-09-29,2025-09-26,True,,False,-0.0007754943776657752,822621504345.12,823259937798.24
2025-09-30,AAPL,2025-09-30,2025-09-29,True,,False,0.0007860708249813886,3778808505700.0,3775840427700.0
2025-09-30,AMGN,2025-09-30,2025-09-29,False,tradability_policy,False,0.030039785377961037,151925714352.19998,147315345148.46002
2025-09-30,AXP,2025-09-30,2025-09-29,True,,False,-0.02965148549560337,231144240520.32,239818576089.7
2025-09-30,BA,2025-09-30,2025-09-29,False,tradability_policy,False,-0.005758245807996998,163201515311.85,163679508295.92
2025-09-30,CAT,2025-09-30,2025-09-29,True,,False,0.011746994338542427,223534718109.44998,222148017638.68
2025-09-30,CRM,2025-09-30,2025-09-29,True,,False,-0.033047735618115026,226572000000.0,234315600000.0
2025-09-30,CSCO,2025-09-30,2025-09-29,True,,False,0.010336680448907343,270943075475.6,268171076749.6
2025-09-30,CVX,2025-09-30,2025-09-29,True,,False,-0.005188981422165284,268339625489.03998,272612088570.5
2025-09-30,DIS,2025-09-30,2025-09-29,False,tradability_policy,False,-0.0024394493814253737,205863423878.5,206366845351.74
2025-09-30,GS,2025-09-30,2025-09-29,True,,False,-0.009662736904939573,241071941614.2,246737087847.36002
2025-09-30,HD,2025-09-30,2025-09-29,True,,False,-0.003957718780727704,403134870242.15,404736704298.0
2025-09-30,HON,2025-09-30,2025-09-29,False,tradability_policy,False,0.005829510703363905,66052460280.02393,66475008234.57602
2025-09-30,IBM,2025-09-30,2025-09-29,True,,False,0.008434596140100226,262837469322.72003,260045161685.0
2025-09-30,JNJ,2025-09-30,2025-09-29,True,,False,0.020922805858385463,446554193646.24,437402505932.64
2025-09-30,JPM,2025-09-30,2025-09-29,True,,False,-0.0008235927650542818,867354858167.22,877332338916.72
2025-09-30,KO,2025-09-30,2025-09-29,True,,False,0.00423985463355514,285419212152.63995,284214185322.08
2025-09-30,MCD,2025-09-30,2025-09-29,True,,False,0.002970395062543263,216857251448.25998,216647765953.73
2025-09-30,MMM,2025-09-30,2025-09-29,False,tradability_policy,False,0.00713914849428865,82653477156.36,82922984256.96
2025-09-30,MRK,2025-09-30,2025-09-29,False,tradability_policy,False,0.06808348180198531,209638944899.23,197316835860.74
2025-09-30,MSFT,2025-09-30,2025-09-29,True,,False,0.00650991061018269,3850008526003.0503,3824787072929.0
2025-09-30,NKE,2025-09-30,2025-09-29,False,tradability_policy,False,0.0025880661394681592,102984480497.16,102718637868.59999
2025-09-30,PG,2025-09-30,2025-09-29,True,,False,0.000781606200742635,359905379131.2,359957538480.02
2025-09-30,TRV,2025-09-30,2025-09-29,False,tradability_policy,False,0.009837251356238808,62861871084.020004,62646269329.0
2025-09-30,UNH,2025-09-30,2025-09-29,True,,False,0.00034764470710935136,312729102712.5,313126737424.38
2025-09-30,V,2025-09-30,2025-09-29,True,,False,0.0035865475070553376,635064251495.492,637064386556.5952
2025-09-30,WMT,2025-09-30,2025-09-29,True,,False,-0.00019402405898327757,822461895981.84,822621504345.12
2025-10-01,AAPL,2025-10-01,2025-09-30,True,,False,0.0032203589522050713,3790977625500.0,3778808505700.0
2025-10-01,AMGN,2025-10-01,2025-09-30,False,tradability_policy,False,0.05776045357902193,160701012523.5,151925714352.19998
2025-10-01,AXP,2025-10-01,2025-09-30,True,,False,-0.010838150289017356,228639064503.12,231144240520.32
2025-10-01,BA,2025-10-01,2025-09-30,False,tradability_policy,False,-0.002918963999444135,162725135964.0,163201515311.85
2025-10-01,CAT,2025-10-01,2025-09-30,True,,False,0.0076915016242271594,225254035756.86,223534718109.44998
2025-10-01,CRM,2025-10-01,2025-09-30,True,,False,-0.005527426160337523,225319640000.0,226572000000.0
2025-10-01,CSCO,2025-10-01,2025-09-30,True,,False,0.004823151125401992,272249874875.0,270943075475.6
2025-10-01,CVX,2025-10-01,2025-09-30,True,,False,-0.004572090926653227,267112752322.08002,268339625489.03998
2025-10-01,DIS,2025-10-01,2025-09-30,False,tradability_policy,False,-0.013537117903930085,203076626437.35,205863423878.5
2025-10-01,GS,2025-10-01,2025-09-30,True,,False,-0.01361210523011247,237790444976.91998,241071941614.2
2025-10-01,HD,2025-10-01,2025-09-30,True,,False,-0.02016338014264918,395006308604.7,403134870242.15
2025-10-01,HON,2025-10-01,2025-09-30,False,tradability_policy,False,-0.001520190023752921,65952047988.86191,66052460280.02393
2025-10-01,IBM,2025-10-01,2025-09-30,True,,False,0.015345903033739727,266870947640.58002,262837469322.72003
2025-10-01,JNJ,2025-10-01,2025-09-30,True,,False,0.0033976917268905282,448071447135.60004,446554193646.24
2025-10-01,JPM,2025-10-01,2025-09-30,True,,False,-0.01496370034556016,854376019976.34,867354858167.22
2025-10-01,KO,2025-10-01,2025-09-30,True,,False,0.006936067551266634,287398899088.56,285419212152.63995
2025-10-01,MCD,2025-10-01,2025-09-30,False,tradability_policy,False,-0.011089538977919644,214452404505.68,216857251448.25998
2025-10-01,MMM,2025-10-01,2025-09-30,False,tradability_policy,False,0.005284186106456978,83090233512.0,82653477156.36
2025-10-01,MRK,2025-10-01,2025-09-30,True,,False,0.0738710830453948,225125200807.43,209638944899.23
2025-10-01,MSFT,2025-10-01,2025-09-30,True,,False,0.0033980113910609955,3863090898830.0903,3850008526003.0503
2025-10-01,NKE,2025-10-01,2025-09-30,False,tradability_policy,False,0.0641044026961135,109586239106.40001,102984480497.16
2025-10-01,PG,2025-10-01,2025-09-30,True,,False,-0.0030589000976244396,358804464531.84,359905379131.2
2025-10-01,TRV,2025-10-01,2025-09-30,False,tradability_policy,False,-0.007091182580044486,62416106078.840004,62861871084.020004
2025-10-01,UNH,2025-10-01,2025-09-30,True,,False,0.008688097306689846,315446123587.5,312729102712.5
2025-10-01,V,2025-10-01,2025-09-30,True,,False,0.01889390122444201,647063092734.4219,635064251495.492
2025-10-01,WMT,2025-10-01,2025-09-30,True,,False,-0.010673394139336434,813683436001.44,822461895981.84
2025-10-02,AAPL,2025-10-02,2025-10-01,True,,False,0.0065766294773927925,3815909480700.0,3790977625500.0
2025-10-02,AMGN,2025-10-02,2025-10-01,False,tradability_policy,False,-0.00368509212730328,160108814487.4,160701012523.5
2025-10-02,AXP,2025-10-02,2025-10-01,True,,False,0.005843681519357213,229975158378.96002,228639064503.12
2025-10-02,BA,2025-10-02,2025-10-01,False,tradability_policy,False,0.010362453531598703,164411367623.85,162725135964.0
2025-10-02,CAT,2025-10-02,2025-10-01,True,,False,0.02027785865812559,229821705256.11,225254035756.86
2025-10-02,CRM,2025-10-02,2025-10-01,True,,False,0.013534727820442072,228369280000.0,225319640000.0
2025-10-02,CSCO,2025-10-02,2025-10-01,True,,False,-0.006399999999999961,270507475675.80002,272249874875.0
2025-10-02,CVX,2025-10-02,2025-10-01,True,,False,-0.007827662052011908,265021883967.12,267112752322.08002
2025-10-02,DIS,2025-10-02,2025-10-01,False,tradability_policy,False,-0.007171314741035828,201620300032.62,203076626437.35
2025-10-02,GS,2025-10-02,2025-10-01,True,,False,-0.007803847182085488,235934764682.96,237790444976.91998
2025-10-02,HD,2025-10-02,2025-10-01,True,,False,-0.0050627172434637435,393006503354.85,395006308604.7
2025-10-02,HON,2025-10-02,2025-10-01,False,tradability_policy,False,0.003948996098582125,66212492369.06342,65952047988.86191
2025-10-02,IBM,2025-10-02,2025-10-01,True,,False,0.0008028203427694613,267085197066.24002,266870947640.58002
2025-10-02,JNJ,2025-10-02,2025-10-01,True,,False,-0.00037624294544491566,447902863414.56,448071447135.60004
2025-10-02,JPM,2025-10-02,2025-10-01,True,,False,-0.010170255221910951,845686797797.7001,854376019976.34
2025-10-02,KO,2025-10-02,2025-10-01,True,,False,-0.010182689427972513,284472405357.19995,287398899088.56
2025-10-02,MCD,2025-10-02,2025-10-01,False,tradability_policy,False,-0.002129641953946493,213995697667.91998,214452404505.68
2025-10-02,MMM,2025-10-02,2025-10-01,False,tradability_policy,False,0.017948717948718107,84581596677.6,83090233512.0
2025-10-02,MRK,2025-10-02,2025-10-01,True,,False,-0.006878952623987522,223576575216.61002,225125200807.43
2025-10-02,MSFT,2025-10-02,2025-10-01,True,,False,-0.007638875526736144,3833581228305.46,3863090898830.0903
2025-10-02,NKE,2025-10-02,2025-10-01,False,tradability_policy,False,0.004986522911051061,110132693398.43999,109586239106.40001
2025-10-02,PG,2025-10-02,2025-10-01,True,,False,-0.00737694215955087,356157584750.4,358804464531.84
2025-10-02,TRV,2025-10-02,2025-10-01,False,tradability_policy,False,0.010099552734093242,63046480833.64001,62416106078.840004
2025-10-02,UNH,2025-10-02,2025-10-01,True,,False,0.015561297731840451,320354874635.0,315446123587.5
2025-10-02,V,2025-10-02,2025-10-01,True,,False,-0.0054049391944340774,643565756063.23,647063092734.4219
2025-10-02,WMT,2025-10-02,2025-10-01,True,,False,-0.0025500196155354704,811608527278.8,813683436001.44
2025-10-03,AAPL,2025-10-03,2025-10-02,True,,False,0.0034612841753198786,3829117427799.9995,3815909480700.0
2025-10-03,AMGN,2025-10-03,2025-10-02,False,tradability_policy,False,0.0016476126429052496,160372611794.38998,160108814487.4
2025-10-03,AXP,2025-10-03,2025-10-02,True,,False,-0.000726216412490932,229808146644.48,229975158378.96002
2025-10-03,BA,2025-10-03,2025-10-02,False,tradability_policy,False,-0.005197074920664124,163556909428.5,164411367623.85
2025-10-03,CAT,2025-10-03,2025-10-02,True,,False,0.014839880139429606,233232231815.55002,229821705256.11
2025-10-03,CRM,2025-10-03,2025-10-02,True,,False,0.006195579370395166,229784160000.0,228369280000.0
2025-10-03,CSCO,2025-10-03,2025-10-02,True,,False,0.00029278290147871644,268963076385.6,270507475675.80002
2025-10-03,CVX,2025-10-03,2025-10-02,True,,False,0.001173632392253987,265332922234.80002,265021883967.12
2025-10-03,DIS,2025-10-03,2025-10-02,False,tradability_policy,False,0.0029427501337613293,202213618197.51,201620300032.62
2025-10-03,GS,2025-10-03,2025-10-02,True,,False,0.013600554286740785,239143608258.16,235934764682.96
2025-10-03,HD,2025-10-03,2025-10-02,True,,False,0.00012657907394753032,393056249754.1,393006503354.85
2025-10-03,HON,2025-10-03,2025-10-02,False,tradability_policy,False,-0.009288659305246139,65597467085.695984,66212492369.06342
2025-10-03,IBM,2025-10-03,2025-10-02,True,,False,0.005754743303571397,268622203815.54,267085197066.24002
2025-10-03,JNJ,2025-10-03,2025-10-02,True,,False,0.014302613184213442,454309044814.07996,447902863414.56
2025-10-03,JPM,2025-10-03,2025-10-02,True,,False,0.008063729474881987,852506187355.6199,845686797797.7001
2025-10-03,KO,2025-10-03,2025-10-02,True,,False,0.008320726172466042,286839422345.80005,284472405357.19995
2025-10-03,MCD,2025-10-03,2025-10-02,False,tradability_policy,False,0.003668133920234906,214780662545.32,213995697667.91998
2025-10-03,MMM,2025-10-03,2025-10-02,False,tradability_policy,False,-0.0008816120906801617,84507028519.31999,84581596677.6
2025-10-03,MRK,2025-10-03,2025-10-02,True,,False,-0.0035750195508882365,222777284589.09,223576575216.61002
2025-10-03,MSFT,2025-10-03,2025-10-02,True,,False,0.003121728002482005,3845548626175.6504,3833581228305.46
2025-10-03,NKE,2025-10-03,2025-10-02,False,tradability_policy,False,-0.03540297706852602,106233668179.56001,110132693398.43999
2025-10-03,PG,2025-10-03,2025-10-02,True,,False,0.001446892469582295,356672906477.76,356157584750.4
2025-10-03,TRV,2025-10-03,2025-10-02,False,tradability_policy,False,0.016140551349807186,64064085794.96,63046480833.64001
2025-10-03,UNH,2025-10-03,2025-10-02,True,,False,0.018319574804930294,326223639725.0,320354874635.0
2025-10-03,V,2025-10-03,2025-10-02,True,,False,0.011244399479693579,650802266515.856,643565756063.23
2025-10-03,WMT,2025-10-03,2025-10-02,True,,False,0.0036381514257619596,814561281999.48,811608527278.8
2025-10-06,AAPL,2025-10-06,2025-10-03,True,,False,-0.005154639175257714,3809379709100.0,3829117427799.9995
2025-10-06,AMGN,2025-10-06,2025-10-03,False,tradability_policy,False,-0.012655678270502513,158342987616.12,160372611794.38998
2025-10-06,AXP,2025-10-06,2025-10-03,True,,False,0.005299176356589053,231025940541.73,229808146644.48
2025-10-06,BA,2025-10-06,2025-10-03,False,tradability_policy,False,0.015857605177993506,166150530322.35,163556909428.5
2025-10-06,CAT,2025-10-06,2025-10-03,True,,False,-0.004961333735060802,232075088875.74,233232231815.55002
2025-10-06,CRM,2025-10-06,2025-10-03,True,,False,0.022549509069728746,234965680000.0,229784160000.0
2025-10-06,CSCO,2025-10-06,2025-10-03,True,,False,0.014575971731448645,272883474583.8,268963076385.6
2025-10-06,CVX,2025-10-06,2025-10-03,True,,False,0.003060892217518818,266145077711.52002,265332922234.80002
2025-10-06,DIS,2025-10-06,2025-10-03,False,tradability_policy,False,0.002489552769627368,202717039670.75,202213618197.51
2025-10-06,GS,2025-10-06,2025-10-03,True,,False,0.008607812856021635,241202111683.75998,239143608258.16
2025-10-06,HD,2025-10-06,2025-10-03,True,,False,-0.014504125955551062,387355312400.05,393056249754.1
2025-10-06,HON,2025-10-06,2025-10-03,False,tradability_policy,False,-0.0002391772303277362,65581777665.20192,65597467085.695984
2025-10-06,IBM,2025-10-06,2025-10-03,True,,False,0.0036411554599993234,269600299019.64,268622203815.54
2025-10-06,JNJ,2025-10-06,2025-10-03,True,,False,-0.0025445292620864812,453153042155.52,454309044814.07996
2025-10-06,JPM,2025-10-06,2025-10-03,True,,False,0.002096571299551764,850168896579.72,852506187355.6199
2025-10-06,KO,2025-10-06,2025-10-03,True,,False,-0.008252063015754096,284472405357.19995,286839422345.80005
2025-10-06,MCD,2025-10-06,2025-10-03,False,tradability_policy,False,-0.016413050701043264,211255456641.36002,214780662545.32
2025-10-06,MMM,2025-10-06,2025-10-03,False,tradability_policy,False,-0.017206605319551205,83052949432.86,84507028519.31999
2025-10-06,MRK,2025-10-06,2025-10-03,True,,False,-0.004372687521022489,221803149136.8,222777284589.09
2025-10-06,MSFT,2025-10-06,2025-10-03,True,,False,0.021687445636416447,3928948752948.0303,3845548626175.6504
2025-10-06,NKE,2025-10-06,2025-10-03,False,tradability_policy,False,-0.010565827888224688,105111221525.64,106233668179.56001
2025-10-06,PG,2025-10-06,2025-10-03,True,,False,-0.012215144151835666,352316095510.08,356672906477.76
2025-10-06,TRV,2025-10-06,2025-10-03,False,tradability_policy,False,-0.006430981163902061,63652090865.93,64064085794.96
2025-10-06,UNH,2025-10-06,2025-10-03,True,,False,-0.0039700166574125895,324928526441.25,326223639725.0
2025-10-06,V,2025-10-06,2025-10-03,True,,False,-0.0016007317630917228,649760506656.3519,650802266515.856
2025-10-06,WMT,2025-10-06,2025-10-03,True,,False,0.0061722347408641465,819588945442.8,814561281999.48
2025-10-07,AAPL,2025-10-07,2025-10-06,True,,False,-0.000818107444777616,3806263227200.0005,3809379709100.0
2025-10-07,AMGN,2025-10-07,2025-10-06,False,tradability_policy,False,0.004827961376309142,159107461444.54,158342987616.12
2025-10-07,AXP,2025-10-07,2025-10-06,True,,False,-0.012108798457784786,228228493989.19003,231025940541.73
2025-10-07,BA,2025-10-07,2025-10-06,False,tradability_policy,False,0.00951167341737591,167730899904.9,166150530322.35
2025-10-07,CAT,2025-10-07,2025-10-06,True,,False,-0.01750171585449556,228013376613.33,232075088875.74
2025-10-07,CRM,2025-10-07,2025-10-06,True,,False,-0.024574823012450175,229191440000.0,234965680000.0
2025-10-07,CSCO,2025-10-07,2025-10-06,True,,False,0.001088376142794889,273180474447.3,272883474583.8
2025-10-07,CVX,2025-10-07,2025-10-06,True,,False,0.005778470328528629,267682989146.16,266145077711.52002
2025-10-07,DIS,2025-10-07,2025-10-06,False,tradability_policy,False,-0.0019512195121951237,202321494227.49,202717039670.75
2025-10-07,GS,2025-10-07,2025-10-06,True,,False,-0.0089485177840809,239043710297.8,241202111683.75998
2025-10-07,HD,2025-10-07,2025-10-06,True,,False,-0.0064726581563198105,384848093877.85,387355312400.05
2025-10-07,HON,2025-10-07,2025-10-06,False,tradability_policy,False,-9.569377990437111e-05,65575501897.00428,65581777665.20192
2025-10-07,IBM,2025-10-07,2025-10-06,True,,False,0.015375578743694218,273745559646.54,269600299019.64
2025-10-07,JNJ,2025-10-07,2025-10-06,True,,False,0.0038796768707483054,454911129532.07996,453153042155.52
2025-10-07,JPM,2025-10-07,2025-10-06,True,,False,-0.004819199172003352,846071763337.26,850168896579.72
2025-10-07,KO,2025-10-07,2025-10-06,True,,False,0.01043872919818467,287441935761.08,284472405357.19995
2025-10-07,MCD,2025-10-07,2025-10-06,False,tradability_policy,False,0.0009458181326846837,211455265882.88,211255456641.36002
2025-10-07,MMM,2025-10-07,2025-10-06,False,tradability_policy,False,-0.003847880459180386,82733371611.66,83052949432.86
2025-10-07,MRK,2025-10-07,2025-10-06,True,,False,-0.013400900900900847,218830787115.71,221803149136.8
2025-10-07,MSFT,2025-10-07,2025-10-06,True,,False,-0.008683807253533127,3894830519268.42,3928948752948.0303
2025-10-07,NKE,2025-10-07,2025-10-06,False,tradability_policy,False,-0.031754952929605285,101773419633.72,105111221525.64
2025-10-07,PG,2025-10-07,2025-10-06,True,,False,0.01416129246725606,357305346779.51996,352316095510.08
2025-10-07,TRV,2025-10-07,2025-10-06,False,tradability_policy,False,0.007922753156722084,64156390669.770004,63652090865.93
2025-10-07,UNH,2025-10-07,2025-10-06,True,,False,0.013629902165733121,329357270467.5,324928526441.25
2025-10-07,V,2025-10-07,2025-10-06,True,,False,0.008989922125515415,655601803011.428,649760506656.3519
2025-10-07,WMT,2025-10-07,2025-10-06,True,,False,0.005258033106134263,823898371251.36,819588945442.8
2025-10-08,AAPL,2025-10-08,2025-10-07,True,,False,0.006160324391765393,3829711043400.0,3806263227200.0005
2025-10-08,AMGN,2025-10-08,2025-10-07,False,tradability_policy,False,-0.0031129457941395655,158612168541.62,159107461444.54
2025-10-08,AXP,2025-10-08,2025-10-07,True,,False,-0.012653596365521325,225340582747.13998,228228493989.19003
2025-10-08,BA,2025-10-08,2025-10-07,False,tradability_policy,False,0.015778559192137775,170377451837.4,167730899904.9
2025-10-08,CAT,2025-10-08,2025-10-07,True,,False,0.03166156438125367,235232636816.76,228013376613.33
2025-10-08,CRM,2025-10-08,2025-10-07,True,,False,0.002878117961124582,229851080000.0,229191440000.0
2025-10-08,CSCO,2025-10-08,2025-10-07,True,,False,0.01949699209973188,278506671999.39996,273180474447.3
2025-10-08,CVX,2025-10-08,2025-10-07,True,,False,-0.007552772577625655,265661240406.24002,267682989146.16
2025-10-08,DIS,2025-10-08,2025-10-07,False,tradability_policy,False,-0.0056873722562872375,201170816574.37,202321494227.49
2025-10-08,GS,2025-10-08,2025-10-07,True,,False,-0.016640283669980382,235065955148.91998,239043710297.8
2025-10-08,HD,2025-10-08,2025-10-07,True,,False,-0.007807450686383444,381843411363.15,384848093877.85
2025-10-08,HON,2025-10-08,2025-10-07,False,tradability_policy,False,0.004163077806488724,65848497813.60106,65575501897.00428
2025-10-08,IBM,2025-10-08,2025-10-07,True,,False,-0.01500663558716453,269637559789.31998,273745559646.54
2025-10-08,JNJ,2025-10-08,2025-10-07,True,,False,0.004235269204298842,456837800629.68,454911129532.07996
2025-10-08,JPM,2025-10-08,2025-10-07,True,,False,-0.011895089213169174,836007664231.6199,846071763337.26
2025-10-08,KO,2025-10-08,2025-10-07,True,,False,-0.010031441832609733,284558478702.24,287441935761.08
2025-10-08,MCD,2025-10-08,2025-10-07,False,tradability_policy,False,-0.006479481641468721,210085145369.59998,211455265882.88
2025-10-08,MMM,2025-10-08,2025-10-07,False,tradability_policy,False,0.004313397283203457,83090233512.0,82733371611.66
2025-10-08,MRK,2025-10-08,2025-10-07,True,,False,-0.013811208766122518,215808469430.40002,218830787115.71
2025-10-08,MSFT,2025-10-08,2025-10-07,True,,False,0.0016603687163632141,3901297374018.1504,3894830519268.42
2025-10-08,NKE,2025-10-08,2025-10-07,False,tradability_policy,False,0.0026121027427079557,102039262262.28,101773419633.72
2025-10-08,PG,2025-10-08,2025-10-07,True,,False,-0.012127966435033444,352971959526.72,357305346779.51996
2025-10-08,TRV,2025-10-08,2025-10-07,False,tradability_policy,False,-0.0077552023019967775,63658844881.159996,64156390669.770004
2025-10-08,UNH,2025-10-08,2025-10-07,True,,False,0.0172138810977287,335026787360.0,329357270467.5
2025-10-08,V,2025-10-08,2025-10-07,True,,False,-0.003007774814142272,653629900420.224,655601803011.428
2025-10-08,WMT,2025-10-08,2025-10-07,True,,False,-0.0032932971716388426,821185029075.6001,823898371251.36
2025-10-09,AAPL,2025-10-09,2025-10-08,True,,False,-0.01557777261102078,3770052675600.0,3829711043400.0
2025-10-09,AMGN,2025-10-09,2025-10-08,False,tradability_policy,False,0.0027493041884461,159048241640.93,158612168541.62
2025-10-09,AXP,2025-10-09,2025-10-08,True,,False,0.0019146439379902347,225772029727.88,225340582747.13998
2025-10-09,BA,2025-10-09,2025-10-08,False,tradability_policy,False,-0.041363394283685406,163330062120.0,170377451837.4
2025-10-09,CAT,2025-10-09,2025-10-08,True,,False,-0.0035051382139726917,234408113912.28,235232636816.76
2025-10-09,CRM,2025-10-09,2025-10-08,True,,False,0.02038015222725953,234535480000.0,229851080000.0
2025-10-09,CSCO,2025-10-09,2025-10-08,True,,False,-0.005260912839471166,277041472672.8,278506671999.39996
2025-10-09,CVX,2025-10-09,2025-10-08,True,,False,-0.013659425003252346,262032460616.63998,265661240406.24002
2025-10-09,DIS,2025-10-09,2025-10-08,False,tradability_policy,False,-0.008043614264009347,199552676124.66998,201170816574.37
2025-10-09,GS,2025-10-09,2025-10-08,True,,False,0.004442956304490764,236110342916.32,235065955148.91998
2025-10-09,HD,2025-10-09,2025-10-08,True,,False,-0.015894108757393388,375774350654.65,381843411363.15
2025-10-09,HON,2025-10-09,2025-10-08,False,tradability_policy,False,-0.0267810340719562,64085006950.06788,65848497813.60106
2025-10-09,IBM,2025-10-09,2025-10-08,True,,False,-0.004249291784702458,268491791121.66,269637559789.31998
2025-10-09,JNJ,2025-10-09,2025-10-08,True,,False,0.007327745268596253,460185391661.76,456837800629.68
2025-10-09,JPM,2025-10-09,2025-10-08,True,,False,0.004933723645692778,840132295012.6199,836007664231.6199
2025-10-09,KO,2025-10-09,2025-10-08,True,,False,0.0037810042347248274,285634395515.24,284558478702.24
2025-10-09,MCD,2025-10-09,2025-10-08,False,tradability_policy,False,-0.002004076086956408,209664118753.54,210085145369.59998
2025-10-09,MMM,2025-10-09,2025-10-08,False,tradability_policy,False,-0.020000000000000018,81428428841.76,83090233512.0
2025-10-09,MRK,2025-10-09,2025-10-08,True,,False,0.0127314814814814,218556030962.5,215808469430.40002
2025-10-09,MSFT,2025-10-09,2025-10-08,True,,False,-0.004668000381061299,3883086116389.5996,3901297374018.1504
2025-10-09,NKE,2025-10-09,2025-10-08,False,tradability_policy,False,-0.014908090895932813,100518051665.52,102039262262.28
2025-10-09,PG,2025-10-09,2025-10-08,True,,False,-0.0007299754462803953,352714298663.04004,352971959526.72
2025-10-09,TRV,2025-10-09,2025-10-08,False,tradability_policy,False,-0.02953034375442054,61778977308.810005,63658844881.159996
2025-10-09,UNH,2025-10-09,2025-10-08,True,,False,-0.006028330449827091,333007135176.25,335026787360.0
2025-10-09,V,2025-10-09,2025-10-08,True,,False,-0.012295081967213073,645593467218.3359,653629900420.224
2025-10-09,WMT,2025-10-09,2025-10-08,True,,False,-0.010981535471331516,812167156550.2799,821185029075.6001
2025-10-10,AAPL,2025-10-10,2025-10-09,True,,False,-0.03452212250039355,3639902455300.0,3770052675600.0
2025-10-10,AMGN,2025-10-10,2025-10-09,False,tradability_policy,False,-0.0179399519344684,156194923830.63,159048241640.93
2025-10-10,AXP,2025-10-10,2025-10-09,True,,False,-0.022685242263592698,220079713111.02,225772029727.88
2025-10-10,BA,2025-10-10,2025-10-09,False,tradability_policy,False,-0.024398148148148224,159345111067.35,163330062120.0
2025-10-10,CAT,2025-10-10,2025-10-09,True,,False,-0.0181069629866496,230163694869.9,234408113912.28
2025-10-10,CRM,2025-10-10,2025-10-09,True,,False,-0.01487791953695028,231046080000.0,234535480000.0
2025-10-10,CSCO,2025-10-10,2025-10-09,True,,False,-0.028873642081189144,269042276349.19998,277041472672.8
2025-10-10,CVX,2025-10-10,2025-10-09,True,,False,-0.018069111052492648,257297766986.40002,262032460616.63998
2025-10-10,DIS,2025-10-10,2025-10-09,False,tradability_policy,False,-0.01621767726822232,196316395225.27,199552676124.66998
2025-10-10,GS,2025-10-10,2025-10-09,True,,False,-0.020001025693625385,231387893881.12,236110342916.32
2025-10-10,HD,2025-10-10,2025-10-09,True,,False,-0.005136487595647221,373844190363.75,375774350654.65
2025-10-10,HON,2025-10-10,2025-10-09,False,tradability_policy,False,-0.016256181755863408,63043229429.261795,64085006950.06788
2025-10-10,IBM,2025-10-10,2025-10-09,True,,False,-0.036116989903896224,258794675812.44,268491791121.66
2025-10-10,JNJ,2025-10-10,2025-10-09,True,,False,-0.0018840276324053606,459318389667.84,460185391661.76
2025-10-10,JPM,2025-10-10,2025-10-09,True,,False,-0.015186724707884625,827373437130.0599,840132295012.6199
2025-10-10,KO,2025-10-10,2025-10-09,True,,False,0.01009492240470089,288517852574.08,285634395515.24
2025-10-10,MCD,2025-10-10,2025-10-09,False,tradability_policy,False,0.010891392396446653,211947652942.34,209664118753.54
2025-10-10,MMM,2025-10-10,2025-10-09,False,tradability_policy,False,-0.02701465201465203,79228668172.5,81428428841.76
2025-10-10,MRK,2025-10-10,2025-10-09,True,,False,-0.01725714285714297,214784378313.88998,218556030962.5
2025-10-10,MSFT,2025-10-10,2025-10-09,True,,False,-0.02189892802450233,3798050693013.84,3883086116389.5996
2025-10-10,NKE,2025-10-10,2025-10-09,False,tradability_policy,False,-0.04172788715838971,96323645748.24,100518051665.52
2025-10-10,PG,2025-10-10,2025-10-09,True,,False,-0.005910479479346642,350629588038.72,352714298663.04004
2025-10-10,TRV,2025-10-10,2025-10-09,False,tradability_policy,False,-0.015633541051710997,60813153130.92,61778977308.810005
2025-10-10,UNH,2025-10-10,2025-10-09,True,,False,-0.035872610079142775,321061300062.5,333007135176.25
2025-10-10,V,2025-10-10,2025-10-09,True,,False,-0.009768326417704087,639287099497.4099,645593467218.3359
2025-10-10,WMT,2025-10-10,2025-10-09,True,,False,0.0006878254888473823,812725785821.76,812167156550.2799
2025-10-13,AAPL,2025-10-13,2025-10-10,True,,False,0.009744363354670327,3675370987400.0,3639902455300.0
2025-10-13,AMGN,2025-10-13,2025-10-10,False,tradability_policy,False,0.007841312515079357,157419697041.655,156194923830.63
2025-10-13,AXP,2025-10-13,2025-10-10,True,,False,0.021691013722886288,224853465188.24,220079713111.02
2025-10-13,BA,2025-10-13,2025-10-10,False,tradability_policy,False,0.022920324585963048,162997352734.2,159345111067.35
2025-10-13,CAT,2025-10-13,2025-10-10,True,,False,0.02739670262568694,236469421173.48,230163694869.9
2025-10-13,CRM,2025-10-13,2025-10-10,True,,False,0.029253558424362724,237805000000.0,231046080000.0
2025-10-13,CSCO,2025-10-13,2025-10-10,True,,False,-0.007065057403591424,267141477222.8,269042276349.19998
2025-10-13,CVX,2025-10-13,2025-10-10,True,,False,0.020416386836803246,262550857729.44,257297766986.40002
2025-10-13,DIS,2025-10-13,2025-10-10,False,tradability_policy,False,0.009891015660774771,198258163764.91,196316395225.27
2025-10-13,GS,2025-10-13,2025-10-10,True,,False,0.02933172850489285,238174900763.75998,231387893881.12
2025-10-13,HD,2025-10-13,2025-10-10,True,,False,0.009634065202927422,377445829669.45,373844190363.75
2025-10-13,HON,2025-10-13,2025-10-10,False,tradability_policy,False,0.009954706087302867,63670806249.0245,63043229429.261795
2025-10-13,IBM,2025-10-13,2025-10-10,True,,False,-0.0021596717298969503,258235764267.24002,258794675812.44
2025-10-13,JNJ,2025-10-13,2025-10-10,True,,False,0.0009437919463086697,459751890664.8,459318389667.84
2025-10-13,JPM,2025-10-13,2025-10-10,True,,False,0.023530193758516615,846841694416.3801,827373437130.0599
2025-10-13,KO,2025-10-13,2025-10-10,True,,False,-0.0035799522673032325,287484972433.6,288517852574.08
2025-10-13,MCD,2025-10-13,2025-10-10,True,,False,0.01043735901148124,214159826687.74002,211947652942.34
2025-10-13,MMM,2025-10-13,2025-10-10,False,tradability_policy,False,0.015798319327731125,80480347972.2,79228668172.5
2025-10-13,MRK,2025-10-13,2025-10-10,False,tradability_policy,False,-0.003372485172694395,214060021182.7,214784378313.88998
2025-10-13,MSFT,2025-10-13,2025-10-10,True,,False,0.006047440112728841,3821019177124.9497,3798050693013.84
2025-10-13,NKE,2025-10-13,2025-10-10,False,tradability_policy,False,0.03311867525298973,99513757290.95999,96323645748.24
2025-10-13,PG,2025-10-13,2025-10-10,True,,False,-0.014697040550470941,345476370765.12,350629588038.72
2025-10-13,TRV,2025-10-13,2025-10-10,False,tradability_policy,False,0.0009625351695541351,60871687929.58,60813153130.92
2025-10-13,UNH,2025-10-13,2025-10-10,True,,False,0.011734837799717956,324828902342.5,321061300062.5
2025-10-13,V,2025-10-13,2025-10-10,True,,False,-0.0010184781027207102,638635999585.22,639287099497.4099
2025-10-13,WMT,2025-10-13,2025-10-10,True,,False,0.00274941084053415,814960302907.68,812725785821.76
2025-10-14,AAPL,2025-10-14,2025-10-13,True,,False,0.0004441573124445153,3677003430300.0,3675370987400.0
2025-10-14,AMGN,2025-10-14,2025-10-13,False,tradability_policy,False,0.0049417759614236445,158197629916.35,157419697041.655
2025-10-14,AXP,2025-10-14,2025-10-13,True,,False,0.030112651646447164,231624399256.95,224853465188.24
2025-10-14,BA,2025-10-14,2025-10-13,False,tradability_policy,False,-0.00584524030432354,162044594038.5,162997352734.2
2025-10-14,CAT,2025-10-14,2025-10-13,True,,False,0.044991679213883806,247108577514.81,236469421173.48
2025-10-14,CRM,2025-10-14,2025-10-13,True,,False,-0.036100502512562804,229220120000.0,237805000000.0
2025-10-14,CSCO,2025-10-14,2025-10-13,True,,False,0.017788319003854136,271893475038.8,267141477222.8
2025-10-14,CVX,2025-10-14,2025-10-13,True,,False,0.002961695406081377,263328453398.63998,262550857729.44
2025-10-14,DIS,2025-10-14,2025-10-13,False,tradability_policy,False,0.008161784710256637,199876304214.61002,198258163764.91
2025-10-14,GS,2025-10-14,2025-10-13,True,,False,-0.020361473347060177,233325308869.91998,238174900763.75998
2025-10-14,HD,2025-10-14,2025-10-13,True,,False,0.022010174763423596,385753478344.2,377445829669.45
2025-10-14,HON,2025-10-14,2025-10-13,False,tradability_policy,False,0.028091271992509048,65459400185.34819,63670806249.0245
2025-10-14,IBM,2025-10-14,2025-10-13,True,,False,-0.00385975037876074,257239038678.3,258235764267.24002
2025-10-14,JNJ,2025-10-14,2025-10-13,True,,False,-0.0002619172341540299,459631473721.2,459751890664.8
2025-10-14,JPM,2025-10-14,2025-10-13,True,,False,-0.01912523947137723,830645644216.32,846841694416.3801
2025-10-14,KO,2025-10-14,2025-10-13,True,,False,0.010628742514970257,290540576182.52,287484972433.6
2025-10-14,MCD,2025-10-14,2025-10-13,True,,False,0.014827896437972665,217335366419.04,214159826687.74002
2025-10-14,MMM,2025-10-14,2025-10-13,False,tradability_policy,False,0.009463931171409756,81242008446.06,80480347972.2
2025-10-14,MRK,2025-10-14,2025-10-13,False,tradability_policy,False,-0.011668611435239229,211562237971.7,214060021182.7
2025-10-14,MSFT,2025-10-14,2025-10-13,True,,False,-0.0009337613072656348,3817451257263.0303,3821019177124.9497
2025-10-14,NKE,2025-10-14,2025-10-13,False,tradability_policy,False,0.003858711783912172,99897752198.88,99513757290.95999
2025-10-14,PG,2025-10-14,2025-10-13,True,,False,0.011322801545867511,349388131150.08,345476370765.12
2025-10-14,TRV,2025-10-14,2025-10-13,False,tradability_policy,False,0.019454101634736265,62055891933.24,60871687929.58
2025-10-14,UNH,2025-10-14,2025-10-13,True,,False,0.0035409580103717975,325979107846.25,324828902342.5
2025-10-14,V,2025-10-14,2025-10-13,True,,False,0.01479755316050091,648086249739.292,638635999585.22
2025-10-14,WMT,2025-10-14,2025-10-13,True,,False,0.04984332158245186,855580631362.44,814960302907.68
2025-10-15,AAPL,2025-10-15,2025-10-14,True,,False,0.006336521774226167,3700302842600.0,3677003430300.0
2025-10-15,AMGN,2025-10-15,2025-10-14,False,tradability_policy,False,0.01180874595882253,160065745539.32,158197629916.35
2025-10-15,AXP,2025-10-15,2025-10-14,True,,False,-0.006579540333483513,230100417179.82,231624399256.95
2025-10-15,BA,2025-10-15,2025-10-14,False,tradability_policy,False,-0.0013999066728884735,161817746730.0,162044594038.5
2025-10-15,CAT,2025-10-15,2025-10-14,True,,False,0.012474643107664773,250191168828.15,247108577514.81
2025-10-15,CRM,2025-10-15,2025-10-14,True,,False,-0.013304416732702218,226170480000.0,229220120000.0
2025-10-15,CSCO,2025-10-15,2025-10-14,True,,False,0.012525487911447808,275299073473.6,271893475038.8
2025-10-15,CVX,2025-10-15,2025-10-14,True,,False,-0.0018373909049148596,262844616093.36002,263328453398.63998
2025-10-15,DIS,2025-10-15,2025-10-14,False,tradability_policy,False,0.004857425564450679,200847188484.43,199876304214.61002
2025-10-15,GS,2025-10-15,2025-10-14,True,,False,-0.0036717006590898382,232468608179.56,233325308869.91998
2025-10-15,HD,2025-10-15,2025-10-14,True,,False,0.001495924894253653,386330536575.5,385753478344.2
2025-10-15,HON,2025-10-15,2025-10-14,False,tradability_policy,False,-0.029289104069795346,63542153000.973145,65459400185.34819
2025-10-15,IBM,2025-10-15,2025-10-14,True,,False,0.016657613615788547,261524027191.5,257239038678.3
2025-10-15,JNJ,2025-10-15,2025-10-14,True,,False,0.0016767094576892738,460402142160.24,459631473721.2
2025-10-15,JPM,2025-10-15,2025-10-14,True,,False,0.011950476694915224,840572255629.26,830645644216.32
2025-10-15,KO,2025-10-15,2025-10-14,True,,False,-0.006369426751592466,288689999264.16,290540576182.52
2025-10-15,MCD,2025-10-15,2025-10-14,True,,False,0.002265563435776219,217827753478.5,217335366419.04
2025-10-15,MMM,2025-10-15,2025-10-14,False,tradability_policy,False,0.006162722087458272,81742680365.94,81242008446.06
2025-10-15,MRK,2025-10-15,2025-10-14,False,tradability_policy,False,-0.006965761511216084,210088545877.21,211562237971.7
2025-10-15,MSFT,2025-10-15,2025-10-14,True,,False,-0.00027260159277231466,3816410613969.9697,3817451257263.0303
2025-10-15,NKE,2025-10-15,2025-10-14,False,tradability_policy,False,0.012123004139562354,101108813062.31999,99897752198.88
2025-10-15,PG,2025-10-15,2025-10-14,True,,False,-0.011665325824617878,345312404760.95996,349388131150.08
2025-10-15,TRV,2025-10-15,2025-10-14,False,tradability_policy,False,-0.02245682774633584,60662313457.45,62055891933.24
2025-10-15,UNH,2025-10-15,2025-10-14,True,,False,0.0033895479676602225,327084029668.75,325979107846.25
2025-10-15,V,2025-10-15,2025-10-14,True,,False,-0.007721453585165627,643082081842.746,648086249739.292
2025-10-15,WMT,2025-10-15,2025-10-14,True,,False,0.016976028355564,870104992420.92,855580631362.44
2025-10-16,AAPL,2025-10-16,2025-10-15,True,,False,-0.007580011229646355,3672254505500.0,3700302842600.0
2025-10-16,AMGN,2025-10-16,2025-10-15,False,tradability_policy,False,-0.005078703080855562,159252819144.31,160065745539.32
2025-10-16,AXP,2025-10-16,2025-10-15,True,,False,-0.022802879090304318,224853465188.24,230100417179.82
2025-10-16,BA,2025-10-16,2025-10-15,False,tradability_policy,False,-0.009859813084112212,160222253993.55,161817746730.0
2025-10-16,CAT,2025-10-16,2025-10-15,True,,False,0.012938863402303324,253428358186.08002,250191168828.15
2025-10-16,CRM,2025-10-16,2025-10-15,True,,False,0.039817397920365094,235176000000.0,226170480000.0
2025-10-16,CSCO,2025-10-16,2025-10-15,True,,False,-0.006185270425776657,273596274256.2,275299073473.6
2025-10-16,CVX,2025-10-16,2025-10-15,True,,False,-0.002629675892446337,262153419942.96002,262844616093.36002
2025-10-16,DIS,2025-10-16,2025-10-15,False,tradability_policy,False,-0.01638170262286276,197556969570.03998,200847188484.43
2025-10-16,GS,2025-10-16,2025-10-15,True,,False,-0.012813667912439874,229489832634.28,232468608179.56
2025-10-16,HD,2025-10-16,2025-10-15,True,,False,-0.0023435488024723394,385425152109.14996,386330536575.5
2025-10-16,HON,2025-10-16,2025-10-15,False,tradability_policy,False,0.003308641975308557,63752391235.59364,63542153000.973145
2025-10-16,IBM,2025-10-16,2025-10-15,True,,False,-0.01702582368655381,257071365214.74002,261524027191.5
2025-10-16,JNJ,2025-10-16,2025-10-15,True,,False,0.004969398964272731,462690064088.64,460402142160.24
2025-10-16,JPM,2025-10-16,2025-10-15,True,,False,-0.02338970852824751,820911515573.16,840572255629.26
2025-10-16,KO,2025-10-16,2025-10-15,True,,False,0.007602862254025178,290884869562.68,288689999264.16
2025-10-16,MCD,2025-10-16,2025-10-15,True,,False,0.0002620802620802998,217884841833.22,217827753478.5
2025-10-16,MMM,2025-10-16,2025-10-15,False,tradability_policy,False,-0.01342281879194629,80645463179.81999,81742680365.94
2025-10-16,MRK,2025-10-16,2025-10-15,False,tradability_policy,False,-0.002258946617524682,209613967067.12,210088545877.21
2025-10-16,MSFT,2025-10-16,2025-10-15,True,,False,-0.0035447870206258836,3802882251160.19,3816410613969.9697
2025-10-16,NKE,2025-10-16,2025-10-15,False,tradability_policy,False,-0.023663453111305688,98716229405.28,101108813062.31999
2025-10-16,PG,2025-10-16,2025-10-15,True,,False,0.014787681454348167,350418774604.8,345312404760.95996
2025-10-16,TRV,2025-10-16,2025-10-15,False,tradability_policy,False,-0.029244757840044544,58888258790.369995,60662313457.45
2025-10-16,UNH,2025-10-16,2025-10-15,True,,False,-0.012404817942683,323026611828.75,327084029668.75
2025-10-16,V,2025-10-16,2025-10-15,True,,False,-0.029766553848824095,623939744424.3599,643082081842.746
2025-10-16,WMT,2025-10-16,2025-10-15,True,,False,-0.02347977620838304,849675121921.08,870104992420.92
2025-10-17,AAPL,2025-10-17,2025-10-16,True,,False,0.0195595069711052,3744081993100.0,3672254505500.0
2025-10-17,AMGN,2025-10-17,2025-10-16,False,tradability_policy,False,0.010141644974814845,160867904697.31,159252819144.31
2025-10-17,AXP,2025-10-17,2025-10-16,True,,False,0.0727283981183462,241206697522.74,224853465188.24
2025-10-17,BA,2025-10-17,2025-10-16,False,tradability_policy,False,0.0049554013875123815,161016219573.3,160222253993.55
2025-10-17,CAT,2025-10-17,2025-10-16,True,,False,-0.02565808932268554,246925870734.84003,253428358186.08002
2025-10-17,CRM,2025-10-17,2025-10-16,True,,False,-0.011869918699186965,232384480000.0,235176000000.0
2025-10-17,CSCO,2025-10-17,2025-10-16,True,,False,0.015052829642495213,277714672363.39996,273596274256.2
2025-10-17,CVX,2025-10-17,2025-10-16,True,,False,0.009030386922417755,264520766758.08002,262153419942.96002
2025-10-17,DIS,2025-10-17,2025-10-16,False,tradability_policy,False,0.007189661448853357,198977337298.11002,197556969570.03998
2025-10-17,GS,2025-10-17,2025-10-16,True,,False,-0.009655845611998615,227273914240.84,229489832634.28
2025-10-17,HD,2025-10-17,2025-10-16,True,,False,0.011642014507343923,389912277321.5,385425152109.14996
2025-10-17,HON,2025-10-17,2025-10-16,False,tradability_policy,False,-0.0010336171678888562,63686495669.51857,63752391235.59364
2025-10-17,IBM,2025-10-17,2025-10-16,True,,False,0.019241221871942438,262017732389.75998,257071365214.74002
2025-10-17,JNJ,2025-10-17,2025-10-16,True,,False,0.005725588174057883,465339236847.84,462690064088.64
2025-10-17,JPM,2025-10-17,2025-10-16,True,,False,-0.0032826421920011395,818216756796.24,820911515573.16
2025-10-17,KO,2025-10-17,2025-10-16,True,,False,0.0125758248261576,294542986726.88,290884869562.68
2025-10-17,MCD,2025-10-17,2025-10-16,True,,False,0.009039399993449715,219854390071.05997,217884841833.22
2025-10-17,MMM,2025-10-17,2025-10-16,False,tradability_policy,False,0.008123637804636319,81300597713.28,80645463179.81999
2025-10-17,MRK,2025-10-17,2025-10-16,False,tradability_policy,False,0.010367016205910407,211787038460.69,209613967067.12
2025-10-17,MSFT,2025-10-17,2025-10-16,True,,False,0.0038505893160807325,3817525588926.8203,3802882251160.19
2025-10-17,NKE,2025-10-17,2025-10-16,False,tradability_policy,False,0.007929383602633067,99498988256.04001,98716229405.28
2025-10-17,PG,2025-10-17,2025-10-16,True,,False,0.012032085561497485,354635043283.2,350418774604.8
2025-10-17,TRV,2025-10-17,2025-10-16,False,tradability_policy,False,0.0016821500936652356,58987317680.409996,58888258790.369995
2025-10-17,UNH,2025-10-17,2025-10-16,True,,False,-0.00019625984803883778,322963214675.0,323026611828.75
2025-10-17,V,2025-10-17,2025-10-16,True,,False,0.019350029815146108,636012997081.8259,623939744424.3599
2025-10-17,WMT,2025-10-17,2025-10-16,True,,False,0.01183431952662728,859730448807.7201,849675121921.08
2025-10-20,AAPL,2025-10-20,2025-10-17,True,,False,0.03943874113123802,3891743873600.0,3744081993100.0
2025-10-20,AMGN,2025-10-20,2025-10-17,False,tradability_policy,False,0.015126669120846037,163301300263.83,160867904697.31
2025-10-20,AXP,2025-10-20,2025-10-17,True,,False,0.008251110726444022,243196920691.96002,241206697522.74
2025-10-20,BA,2025-10-20,2025-10-17,False,tradability_policy,False,0.01822109514417214,163950111429.9,161016219573.3
2025-10-20,CAT,2025-10-20,2025-10-17,True,,False,0.010643545571829671,248846634319.13998,246925870734.84003
2025-10-20,CRM,2025-10-20,2025-10-17,True,,False,0.04607536613460583,243091680000.0,232384480000.0
2025-10-20,CSCO,2025-10-20,2025-10-17,True,,False,0.00741480108370185,279773871417.0,277714672363.39996
2025-10-20,CVX,2025-10-20,2025-10-17,True,,False,0.009145544813169426,266939953284.47998,264520766758.08002
2025-10-20,DIS,2025-10-20,2025-10-17,False,tradability_policy,False,0.011656275413391093,201296671942.68,198977337298.11002
2025-10-20,GS,2025-10-20,2025-10-17,True,,False,0.016716171397365365,231073063945.44,227273914240.84
2025-10-20,HD,2025-10-20,2025-10-17,True,,False,-0.007680530747639636,386917544086.64996,389912277321.5
2025-10-20,HON,2025-10-20,2025-10-17,False,tradability_policy,False,0.015126133228222205,64649826087.85431,63686495669.51857
2025-10-20,IBM,2025-10-20,2025-10-17,True,,False,0.0084257679180888,264225432993.3,262017732389.75998
2025-10-20,JNJ,2025-10-20,2025-10-17,True,,False,0.0025877238381120105,466543406283.84,465339236847.84
2025-10-20,JPM,2025-10-20,2025-10-17,True,,False,0.01613120043016547,831415575295.4401,818216756796.24
2025-10-20,KO,2025-10-20,2025-10-17,True,,False,0.0,294542986726.88,294542986726.88
2025-10-20,MCD,2025-10-20,2025-10-17,True,,False,-0.0010386575351357674,219626036652.18,219854390071.05997
2025-10-20,MMM,2025-10-20,2025-10-17,False,tradability_policy,False,0.01401991614255782,82440425275.56,81300597713.28
2025-10-20,MRK,2025-10-20,2025-10-17,False,tradability_policy,False,0.018044580728859394,215608646773.52,211787038460.69
2025-10-20,MSFT,2025-10-20,2025-10-17,True,,False,0.0062502433895399445,3841386053003.4097,3817525588926.8203
2025-10-20,NKE,2025-10-20,2025-10-17,False,tradability_policy,False,0.0037108505269407566,99868214129.04001,99498988256.04001
2025-10-20,PG,2025-10-20,2025-10-17,True,,False,0.00369881109643333,355946771316.48004,354635043283.2
2025-10-20,TRV,2025-10-20,2025-10-17,False,tradability_policy,False,0.012365940231289008,59716751325.25,58987317680.409996
2025-10-20,UNH,2025-10-20,2025-10-17,True,,False,0.022097588334268004,330099922840.0,322963214675.0
2025-10-20,V,2025-10-20,2025-10-17,True,,False,0.007370791775132446,640700916449.594,636012997081.8259
2025-10-20,WMT,2025-10-20,2025-10-17,True,,False,-0.006312076487515195,854303764456.2,859730448807.7201
2025-10-21,AAPL,2025-10-21,2025-10-20,True,,False,0.0020210494203782847,3899609280299.9995,3891743873600.0
2025-10-21,AMGN,2025-10-21,2025-10-20,False,tradability_policy,False,-0.007219859558896258,162122287810.13998,163301300263.83
2025-10-21,AXP,2025-10-21,2025-10-20,True,,False,0.016424401968639035,247191284674.94003,243196920691.96002
2025-10-21,BA,2025-10-21,2025-10-20,False,tradability_policy,False,0.0020293330873535353,164282820815.69998,163950111429.9
2025-10-21,CAT,2025-10-21,2025-10-20,True,,False,-0.012293384540080554,245787466951.94998,248846634319.13998
2025-10-21,CRM,2025-10-21,2025-10-20,True,,False,0.03590530124272462,251819960000.00003,243091680000.0
2025-10-21,CSCO,2025-10-21,2025-10-20,True,,False,0.0009907997169142924,280051071289.6,279773871417.0
2025-10-21,CVX,2025-10-21,2025-10-20,True,,False,-0.004466597617814538,265747639925.03998,266939953284.47998
2025-10-21,DIS,2025-10-21,2025-10-20,False,tradability_policy,False,0.020900321543408484,205503837111.9,201296671942.68
2025-10-21,GS,2025-10-21,2025-10-20,True,,False,-0.005685688832992808,229759254406.16,231073063945.44
2025-10-21,HD,2025-10-21,2025-10-20,True,,False,0.005168556661266699,388917349336.5,386917544086.64996
2025-10-21,HON,2025-10-21,2025-10-20,False,tradability_policy,False,0.014803669368538719,65606880737.99243,64649826087.85431
2025-10-21,IBM,2025-10-21,2025-10-20,True,,False,-0.005640754450907726,262735002206.1,264225432993.3
2025-10-21,JNJ,2025-10-21,2025-10-20,True,,False,-0.009498244889531327,462112062759.36,466543406283.84
2025-10-21,JPM,2025-10-21,2025-10-20,True,,False,-0.01742955417383263,816924372484.86,831415575295.4401
2025-10-21,KO,2025-10-21,2025-10-20,True,,False,0.0406195207481006,306507181687.44,294542986726.88
2025-10-21,MCD,2025-10-21,2025-10-20,True,,False,-0.0009422620788249736,219419091366.32,219626036652.18
2025-10-21,MMM,2025-10-21,2025-10-20,False,tradability_policy,False,0.07662488693629665,88757413541.28,82440425275.56
2025-10-21,MRK,2025-10-21,2025-10-20,False,tradability_policy,False,0.015060240963855609,218855764947.82,215608646773.52
2025-10-21,MSFT,2025-10-21,2025-10-20,True,,False,0.0016834691073743802,3847852907753.1396,3841386053003.4097
2025-10-21,NKE,2025-10-21,2025-10-20,False,tradability_policy,False,0.010943507837917643,100961122713.12,99868214129.04001
2025-10-21,PG,2025-10-21,2025-10-20,True,,False,-0.0022374309028692085,355150365010.56,355946771316.48004
2025-10-21,TRV,2025-10-21,2025-10-20,False,tradability_policy,False,0.01541941564561733,60637548734.939995,59716751325.25
2025-10-21,UNH,2025-10-21,2025-10-20,True,,False,0.002441834942932264,330905972366.25,330099922840.0
2025-10-21,V,2025-10-21,2025-10-20,True,,False,0.00812984524258864,645909715747.1139,640700916449.594
2025-10-21,WMT,2025-10-21,2025-10-20,True,,False,-0.007753386268098961,847680017380.08,854303764456.2
2025-10-22,AAPL,2025-10-22,2025-10-21,True,,False,-0.016440232903299434,3835498795500.0,3899609280299.9995
2025-10-22,AMGN,2025-10-22,2025-10-21,False,tradability_policy,False,-0.01713488742777436,159344340658.98,162122287810.13998
2025-10-22,AXP,2025-10-22,2025-10-21,True,,False,-0.009064804909633573,244950543904.0,247191284674.94003
2025-10-22,BA,2025-10-22,2025-10-21,False,tradability_policy,False,-0.0030838626530423907,163776195160.05,164282820815.69998
2025-10-22,CAT,2025-10-22,2025-10-21,True,,False,-0.02047079005050989,240756003318.93,245787466951.94998
2025-10-22,CRM,2025-10-22,2025-10-21,True,,False,-0.025701378079799664,245347840000.0,251819960000.00003
2025-10-22,CSCO,2025-10-22,2025-10-21,True,,False,-0.0008484162895927572,279813471398.8,280051071289.6
2025-10-22,CVX,2025-10-22,2025-10-21,True,,False,0.011574224591976101,268823462794.31998,265747639925.03998
2025-10-22,DIS,2025-10-22,2025-10-21,False,tradability_policy,False,-0.010673665791775977,203310357835.63998,205503837111.9
2025-10-22,GS,2025-10-22,2025-10-21,True,,False,-0.018946480803183174,225406125103.2,229759254406.16
2025-10-22,HD,2025-10-22,2025-10-21,True,,False,-0.004937324123816755,386997138325.45,388917349336.5
2025-10-22,HON,2025-10-22,2025-10-21,False,tradability_policy,False,-0.011813659843122215,64831823365.585495,65606880737.99243
2025-10-22,IBM,2025-10-22,2025-10-21,True,,False,0.019358269810317186,267821097267.41998,262735002206.1
2025-10-22,JNJ,2025-10-22,2025-10-21,True,,False,0.005524286012090984,464664901963.68,462112062759.36
2025-10-22,JPM,2025-10-22,2025-10-21,True,,False,-0.010030630448685462,808730105999.9401,816924372484.86
2025-10-22,KO,2025-10-22,2025-10-21,True,,False,-0.005756809884863712,304742678114.12,306507181687.44
2025-10-22,MCD,2025-10-22,2025-10-21,True,,False,0.0085534018472746,221295871027.74002,219419091366.32
2025-10-22,MMM,2025-10-22,2025-10-21,False,tradability_policy,False,0.003540566490638497,89071665065.45999,88757413541.28
2025-10-22,MRK,2025-10-22,2025-10-21,False,tradability_policy,False,-0.0001141291942479139,218830787115.71,218855764947.82
2025-10-22,MSFT,2025-10-22,2025-10-21,True,,False,0.005563497276204421,3869260426924.6597,3847852907753.1396
2025-10-22,NKE,2025-10-22,2025-10-21,False,tradability_policy,False,0.010532475131656005,102024493227.36,100961122713.12
2025-10-22,PG,2025-10-22,2025-10-21,True,,False,0.0038253528558236383,356508940473.6,355150365010.56
2025-10-22,TRV,2025-10-22,2025-10-21,False,tradability_policy,False,-0.0031558624786514056,60446184970.090004,60637548734.939995
2025-10-22,UNH,2025-10-22,2025-10-21,True,,False,-0.010619372143306771,327391958701.25,330905972366.25
2025-10-22,V,2025-10-22,2025-10-21,True,,False,-0.0053281875522017685,642468187639.824,645909715747.1139
2025-10-22,WMT,2025-10-22,2025-10-21,True,,False,0.008661269064206278,855022002090.96,847680017380.08
2025-10-23,AAPL,2025-10-23,2025-10-22,True,,False,0.0043722189978718795,3852268436200.0,3835498795500.0
2025-10-23,AMGN,2025-10-23,2025-10-22,False,tradability_policy,False,-0.010439894587472187,157680802539.38998,159344340658.98
2025-10-23,AXP,2025-10-23,2025-10-22,True,,False,0.008323863636363615,246989478829.11002,244950543904.0
2025-10-23,BA,2025-10-23,2025-10-22,False,tradability_policy,False,0.005448081628883994,164668461240.15,163776195160.05
2025-10-23,CAT,2025-10-23,2025-10-22,True,,False,0.01282325699052378,243843279421.5,240756003318.93
2025-10-23,CRM,2025-10-23,2025-10-22,True,,False,-0.006195448877805432,243827800000.0,245347840000.0
2025-10-23,CSCO,2025-10-23,2025-10-22,True,,False,-0.005519388621568089,278269072108.6,279813471398.8
2025-10-23,CVX,2025-10-23,2025-10-22,True,,False,0.0063636947997687265,270534173266.56,268823462794.31998
2025-10-23,DIS,2025-10-23,2025-10-22,False,tradability_policy,False,-0.0004421648390520172,203220461143.99,203310357835.63998
2025-10-23,GS,2025-10-23,2025-10-22,True,,False,0.00829975825946816,227276941451.75998,225406125103.2
2025-10-23,HD,2025-10-23,2025-10-22,True,,False,-0.010129315885543999,383077122064.55,386997138325.45
2025-10-23,HON,2025-10-23,2025-10-22,False,tradability_policy,False,0.06805091718697054,69243688408.51726,64831823365.585495
2025-10-23,IBM,2025-10-23,2025-10-22,True,,False,-0.008730131125873841,265482983970.0,267821097267.41998
2025-10-23,JNJ,2025-10-23,2025-10-22,True,,False,-0.002435990463356519,463532982693.84,464664901963.68
2025-10-23,JPM,2025-10-23,2025-10-22,True,,False,0.001462038012988387,809912500157.16,808730105999.9401
2025-10-23,KO,2025-10-23,2025-10-22,True,,False,-0.01228640022595684,300998487604.88,304742678114.12
2025-10-23,MCD,2025-10-23,2025-10-22,True,,False,-0.010125439360226918,219055153104.98,221295871027.74002
2025-10-23,MMM,2025-10-23,2025-10-22,False,tradability_policy,False,0.026131674938707272,91399256863.2,89071665065.45999
2025-10-23,MRK,2025-10-23,2025-10-22,False,tradability_policy,False,-0.004908115511927824,217756740334.98,218830787115.71
2025-10-23,MSFT,2025-10-23,2025-10-22,True,,False,3.842163906697671e-05,3869409090252.2397,3869260426924.6597
2025-10-23,NKE,2025-10-23,2025-10-22,False,tradability_policy,False,0.008685581933989717,102910635322.56001,102024493227.36
2025-10-23,PG,2025-10-23,2025-10-22,True,,False,6.57030223392141e-05,356532364188.48004,356508940473.6
2025-10-23,TRV,2025-10-23,2025-10-22,False,tradability_policy,False,0.0022719654363292374,60583516613.100006,60446184970.090004
2025-10-23,UNH,2025-10-23,2025-10-22,True,,False,-0.0028769813826109436,326450058131.25,327391958701.25
2025-10-23,V,2025-10-23,2025-10-22,True,,False,0.0017373175816537412,643584358917.8639,642468187639.824
2025-10-23,WMT,2025-10-23,2025-10-22,True,,False,-0.0026134030240806405,852787485005.04,855022002090.96
2025-10-24,AAPL,2025-10-24,2025-10-23,True,,False,0.012481701209646312,3900351299800.0,3852268436200.0
2025-10-24,AMGN,2025-10-24,2025-10-23,False,tradability_policy,False,-0.003858103724947881,157072453647.76,157680802539.38998
2025-10-24,AXP,2025-10-24,2025-10-23,True,,False,0.00740991181359707,248819649086.12,246989478829.11002
2025-10-24,BA,2025-10-24,2025-10-23,False,tradability_policy,False,0.016439362630297882,167375505788.25,164668461240.15
2025-10-24,CAT,2025-10-24,2025-10-23,True,,False,0.004284341978866513,244887987419.79,243843279421.5
2025-10-24,CRM,2025-10-24,2025-10-23,True,,False,-0.0008625759654969922,243617480000.0,243827800000.0
2025-10-24,CSCO,2025-10-24,2025-10-23,True,,False,0.005123096627294821,279694671453.39996,278269072108.6
2025-10-24,CVX,2025-10-24,2025-10-23,True,,False,-0.006387327542156318,268806182890.56,270534173266.56
2025-10-24,DIS,2025-10-24,2025-10-23,False,tradability_policy,False,-0.01194373175263197,200793250469.44,203220461143.99
2025-10-24,GS,2025-10-24,2025-10-23,True,,False,0.04408748235168769,237297009596.96,227276941451.75998
2025-10-24,HD,2025-10-24,2025-10-23,True,,False,0.0042853803599720575,384718753239.8,383077122064.55
2025-10-24,HON,2025-10-24,2025-10-23,False,tradability_policy,False,-0.020528390809806507,67822226911.75474,69243688408.51726
2025-10-24,IBM,2025-10-24,2025-10-23,True,,False,0.07880701754385955,286404906145.32,265482983970.0
2025-10-24,JNJ,2025-10-24,2025-10-23,True,,False,-0.010754922845118697,458547721228.8,463532982693.84
2025-10-24,JPM,2025-10-24,2025-10-23,True,,False,0.020031235146329873,826136047895.76,809912500157.16
2025-10-24,KO,2025-10-24,2025-10-23,True,,False,-0.0032885330283100034,300008644136.92,300998487604.88
2025-10-24,MCD,2025-10-24,2025-10-23,False,tradability_policy,False,-0.0038440238459784837,218213099872.86002,219055153104.98
2025-10-24,MMM,2025-10-24,2025-10-23,False,tradability_policy,False,-0.01806526806526798,89748104787.0,91399256863.2
2025-10-24,MRK,2025-10-24,2025-10-23,True,,False,0.0035558614361090868,218531053130.38998,217756740334.98
2025-10-24,MSFT,2025-10-24,2025-10-23,True,,False,0.005859074842477385,3892080247708.19,3869409090252.2397
2025-10-24,NKE,2025-10-24,2025-10-23,False,tradability_policy,False,-0.008180252583237735,102068800332.12,102910635322.56001
2025-10-24,PG,2025-10-24,2025-10-23,True,,False,0.008782602982721377,357188228205.12,356532364188.48004
2025-10-24,TRV,2025-10-24,2025-10-23,False,tradability_policy,False,0.0029357116313637466,60761372347.49,60583516613.100006
2025-10-24,UNH,2025-10-24,2025-10-23,True,,False,0.005687335275350369,328306689062.5,326450058131.25
2025-10-24,V,2025-10-24,2025-10-23,True,,False,0.004104520753844376,646225964275.892,643584358917.8639
2025-10-24,WMT,2025-10-24,2025-10-23,True,,False,-0.006457046603032035,847280996471.88,852787485005.04
2025-10-27,AAPL,2025-10-27,2025-10-24,True,,False,0.02279126398295417,3989245235900.0,3900351299800.0
2025-10-27,AMGN,2025-10-27,2025-10-24,False,tradability_policy,False,-0.00205648478201248,156749436537.16,157072453647.76
2025-10-27,AXP,2025-10-27,2025-10-24,True,,False,0.011494574337174157,251679725039.09,248819649086.12
2025-10-27,BA,2025-10-27,2025-10-24,False,tradability_policy,False,0.007454257962502764,168623165985.0,167375505788.25
2025-10-27,CAT,2025-10-27,2025-10-24,True,,False,0.008302565377919846,246921185945.61002,244887987419.79
2025-10-27,CRM,2025-10-27,2025-10-24,True,,False,0.002511478240395437,244229320000.0,243617480000.0
2025-10-27,CSCO,2025-10-27,2025-10-24,True,,False,0.010760300155741254,282218730474.67,279694671453.39996
2025-10-27,CVX,2025-10-27,2025-10-24,True,,False,-0.0017999485728978915,268322345585.28,268806182890.56
2025-10-27,DIS,2025-10-27,2025-10-24,False,tradability_policy,False,0.005909742120343786,201979886799.22,200793250469.44
2025-10-27,GS,2025-10-27,2025-10-24,True,,False,0.007794560391896743,239146635469.08002,237297009596.96
2025-10-27,HD,2025-10-27,2025-10-24,True,,False,-0.0036464259853109526,383315904780.95,384718753239.8
2025-10-27,HON,2025-10-27,2025-10-24,False,tradability_policy,False,-0.004950495049504955,67486473313.181694,67822226911.75474
2025-10-27,IBM,2025-10-27,2025-10-24,True,,False,0.018311325050412997,291649359477.77997,286404906145.32
2025-10-27,JNJ,2025-10-27,2025-10-24,True,,False,-0.0005252100840336116,458306887341.60004,458547721228.8
2025-10-27,JPM,2025-10-27,2025-10-24,True,,False,0.012348555452003751,836337634694.1,826136047895.76
2025-10-27,KO,2025-10-27,2025-10-24,True,,False,0.005020800459044628,301514927675.12,300008644136.92
2025-10-27,MCD,2025-10-27,2025-10-24,True,,False,0.013767618300140505,221217374540.0,218213099872.86002
2025-10-27,MMM,2025-10-27,2025-10-24,False,tradability_policy,False,-0.0005934718100889524,89694841816.8,89748104787.0
2025-10-27,MRK,2025-10-27,2025-10-24,False,tradability_policy,False,0.005829237627157369,219804922568.0,218531053130.38998
2025-10-27,MSFT,2025-10-27,2025-10-24,True,,False,0.015106663356314831,3950876593766.08,3892080247708.19
2025-10-27,NKE,2025-10-27,2025-10-24,False,tradability_policy,False,-0.007524236724062994,101300810516.28,102068800332.12
2025-10-27,PG,2025-10-27,2025-10-24,True,,False,-0.004918355301987032,355431449589.12,357188228205.12
2025-10-27,TRV,2025-10-27,2025-10-24,False,tradability_policy,False,0.0016673459557596804,60862682575.939995,60761372347.49
2025-10-27,UNH,2025-10-27,2025-10-24,True,,False,0.009600000000000053,331458433277.5,328306689062.5
2025-10-27,V,2025-10-27,2025-10-24,True,,False,0.001266624445851905,647044489879.788,646225964275.892
2025-10-27,WMT,2025-10-27,2025-10-24,True,,False,-0.016012056136385122,833714285593.08,847280996471.88
2025-10-28,AAPL,2025-10-28,2025-10-27,True,,False,0.0007068189427477112,3992064910000.0,3989245235900.0
2025-10-28,AMGN,2025-10-28,2025-10-27,False,tradability_policy,False,0.0031941200714382667,157250113058.59,156749436537.16
2025-10-28,AXP,2025-10-28,2025-10-27,True,,False,-0.001769568944065103,251234360413.80997,251679725039.09
2025-10-28,BA,2025-10-28,2025-10-27,False,tradability_policy,False,0.0014798206278028303,168872698024.35,168623165985.0
2025-10-28,CAT,2025-10-28,2025-10-27,True,,False,-0.004932931109719818,245703140745.81,246921185945.61002
2025-10-28,CRM,2025-10-28,2025-10-27,True,,False,-0.0047363682624183,243072560000.0,244229320000.0
2025-10-28,CSCO,2025-10-28,2025-10-27,True,,False,0.017229303824064957,287081162726.86005,282218730474.67
2025-10-28,CVX,2025-10-28,2025-10-27,True,,False,-0.007405976300875916,266335156652.88,268322345585.28
2025-10-28,DIS,2025-10-28,2025-10-27,False,tradability_policy,False,-0.006142068719957261,200739312454.45,201979886799.22
2025-10-28,GS,2025-10-28,2025-10-27,True,,False,0.002658261496981007,239782349762.28,239146635469.08002
2025-10-28,HD,2025-10-28,2025-10-27,True,,False,0.0012458795130687594,383793470213.75,383315904780.95
2025-10-28,HON,2025-10-28,2025-10-27,False,tradability_policy,False,-0.003068768307992742,67279372962.66,67486473313.181694
2025-10-28,IBM,2025-10-28,2025-10-27,True,,False,-0.0016608642882237623,291164969471.94,291649359477.77997
2025-10-28,JNJ,2025-10-28,2025-10-27,True,,False,-0.017708880714661035,450190785342.96,458306887341.60004
2025-10-28,JPM,2025-10-28,2025-10-27,True,,False,0.003978300180832006,839664836857.4401,836337634694.1
2025-10-28,KO,2025-10-28,2025-10-27,True,,False,0.0014273479874391537,301945294400.32,301514927675.12
2025-10-28,MCD,2025-10-28,2025-10-27,True,,False,-0.011612903225806548,218648398577.59998,221217374540.0
2025-10-28,MMM,2025-10-28,2025-10-27,False,tradability_policy,False,-0.009323040380047498,88858613184.66,89694841816.8
2025-10-28,MRK,2025-10-28,2025-10-27,False,tradability_policy,False,-0.01102272727272724,217382072853.33002,219804922568.0
2025-10-28,MSFT,2025-10-28,2025-10-27,True,,False,0.01984873570138479,4029296499064.5303,3950876593766.08
2025-10-28,NKE,2025-10-28,2025-10-27,False,tradability_policy,False,-0.016912086309957663,99587602465.56001,101300810516.28
2025-10-28,PG,2025-10-28,2025-10-27,True,,False,-0.002438381441940196,354564772138.56,355431449589.12
2025-10-28,TRV,2025-10-28,2025-10-27,False,tradability_policy,False,-0.008174890878153374,60365136787.33,60862682575.939995
2025-10-28,UNH,2025-10-28,2025-10-27,True,,False,0.005082244931416957,333142986220.0,331458433277.5
2025-10-28,V,2025-10-28,2025-10-27,True,,False,-0.0026450462883100823,645333027253.46,647044489879.788
2025-10-28,WMT,2025-10-28,2025-10-27,True,,False,-0.012443763759931059,823339741979.88,833714285593.08
2025-10-29,AAPL,2025-10-29,2025-10-28,True,,False,0.0026022304832713505,4002453183000.0,3992064910000.0
2025-10-29,AMGN,2025-10-29,2025-10-28,False,tradability_policy,False,-0.001095552740593586,157077837266.27,157250113058.59
2025-10-29,AXP,2025-10-29,2025-10-28,True,,False,-0.007783286707475634,249278931355.94003,251234360413.80997
2025-10-29,BA,2025-10-29,2025-10-28,False,tradability_policy,False,-0.0436573680204182,161500160498.1,168872698024.35
2025-10-29,CAT,2025-10-29,2025-10-28,True,,False,0.11634602551146878,274289724627.27,245703140745.81
2025-10-29,CRM,2025-10-29,2025-10-28,True,,False,-0.011012349563438883,240395760000.0,243072560000.0
2025-10-29,CSCO,2025-10-29,2025-10-28,True,,False,-0.017763701459653114,281981538657.49,287081162726.86005
2025-10-29,CVX,2025-10-29,2025-10-28,True,,False,0.006293388697852453,268011307317.59998,266335156652.88
2025-10-29,DIS,2025-10-29,2025-10-28,False,tradability_policy,False,-0.012628750559785185,198204225749.91998,200739312454.45
2025-10-29,GS,2025-10-29,2025-10-28,True,,False,-0.011400219672007106,237048778301.52,239782349762.28
2025-10-29,HD,2025-10-29,2025-10-28,True,,False,-0.01998703823720016,376122575449.4,383793470213.75
2025-10-29,HON,2025-10-29,2025-10-28,False,tradability_policy,False,-0.007089221584814176,66802414579.64036,67279372962.66
2025-10-29,IBM,2025-10-29,2025-10-28,True,,False,-0.013948875451898823,287103545576.82,291164969471.94
2025-10-29,JNJ,2025-10-29,2025-10-28,True,,False,-0.001765366714813088,449396033515.2,450190785342.96
2025-10-29,JPM,2025-10-29,2025-10-28,True,,False,0.0004912234739322674,840077299935.5399,839664836857.4401
2025-10-29,KO,2025-10-29,2025-10-28,True,,False,-0.025798175598631734,294155656674.19995,301945294400.32
2025-10-29,MCD,2025-10-29,2025-10-28,False,tradability_policy,False,-0.013218015665796168,215758300619.90002,218648398577.59998
2025-10-29,MMM,2025-10-29,2025-10-28,False,tradability_policy,False,-0.013187076664868513,87686827840.26,88858613184.66
2025-10-29,MRK,2025-10-29,2025-10-28,True,,False,-0.005170630816959676,216258070408.38,217382072853.33002
2025-10-29,MSFT,2025-10-29,2025-10-28,True,,False,-0.0009592857011089251,4025431252547.4497,4029296499064.5303
2025-10-29,NKE,2025-10-29,2025-10-28,False,tradability_policy,False,-0.030846804093133784,96515643202.2,99587602465.56001
2025-10-29,PG,2025-10-29,2025-10-28,True,,False,-0.01717645504393206,348474606269.76,354564772138.56
2025-10-29,TRV,2025-10-29,2025-10-28,False,tradability_policy,False,-0.0008204975198596864,60315607342.310005,60365136787.33
2025-10-29,UNH,2025-10-29,2025-10-28,True,,False,-0.03419965202261854,321749612017.5,333142986220.0
2025-10-29,V,2025-10-29,2025-10-28,True,,False,-0.01620063418852702,634878222949.1519,645333027253.46
2025-10-29,WMT,2025-10-29,2025-10-28,True,,False,-0.006881845497722305,817673645083.44,823339741979.88
2025-10-30,AAPL,2025-10-30,2025-10-29,True,,False,0.006303299962921782,4027681845999.9995,4002453183000.0
2025-10-30,AMGN,2025-10-30,2025-10-29,False,tradability_policy,False,0.0007882921479247518,157201660492.0,157077837266.27
2025-10-30,AXP,2025-10-30,2025-10-29,True,,False,0.0018424431913348638,249738213625.76,249278931355.94003
2025-10-30,BA,2025-10-30,2025-10-29,False,tradability_policy,False,-0.06320816555857289,151292031615.6,161500160498.1
2025-10-30,CAT,2025-10-30,2025-10-29,True,,False,-0.003996652376641818,273193483947.44998,274289724627.27
2025-10-30,CRM,2025-10-30,2025-10-29,True,,False,0.020639465521355094,245357399999.99997,240395760000.0
2025-10-30,CSCO,2025-10-30,2025-10-29,True,,False,0.022150567783541186,288227589843.23,281981538657.49
2025-10-30,CVX,2025-10-30,2025-10-29,True,,False,-0.010186976144422877,265281082523.52002,268011307317.59998
2025-10-30,DIS,2025-10-30,2025-10-29,False,tradability_policy,False,0.014513788098693858,201080919882.72,198204225749.91998
2025-10-30,GS,2025-10-30,2025-10-29,True,,False,0.009066993589252448,239198098054.72,237048778301.52
2025-10-30,HD,2025-10-30,2025-10-29,True,,False,0.003994286318907969,377624916706.75,376122575449.4
2025-10-30,HON,2025-10-30,2025-10-29,False,tradability_policy,False,-0.0026928930433556264,66622522822.13949,66802414579.64036
2025-10-30,IBM,2025-10-30,2025-10-29,True,,False,0.006002400960384291,288826856174.52,287103545576.82
2025-10-30,JNJ,2025-10-30,2025-10-29,True,,False,0.01312968917470525,455296463751.60004,449396033515.2
2025-10-30,JPM,2025-10-30,2025-10-29,True,,False,0.012863736047919794,850883832581.76,840077299935.5399
2025-10-30,KO,2025-10-30,2025-10-29,True,,False,0.009217264081931464,296866967042.96,294155656674.19995
2025-10-30,MCD,2025-10-30,2025-10-29,True,,False,0.0002645940135603819,215815388974.62,215758300619.90002
2025-10-30,MMM,2025-10-30,2025-10-29,False,tradability_policy,False,0.011055093239385139,88656213897.9,87686827840.26
2025-10-30,MRK,2025-10-30,2025-10-29,False,tradability_policy,False,-0.0034650034650034467,215508735445.08002,216258070408.38
2025-10-30,MSFT,2025-10-30,2025-10-29,True,,False,-0.02915704921059914,3908061555423.04,4025431252547.4497
2025-10-30,NKE,2025-10-30,2025-10-29,False,tradability_policy,False,-0.0068859984697779986,95851036630.8,96515643202.2
2025-10-30,PG,2025-10-30,2025-10-29,True,,False,0.005444646098003547,350371927175.04004,348474606269.76
2025-10-30,TRV,2025-10-30,2025-10-29,False,tradability_policy,False,0.01157104997947056,61013522249.409996,60315607342.310005
2025-10-30,UNH,2025-10-30,2025-10-29,True,,False,-0.029583966672296347,312230982218.75,321749612017.5
2025-10-30,V,2025-10-30,2025-10-29,True,,False,0.010988045007032321,641854293436.9019,634878222949.1519
2025-10-30,WMT,2025-10-30,2025-10-29,True,,False,-0.0022447784501268275,815838148905.7201,817673645083.44
2025-10-31,AAPL,2025-10-31,2025-10-30,True,,False,-0.0037951363301399477,4012396244300.0,4027681845999.9995
2025-10-31,AMGN,2025-10-31,2025-10-30,False,tradability_policy,False,0.022020547945205582,160663327193.93,157201660492.0
2025-10-31,AXP,2025-10-31,2025-10-30,True,,False,0.005154926437806573,251025595745.71002,249738213625.76
2025-10-31,BA,2025-10-31,2025-10-30,False,tradability_policy,False,0.004698120751699397,152002819848.9,151292031615.6
2025-10-31,CAT,2025-10-31,2025-10-30,True,,False,-0.010100317242561885,270434143090.98,273193483947.44998
2025-10-31,CRM,2025-10-31,2025-10-30,True,,False,0.014650301967660484,247910320000.00003,245357399999.99997
2025-10-31,CSCO,2025-10-31,2025-10-30,True,,False,0.002743107941297618,289018229233.83,288227589843.23
2025-10-31,CVX,2025-10-31,2025-10-30,True,,False,0.02735799895779034,272538642102.72,265281082523.52002
2025-10-31,DIS,2025-10-31,2025-10-30,False,tradability_policy,False,0.006974248927038573,202483308272.46002,201080919882.72
2025-10-31,GS,2025-10-31,2025-10-30,True,,False,-0.0009997975093651856,238958948392.04,239198098054.72
2025-10-31,HD,2025-10-31,2025-10-30,True,,False,0.00010538795942549584,377664713826.14996,377624916706.75
2025-10-31,HON,2025-10-31,2025-10-30,False,tradability_policy,False,0.006096646844235609,67028696815.658104,66622522822.13949
2025-10-31,IBM,2025-10-31,2025-10-30,True,,False,-0.008546732890408193,286358330183.22003,288826856174.52
2025-10-31,JNJ,2025-10-31,2025-10-30,True,,False,-0.0009521290663846438,454862962754.64,455296463751.60004
2025-10-31,JPM,2025-10-31,2025-10-30,True,,False,0.005429162357807771,855503419056.48,850883832581.76
2025-10-31,KO,2025-10-31,2025-10-30,True,,False,-0.0011597564511451885,296522673662.80005,296866967042.96
2025-10-31,MCD,2025-10-31,2025-10-30,False,tradability_policy,False,-0.01322620110438777,212960971238.62,215815388974.62
2025-10-31,MMM,2025-10-31,2025-10-30,False,tradability_policy,False,0.00030039050765995334,88682845383.0,88656213897.9
2025-10-31,MRK,2025-10-31,2025-10-30,True,,False,-0.003477051460361591,214759400481.78,215508735445.08002
2025-10-31,MSFT,2025-10-31,2025-10-30,True,,False,-0.01512096774193561,3848967882709.9897,3908061555423.04
2025-10-31,NKE,2025-10-31,2025-10-30,False,tradability_policy,False,-0.004776579352850585,95393196548.28,95851036630.8
2025-10-31,PG,2025-10-31,2025-10-30,True,,False,0.005281454739938463,352222400650.56,350371927175.04004
2025-10-31,TRV,2025-10-31,2025-10-30,False,tradability_policy,False,-0.008818862772591363,60475452369.42,61013522249.409996
2025-10-31,UNH,2025-10-31,2025-10-30,True,,False,-0.009253081943437214,309341883355.0,312230982218.75
2025-10-31,V,2025-10-31,2025-10-30,True,,False,-0.012433701417267962,633873668798.916,641854293436.9019
2025-10-31,WMT,2025-10-31,2025-10-30,True,,False,-0.010270957644527012,806693076523.9601,815838148905.7201
2025-11-03,AAPL,2025-11-03,2025-10-31,True,,False,-0.004882198468765031,3992806929500.0,4012396244300.0
2025-11-03,AMGN,2025-11-03,2025-10-31,False,tradability_policy,False,-0.007137352142881026,159516616451.30002,160663327193.93
2025-11-03,AXP,2025-11-03,2025-10-31,True,,False,0.002467219249854491,251644930927.74,251025595745.71002
2025-11-03,BA,2025-11-03,2025-10-31,False,tradability_policy,False,0.017560441747089817,154672056512.25,152002819848.9
2025-11-03,CAT,2025-11-03,2025-10-31,True,,False,-0.011554585455427313,267309388674.57,270434143090.98
2025-11-03,CRM,2025-11-03,2025-10-31,True,,False,0.0035712914250602967,248795679999.99997,247910320000.00003
2025-11-03,CSCO,2025-11-03,2025-10-31,True,,False,0.01832854602653544,294315513150.85004,289018229233.83
2025-11-03,CVX,2025-11-03,2025-10-31,True,,False,-0.02333248795333509,266179637519.03998,272538642102.72
2025-11-03,DIS,2025-11-03,2025-10-31,False,tradability_policy,False,-0.004439708755105687,201584341355.96002,202483308272.46002
2025-11-03,GS,2025-11-03,2025-10-31,True,,False,-0.004877307219681493,237793472187.84,238958948392.04
2025-11-03,HD,2025-11-03,2025-10-31,True,,False,-0.0032666824731946154,376604537892.45,377664713826.14996
2025-11-03,HON,2025-11-03,2025-10-31,False,tradability_policy,False,-0.01768241196046294,65843467785.39066,67028696815.658104
2025-11-03,IBM,2025-11-03,2025-10-31,True,,False,-0.00871799876386592,283861858614.66003,286358330183.22003
2025-11-03,JNJ,2025-11-03,2025-10-31,True,,False,-0.013819028961719826,448577198298.72,454862962754.64
2025-11-03,JPM,2025-11-03,2025-10-31,True,,False,-0.005689123167909482,850636354734.9,855503419056.48
2025-11-03,KO,2025-11-03,2025-10-31,True,,False,-0.013497822931785253,292520263118.44,296522673662.80005
2025-11-03,MCD,2025-11-03,2025-10-31,True,,False,-0.0069027912743356845,211490946104.58002,212960971238.62
2025-11-03,MMM,2025-11-03,2025-10-31,False,tradability_policy,False,-0.025885885885885918,86387211367.38,88682845383.0
2025-11-03,MRK,2025-11-03,2025-10-31,False,tradability_policy,False,-0.04059083507792516,206042137075.38998,214759400481.78
2025-11-03,MSFT,2025-11-03,2025-10-31,True,,False,-0.0015063440258009653,3843170012934.3696,3848967882709.9897
2025-11-03,NKE,2025-11-03,2025-10-31,False,tradability_policy,False,-0.030035609227434645,92528003773.8,95393196548.28
2025-11-03,PG,2025-11-03,2025-10-31,True,,False,-0.015628117310633738,346717827653.76,352222400650.56
2025-11-03,TRV,2025-11-03,2025-10-31,False,tradability_policy,False,-0.0035738217556399166,60259323882.060005,60475452369.42
2025-11-03,UNH,2025-11-03,2025-10-31,True,,False,-0.02274856540578518,302304799288.75,309341883355.0
2025-11-03,V,2025-11-03,2025-10-31,True,,False,-0.011269589716499495,626730172619.46,633873668798.916
2025-11-03,WMT,2025-11-03,2025-10-31,True,,False,0.004052184226131628,809961945483.98,806693076523.9601
2025-11-04,AAPL,2025-11-04,2025-11-03,True,,False,0.0036796134547483206,4007498915600.0005,3992806929500.0
2025-11-04,AMGN,2025-11-04,2025-11-03,False,tradability_policy,False,0.0013499831252108407,159731961191.69998,159516616451.30002
2025-11-04,AXP,2025-11-04,2025-11-03,True,,False,-0.003124827166638977,250858584011.23,251644930927.74
2025-11-04,BA,2025-11-04,2025-11-03,False,tradability_policy,False,-0.031777071620630704,149757031494.75,154672056512.25
2025-11-04,CAT,2025-11-04,2025-11-03,True,,False,-0.0403266794020225,256529688656.34003,267309388674.57
2025-11-04,CRM,2025-11-04,2025-11-03,True,,False,-0.026402387694191343,242226880000.0,248795679999.99997
2025-11-04,CSCO,2025-11-04,2025-11-03,True,,False,-0.028609805238415165,285895203640.95996,294315513150.85004
2025-11-04,CVX,2025-11-04,2025-11-03,True,,False,-0.0042196831991691,265056443774.63998,266179637519.03998
2025-11-04,DIS,2025-11-04,2025-11-03,False,tradability_policy,False,-0.005797359971459248,200415684364.51,201584341355.96002
2025-11-04,GS,2025-11-04,2025-11-03,True,,False,0.006759853345554623,239400921186.36002,237793472187.84
2025-11-04,HD,2025-11-04,2025-11-03,True,,False,0.012501651909607503,381312716732.76,376604537892.45
2025-11-04,HON,2025-11-04,2025-11-03,False,tradability_policy,False,-0.006623855994336902,65407330136.61248,65843467785.39066
2025-11-04,IBM,2025-11-04,2025-11-03,True,,False,-0.012732582942276749,280247563955.7,283861858614.66003
2025-11-04,JNJ,2025-11-04,2025-11-03,True,,False,0.003221303554171717,450022201621.92004,448577198298.72
2025-11-04,JPM,2025-11-04,2025-11-03,True,,False,-0.00032325844512692825,850361379349.5,850636354734.9
2025-11-04,KO,2025-11-04,2025-11-03,True,,False,0.010151537442989467,295489793522.32,292520263118.44
2025-11-04,MCD,2025-11-04,2025-11-03,True,,False,0.00958261632418922,213517582697.13998,211490946104.58002
2025-11-04,MMM,2025-11-04,2025-11-03,False,tradability_policy,False,-0.009864973179604108,85535003844.18001,86387211367.38
2025-11-04,MRK,2025-11-04,2025-11-03,False,tradability_policy,False,0.01660807370590378,209464100074.46,206042137075.38998
2025-11-04,MSFT,2025-11-04,2025-11-03,True,,False,-0.005222134112140342,3823100463711.0703,3843170012934.3696
2025-11-04,NKE,2025-11-04,2025-11-03,False,tradability_policy,False,-0.022665602553870734,90430800815.15999,92528003773.8
2025-11-04,PG,2025-11-04,2025-11-03,True,,False,-0.005742467234157722,344726811888.95996,346717827653.76
2025-11-04,TRV,2025-11-04,2025-11-03,False,tradability_policy,False,0.03594111933049371,62425111432.479996,60259323882.060005
2025-11-04,UNH,2025-11-04,2025-11-03,True,,False,-0.00886785104406973,299624005358.75,302304799288.75
2025-11-04,V,2025-11-04,2025-11-03,True,,False,0.010092015434847168,633055143195.02,626730172619.46
2025-11-04,WMT,2025-11-04,2025-11-03,True,,False,0.006693572201988296,815383484246.94,809961945483.98
2025-11-05,AAPL,2025-11-05,2025-11-04,True,,False,0.00037031550881327924,4008982954600.0,4007498915600.0005
2025-11-05,AMGN,2025-11-05,2025-11-04,False,tradability_policy,False,0.07805864509605676,172200421660.86002,159731961191.69998
2025-11-05,AXP,2025-11-05,2025-11-04,True,,False,0.014729950900163713,254553718636.6,250858584011.23
2025-11-05,BA,2025-11-05,2025-11-04,False,tradability_policy,False,-0.002171168896743292,149431883685.9,149757031494.75
2025-11-05,CAT,2025-11-05,2025-11-04,True,,False,0.03939150443770756,266634779025.44998,256529688656.34003
2025-11-05,CRM,2025-11-05,2025-11-04,True,,False,-0.006917151391290677,240551360000.0,242226880000.0
2025-11-05,CSCO,2025-11-05,2025-11-04,True,,False,-0.003042035398230114,285025500311.3,285895203640.95996
2025-11-05,CVX,2025-11-05,2025-11-04,True,,False,-0.00475911076341351,263795010800.16,265056443774.63998
2025-11-05,DIS,2025-11-05,2025-11-04,False,tradability_policy,False,-0.000986812595317077,200217911642.88,200415684364.51
2025-11-05,GS,2025-11-05,2025-11-04,True,,False,0.002857757040071851,240085070854.28,239400921186.36002
2025-11-05,HD,2025-11-05,2025-11-04,True,,False,-0.024120288190456307,372115344114.48,381312716732.76
2025-11-05,HON,2025-11-05,2025-11-04,False,tradability_policy,False,0.003003155858698925,65603758543.3141,65407330136.61248
2025-11-05,IBM,2025-11-05,2025-11-04,True,,False,0.019677580189463084,285762157868.33997,280247563955.7
2025-11-05,JNJ,2025-11-05,2025-11-04,True,,False,-0.004602376110457107,447951030192.0,450022201621.92004
2025-11-05,JPM,2025-11-05,2025-11-04,True,,False,0.007857720291026604,857043281214.72,850361379349.5
2025-11-05,KO,2025-11-05,2025-11-04,True,,False,-0.002184678124089623,294844243434.52,295489793522.32
2025-11-05,MCD,2025-11-05,2025-11-04,True,,False,0.021590187493733648,218127467340.78,213517582697.13998
2025-11-05,MMM,2025-11-05,2025-11-04,False,tradability_policy,False,0.023226850986985514,87521712632.64,85535003844.18001
2025-11-05,MRK,2025-11-05,2025-11-04,False,tradability_policy,False,0.00632005723825424,210787925176.29,209464100074.46
2025-11-05,MSFT,2025-11-05,2025-11-04,True,,False,-0.013940466237629567,3769804660773.64,3823100463711.0703
2025-11-05,NKE,2025-11-05,2025-11-04,False,tradability_policy,False,0.014372039849746887,91730475888.12,90430800815.15999
2025-11-05,PG,2025-11-05,2025-11-04,True,,False,-0.009376911055242187,341494339235.51996,344726811888.95996
2025-11-05,TRV,2025-11-05,2025-11-04,False,tradability_policy,False,-0.002272071552221533,62283277112.649994,62425111432.479996
2025-11-05,UNH,2025-11-05,2025-11-04,True,,False,-0.009340144485082913,296825473857.5,299624005358.75
2025-11-05,V,2025-11-05,2025-11-04,True,,False,-0.0007640317367029192,632571468974.536,633055143195.02
2025-11-05,WMT,2025-11-05,2025-11-04,True,,False,-0.007822430820377368,809005203349.34,815383484246.94
2025-11-06,AAPL,2025-11-06,2025-11-05,True,,False,-0.0013696601762049898,4003492010299.9995,4008982954600.0
2025-11-06,AMGN,2025-11-06,2025-11-05,False,tradability_policy,False,-0.01334959044582018,169901616557.09,172200421660.86002
2025-11-06,AXP,2025-11-06,2025-11-05,True,,False,-0.00019136139967190768,254505006880.71002,254553718636.6
2025-11-06,BA,2025-11-06,2025-11-05,False,tradability_policy,False,-0.005667442566541836,148584987067.5,149431883685.9
2025-11-06,CAT,2025-11-06,2025-11-05,True,,False,0.0011069138188526395,266929920746.94,266634779025.44998
2025-11-06,CRM,2025-11-06,2025-11-05,True,,False,-0.053071078043374964,227785040000.0,240551360000.0
2025-11-06,CSCO,2025-11-06,2025-11-05,True,,False,-0.014701803051317408,280835111541.12,285025500311.3
2025-11-06,CVX,2025-11-06,2025-11-05,True,,False,0.0018341412288747083,264278848105.44,263795010800.16
2025-11-06,DIS,2025-11-06,2025-11-05,False,tradability_policy,False,-0.0078125,198653709208.16998,200217911642.88
2025-11-06,GS,2025-11-06,2025-11-05,True,,False,-0.006947509109937022,238417077637.36002,240085070854.28
2025-11-06,HD,2025-11-06,2025-11-05,True,,False,-0.012759469291675485,367367349808.29,372115344114.48
2025-11-06,HON,2025-11-06,2025-11-05,False,tradability_policy,False,-0.005785333671657011,65224218910.02622,65603758543.3141
2025-11-06,IBM,2025-11-06,2025-11-05,True,,False,0.01841770707696333,291025241585.64,285762157868.33997
2025-11-06,JNJ,2025-11-06,2025-11-05,True,,False,0.00521505376344078,450287118897.84,447951030192.0
2025-11-06,JPM,2025-11-06,2025-11-05,True,,False,0.005582648870636531,861827852920.68,857043281214.72
2025-11-06,KO,2025-11-06,2025-11-05,True,,False,0.00802802510582401,297211260423.12,294844243434.52
2025-11-06,MCD,2025-11-06,2025-11-05,False,tradability_policy,False,-0.023751104131906953,212946699149.94003,218127467340.78
2025-11-06,MMM,2025-11-06,2025-11-05,False,tradability_policy,False,-0.002860272638753658,87271376672.7,87521712632.64
2025-11-06,MRK,2025-11-06,2025-11-05,True,,False,0.01647114587036369,214259843839.58002,210787925176.29
2025-11-06,MSFT,2025-11-06,2025-11-05,True,,False,-0.019835949207350767,3695027007000.9004,3769804660773.64
2025-11-06,NKE,2025-11-06,2025-11-05,False,tradability_policy,False,-0.003542102720978879,91405557119.88,91730475888.12
2025-11-06,PG,2025-11-06,2025-11-05,True,,False,0.0023321215446876487,342290745541.44,341494339235.51996
2025-11-06,TRV,2025-11-06,2025-11-05,False,tradability_policy,False,-0.0014097234773178258,62195474914.659996,62283277112.649994
2025-11-06,UNH,2025-11-06,2025-11-05,True,,False,-0.01885641056935372,291228410855.0,296825473857.5
2025-11-06,V,2025-11-06,2025-11-05,True,,False,-0.009057757910834185,626841789747.2639,632571468974.536
2025-11-06,WMT,2025-11-06,2025-11-05,True,,False,0.002069577214940388,810679502084.9601,809005203349.34
2025-11-07,AAPL,2025-11-07,2025-11-06,True,,False,-0.004818919820587686,3984199503300.0005,4003492010299.9995
2025-11-07,AMGN,2025-11-07,2025-11-06,False,tradability_policy,False,0.014607560442346124,172383464690.19998,169901616557.09
2025-11-07,AXP,2025-11-07,2025-11-06,True,,False,0.007683263609766788,256460435938.58002,254505006880.71002
2025-11-07,BA,2025-11-07,2025-11-06,False,tradability_policy,False,-0.009618320610686903,147155849023.95,148584987067.5
2025-11-07,CAT,2025-11-07,2025-11-06,True,,False,-0.011723823230018526,263800481541.30002,266929920746.94
2025-11-07,CRM,2025-11-07,2025-11-06,True,,False,0.002549421156016196,228365760000.0,227785040000.0
2025-11-07,CSCO,2025-11-07,2025-11-06,True,,False,0.00042229729729714727,280953707449.70996,280835111541.12
2025-11-07,CVX,2025-11-07,2025-11-06,True,,False,0.013600104616189546,267873068087.52002,264278848105.44
2025-11-07,DIS,2025-11-07,2025-11-06,False,tradability_policy,False,0.0022626482034573403,199103192666.41998,198653709208.16998
2025-11-07,GS,2025-11-07,2025-11-06,True,,False,-0.0015744432311638468,238041703483.28,238417077637.36002
2025-11-07,HD,2025-11-07,2025-11-06,True,,False,0.005527406725011508,369397938568.17004,367367349808.29
2025-11-07,HON,2025-11-07,2025-11-06,False,tradability_policy,False,-0.009392067786228364,64611628624.71945,65224218910.02622
2025-11-07,IBM,2025-11-07,2025-11-06,True,,False,-0.01933294923500417,285398865363.96,291025241585.64
2025-11-07,JNJ,2025-11-07,2025-11-06,True,,False,-0.0021393806493020806,449323783349.04,450287118897.84
2025-11-07,JPM,2025-11-07,2025-11-06,True,,False,0.0025205794142044713,864000158465.34,861827852920.68
2025-11-07,KO,2025-11-07,2025-11-06,True,,False,0.02157544164494629,303623724628.6,297211260423.12
2025-11-07,MCD,2025-11-07,2025-11-06,False,tradability_policy,False,0.004188867665292806,213838704692.44003,212946699149.94003
2025-11-07,MMM,2025-11-07,2025-11-06,False,tradability_policy,False,0.006042111687519114,87798680077.68001,87271376672.7
2025-11-07,MRK,2025-11-07,2025-11-06,True,,False,0.0058288645371882275,215508735445.08002,214259843839.58002
2025-11-07,MSFT,2025-11-07,2025-11-06,True,,False,-0.0005632669483002228,3692945720414.78,3695027007000.9004
2025-11-07,NKE,2025-11-07,2025-11-06,False,tradability_policy,False,-0.012926159314913477,90224034326.28,91405557119.88
2025-11-07,PG,2025-11-07,2025-11-06,True,,False,0.005816738520495468,344281761306.24,342290745541.44
2025-11-07,TRV,2025-11-07,2025-11-06,False,tradability_policy,False,0.012850213566929725,62994700050.21,62195474914.659996
2025-11-07,UNH,2025-11-07,2025-11-06,True,,False,0.008241074760542366,293628445961.25,291228410855.0
2025-11-07,V,2025-11-07,2025-11-06,True,,False,-0.0027896486229819217,625093121411.668,626841789747.2639
2025-11-07,WMT,2025-11-07,2025-11-06,True,,False,0.00894964594807246,817934796605.98,810679502084.9601
2025-11-10,AAPL,2025-11-10,2025-11-07,True,,False,0.00454426937832908,3998446277700.0,3984199503300.0005
2025-11-10,AMGN,2025-11-10,2025-11-07,False,tradability_policy,False,0.010805746408494743,174246196694.66,172383464690.19998
2025-11-10,AXP,2025-11-10,2025-11-07,True,,False,-0.0017908503825908584,256001153668.76,256460435938.58002
2025-11-10,BA,2025-11-10,2025-11-07,False,tradability_policy,False,0.0010276964184778858,147307080562.95,147155849023.95
2025-11-10,CAT,2025-11-10,2025-11-07,True,,False,0.013763097140827574,267431193194.55002,263800481541.30002
2025-11-10,CRM,2025-11-10,2025-11-07,True,,False,0.0076288144072036435,230107920000.0,228365760000.0
2025-11-10,CSCO,2025-11-10,2025-11-07,True,,False,0.014352047277332414,284985968341.77,280953707449.70996
2025-11-10,CVX,2025-11-10,2025-11-07,True,,False,0.004063991743000983,268961702024.40002,267873068087.52002
2025-11-10,DIS,2025-11-10,2025-11-07,False,tradability_policy,False,0.01354524110529165,201800093415.91998,199103192666.41998
2025-11-10,GS,2025-11-10,2025-11-07,True,,False,0.013810819747183123,241329254542.40002,238041703483.28
2025-11-10,HD,2025-11-10,2025-11-07,True,,False,-0.001832340815391631,368721075648.21,369397938568.17004
2025-11-10,HON,2025-11-10,2025-11-07,False,tradability_policy,False,0.010305559849538737,65277487630.48767,64611628624.71945
2025-11-10,IBM,2025-11-10,2025-11-07,True,,False,0.01445916835302552,287960543279.46,285398865363.96
2025-11-10,JNJ,2025-11-10,2025-11-07,True,,False,0.009862250093798597,453755126873.52,449323783349.04
2025-11-10,JPM,2025-11-10,2025-11-07,True,,False,0.008529327519811503,871369498794.0599,864000158465.34
2025-11-10,KO,2025-11-10,2025-11-07,True,,False,-0.00042523033309715963,303494614611.04,303623724628.6
2025-11-10,MCD,2025-11-10,2025-11-07,False,tradability_policy,False,-0.0018687846225722282,213439086209.40002,213838704692.44003
2025-11-10,MMM,2025-11-10,2025-11-07,False,tradability_policy,False,0.01716816306721669,89306022134.34,87798680077.68001
2025-11-10,MRK,2025-11-10,2025-11-07,True,,False,0.005447380621233178,216682693554.25,215508735445.08002
2025-11-10,MSFT,2025-11-10,2025-11-07,True,,False,0.018477517008171906,3761182187774.0,3692945720414.78
2025-11-10,NKE,2025-11-10,2025-11-07,False,tradability_policy,False,-0.004747094450810341,89795732313.59999,90224034326.28
2025-11-10,PG,2025-11-10,2025-11-07,True,,False,-0.010069397196897478,340815051504.0,344281761306.24
2025-11-10,TRV,2025-11-10,2025-11-07,False,tradability_policy,False,0.009220542510989471,63575545359.99,62994700050.21
2025-11-10,UNH,2025-11-10,2025-11-07,True,,False,-0.008112026155886576,291246524327.5,293628445961.25
2025-11-10,V,2025-11-10,2025-11-07,True,,False,-0.003481935599071395,622916587419.49,625093121411.668
2025-11-10,WMT,2025-11-10,2025-11-07,True,,False,-0.0016570815868993671,816579411915.24,817934796605.98
2025-11-11,AAPL,2025-11-11,2025-11-10,True,,False,0.021601158000222664,4084817347500.0,3998446277700.0
2025-11-11,AMGN,2025-11-11,2025-11-10,False,tradability_policy,False,0.04569610084656728,182208568470.94998,174246196694.66
2025-11-11,AXP,2025-11-11,2025-11-10,True,,False,0.006197673154289429,257587765146.32,256001153668.76
2025-11-11,BA,2025-11-11,2025-11-10,False,tradability_policy,False,0.0020532826856938247,147609543640.95,147307080562.95
2025-11-11,CAT,2025-11-11,2025-11-10,True,,False,-0.005115179118857949,266063234739.38998,267431193194.55002
2025-11-11,CRM,2025-11-11,2025-11-10,True,,False,0.011542757850316443,232764000000.0,230107920000.0
2025-11-11,CSCO,2025-11-11,2025-11-10,True,,False,-0.005271188791788228,283483753499.63,284985968341.77
2025-11-11,CVX,2025-11-11,2025-11-10,True,,False,0.0037905557340187634,269981216346.24002,268961702024.40002
2025-11-11,DIS,2025-11-11,2025-11-10,False,tradability_policy,False,0.023253741981468234,206492700720.05,201800093415.91998
2025-11-11,GS,2025-11-11,2025-11-10,True,,False,0.01644505770195681,245297928058.52,241329254542.40002
2025-11-11,HD,2025-11-11,2025-11-10,True,,False,0.01028534405960646,372513498773.28,368721075648.21
2025-11-11,HON,2025-11-11,2025-11-10,False,tradability_policy,False,0.02213495180292746,66722401673.00472,65277487630.48767
2025-11-11,IBM,2025-11-11,2025-11-10,True,,False,0.014848122149257792,292236216600.24005,287960543279.46
2025-11-11,JNJ,2025-11-11,2025-11-10,True,,False,0.028767050581179454,466808323559.76,453755126873.52
2025-11-11,JPM,2025-11-11,2025-11-10,True,,False,-0.004007699832749512,867877311399.48,871369498794.0599
2025-11-11,KO,2025-11-11,2025-11-10,True,,False,0.015456608054452703,308185611915.72,303494614611.04
2025-11-11,MCD,2025-11-11,2025-11-10,False,tradability_policy,False,0.02584419926446002,218955248484.22,213439086209.40002
2025-11-11,MMM,2025-11-11,2025-11-10,False,tradability_policy,False,0.005964096141229724,89838651836.34,89306022134.34
2025-11-11,MRK,2025-11-11,2025-11-10,True,,False,0.04841498559077806,227173383040.45,216682693554.25
2025-11-11,MSFT,2025-11-11,2025-11-10,True,,False,0.005296442687747094,3781103073669.72,3761182187774.0
2025-11-11,NKE,2025-11-11,2025-11-10,False,tradability_policy,False,0.03865131578947367,93266455519.8,89795732313.59999
2025-11-11,PG,2025-11-11,2025-11-10,True,,False,0.020893470790377844,347935860827.51996,340815051504.0
2025-11-11,TRV,2025-11-11,2025-11-10,False,tradability_policy,False,0.012854562838627404,64392781202.82,63575545359.99
2025-11-11,UNH,2025-11-11,2025-11-10,True,,False,0.018253622737732567,296562828506.25,291246524327.5
2025-11-11,V,2025-11-11,2025-11-10,True,,False,0.012154696132596676,630487949255.528,622916587419.49
2025-11-11,WMT,2025-11-11,2025-11-10,True,,False,0.00995899238429998,824711720059.6799,816579411915.24
2025-11-12,AAPL,2025-11-12,2025-11-11,True,,False,-0.006466848319709229,4058401453300.0005,4084817347500.0
2025-11-12,AMGN,2025-11-12,2025-11-11,False,tradability_policy,False,-0.006411582213030065,181040323254.28,182208568470.94998
2025-11-12,AXP,2025-11-12,2025-11-11,True,,False,0.007051004970823227,259404017758.78998,257587765146.32
2025-11-12,BA,2025-11-12,2025-11-11,False,tradability_policy,False,0.0014855796321908699,147828829372.5,147609543640.95
2025-11-12,CAT,2025-11-12,2025-11-11,True,,False,0.00896237212332518,268447792457.46,266063234739.38998
2025-11-12,CRM,2025-11-12,2025-11-11,True,,False,0.006216768916155413,234211040000.0,232764000000.0
2025-11-12,CSCO,2025-11-12,2025-11-11,True,,False,0.031376377074327166,292378446643.88,283483753499.63
2025-11-12,CVX,2025-11-12,2025-11-11,True,,False,-0.01868919610855102,264935484448.31998,269981216346.24002
2025-11-12,DIS,2025-11-12,2025-11-11,False,tradability_policy,False,0.01567261645624729,209728981619.45,206492700720.05
2025-11-12,GS,2025-11-12,2025-11-11,True,,False,0.035369179696659314,253973914555.24002,245297928058.52
2025-11-12,HD,2025-11-12,2025-11-11,True,,False,-0.008310175288584909,369417846301.11,372513498773.28
2025-11-12,HON,2025-11-12,2025-11-11,False,tradability_policy,False,0.005887929744024856,67115258486.407974,66722401673.00472
2025-11-12,IBM,2025-11-12,2025-11-11,True,,False,0.004016320285604946,293409930845.16003,292236216600.24005
2025-11-12,JNJ,2025-11-12,2025-11-11,True,,False,0.002889129649692901,468156993328.07996,466808323559.76
2025-11-12,JPM,2025-11-12,2025-11-11,True,,False,0.015176478043216646,881048632360.14,867877311399.48
2025-11-12,KO,2025-11-12,2025-11-11,True,,False,-0.0013964530093562022,307755245190.52,308185611915.72
2025-11-12,MCD,2025-11-12,2025-11-11,False,tradability_policy,False,0.00035850470944831514,219033744971.96,218955248484.22
2025-11-12,MMM,2025-11-12,2025-11-11,False,tradability_policy,False,0.014288255172822728,91122289418.16,89838651836.34
2025-11-12,MRK,2025-11-12,2025-11-11,True,,False,0.005497526113249052,228422274645.95,227173383040.45
2025-11-12,MSFT,2025-11-12,2025-11-11,True,,False,0.004836046237320035,3799388662962.06,3781103073669.72
2025-11-12,NKE,2025-11-12,2025-11-11,False,tradability_policy,False,0.016627078384798155,94817204186.40001,93266455519.8
2025-11-12,PG,2025-11-12,2025-11-11,True,,False,-0.0035680624747542744,346694403938.88,347935860827.51996
2025-11-12,TRV,2025-11-12,2025-11-11,False,tradability_policy,False,0.0003845884903153074,64417545925.33,64392781202.82
2025-11-12,UNH,2025-11-12,2025-11-11,True,,False,0.035455794777828675,307077699292.5,296562828506.25
2025-11-12,V,2025-11-12,2025-11-11,True,,False,0.0018588457453085905,630413537836.992,630487949255.528
2025-11-12,WMT,2025-11-12,2025-11-11,True,,False,0.0,824711720059.6799,824711720059.6799
2025-11-13,AAPL,2025-11-13,2025-11-12,True,,False,-0.0019014882802502742,4050684450500.0,4058401453300.0005
2025-11-13,AMGN,2025-11-13,2025-11-12,False,tradability_policy,False,-0.0008326394671106518,180889581936.0,181040323254.28
2025-11-13,AXP,2025-11-13,2025-11-12,True,,False,-0.021568259248329946,253809124653.71002,259404017758.78998
2025-11-13,BA,2025-11-13,2025-11-12,False,tradability_policy,False,-0.004705882352941115,147133164293.1,147828829372.5
2025-11-13,CAT,2025-11-13,2025-11-12,True,,False,-0.03397787162751742,259326507826.65,268447792457.46
2025-11-13,CRM,2025-11-13,2025-11-12,True,,False,-0.022721729940655244,228889360000.0,234211040000.0
2025-11-13,CSCO,2025-11-13,2025-11-12,True,,False,0.046241211465657184,305898380223.13995,292378446643.88
2025-11-13,CVX,2025-11-13,2025-11-12,True,,False,0.014740412209757414,268840742698.08002,264935484448.31998
2025-11-13,DIS,2025-11-13,2025-11-12,False,tradability_policy,False,-0.07749678525503645,193475659769.13,209728981619.45
2025-11-13,GS,2025-11-13,2025-11-12,True,,False,-0.03989415592929424,243841839606.0,253973914555.24002
2025-11-13,HD,2025-11-13,2025-11-12,True,,False,-0.008245089321801014,366371963161.29,369417846301.11
2025-11-13,HON,2025-11-13,2025-11-12,False,tradability_policy,False,-0.008532169254427346,66542619741.4473,67115258486.407974
2025-11-13,IBM,2025-11-13,2025-11-12,True,,False,-0.03212902406502005,283982956116.12,293409930845.16003
2025-11-13,JNJ,2025-11-13,2025-11-12,True,,False,0.004424095889706381,470228164758.0,468156993328.07996
2025-11-13,JPM,2025-11-13,2025-11-12,True,,False,-0.03411254330389191,850993822735.92,881048632360.14
2025-11-13,KO,2025-11-13,2025-11-12,True,,False,-0.006152985596420302,305861631599.63995,307755245190.52
2025-11-13,MCD,2025-11-13,2025-11-12,False,tradability_policy,False,0.0020850980647684203,219490451809.72,219033744971.96
2025-11-13,MMM,2025-11-13,2025-11-12,False,tradability_policy,False,-0.0026888005611410692,90877279755.24,91122289418.16
2025-11-13,MRK,2025-11-13,2025-11-12,True,,False,0.016183706943685205,232118993798.23,228422274645.95
2025-11-13,MSFT,2025-11-13,2025-11-12,True,,False,-0.015357827601048535,3741038306886.91,3799388662962.06
2025-11-13,NKE,2025-11-13,2025-11-12,False,tradability_policy,False,0.02850467289719627,97519937576.76,94817204186.40001
2025-11-13,PG,2025-11-13,2025-11-12,True,,False,-0.0003378150124990764,346577285364.48004,346694403938.88
2025-11-13,TRV,2025-11-13,2025-11-12,False,tradability_policy,False,0.004508440219480825,64707968580.22,64417545925.33
2025-11-13,UNH,2025-11-13,2025-11-12,True,,False,-0.01928862148292343,301154593785.0,307077699292.5
2025-11-13,V,2025-11-13,2025-11-12,True,,False,-0.00826251180358828,625204738539.4719,630413537836.992
2025-11-13,WMT,2025-11-13,2025-11-12,True,,False,-0.008700696055684354,817536154049.88,824711720059.6799
2025-11-14,AAPL,2025-11-14,2025-11-13,True,,False,-0.0019783843194722817,4042670639900.0005,4050684450500.0
2025-11-14,AMGN,2025-11-14,2025-11-13,False,tradability_policy,False,0.002202380952381011,181287969705.74,180889581936.0
2025-11-14,AXP,2025-11-14,2025-11-13,True,,False,-0.020700244016121583,248555213839.86002,253809124653.71002
2025-11-14,BA,2025-11-14,2025-11-13,False,tradability_policy,False,-0.0003083564600678823,147087794831.4,147133164293.1
2025-11-14,CAT,2025-11-14,2025-11-13,True,,False,0.0008671303405294317,259551377709.69,259326507826.65
2025-11-14,CRM,2025-11-14,2025-11-13,True,,False,0.013434263611030284,231964320000.0,228889360000.0
2025-11-14,CSCO,2025-11-14,2025-11-13,True,,False,0.00801240630653921,308349362334.0,305898380223.13995
2025-11-14,CVX,2025-11-14,2025-11-13,True,,False,0.013112225221750817,272365843065.12,268840742698.08002
2025-11-14,DIS,2025-11-14,2025-11-13,False,tradability_policy,False,-0.016819998141436643,190221399531.4,193475659769.13
2025-11-14,GS,2025-11-14,2025-11-13,True,,False,-0.018112973308504032,239425138873.72,243841839606.0
2025-11-14,HD,2025-11-14,2025-11-13,True,,False,-0.015513353438204591,360688305406.92004,366371963161.29
2025-11-14,HON,2025-11-14,2025-11-13,False,tradability_policy,False,0.0018011707609948413,66266288254.05348,66542619741.4473
2025-11-14,IBM,2025-11-14,2025-11-13,True,,False,0.0027225611756216406,284756117086.98,283982956116.12
2025-11-14,JNJ,2025-11-14,2025-11-13,True,,False,0.0034827144686300215,471865835190.96,470228164758.0
2025-11-14,JPM,2025-11-14,2025-11-13,True,,False,-0.018967299987075137,834852767612.9401,850993822735.92
2025-11-14,KO,2025-11-14,2025-11-13,True,,False,0.0012663571127058404,306248961652.32,305861631599.63995
2025-11-14,MCD,2025-11-14,2025-11-13,False,tradability_policy,False,-0.0017881526757266286,219097969371.02,219490451809.72
2025-11-14,MMM,2025-11-14,2025-11-13,False,tradability_policy,False,-0.013538858281561317,89258085461.16,90877279755.24
2025-11-14,MRK,2025-11-14,2025-11-13,True,,False,-0.00010760787689667595,232094015966.12,232118993798.23
2025-11-14,MSFT,2025-11-14,2025-11-13,True,,False,0.013689920324266192,3792252823238.22,3741038306886.91
2025-11-14,NKE,2025-11-14,2025-11-13,False,tradability_policy,False,-0.028169014084507005,94772897081.64,97519937576.76
2025-11-14,PG,2025-11-14,2025-11-13,True,,False,-0.0019599891862667196,345897997632.95996,346577285364.48004
2025-11-14,TRV,2025-11-14,2025-11-13,False,tradability_policy,False,-0.00045229977037086755,64678701180.89001,64707968580.22
2025-11-14,UNH,2025-11-14,2025-11-13,True,,False,-0.03205822206183073,291500112942.5,301154593785.0
2025-11-14,V,2025-11-14,2025-11-13,True,,False,-0.018031421090216604,613931408631.268,625204738539.4719
2025-11-14,WMT,2025-11-14,2025-11-13,True,,False,-0.0005851375073142595,817057782982.56,817536154049.88
2025-11-17,AAPL,2025-11-17,2025-11-14,True,,False,-0.01817113909181034,3969210709399.9995,4042670639900.0005
2025-11-17,AMGN,2025-11-17,2025-11-14,False,tradability_policy,False,0.014759161370790475,183963628105.21,181287969705.74
2025-11-17,AXP,2025-11-17,2025-11-14,True,,False,-0.04459936166638667,237469809963.75,248555213839.86002
2025-11-17,BA,2025-11-17,2025-11-14,False,tradability_policy,False,-0.013931729385153191,145038607477.95,147087794831.4
2025-11-17,CAT,2025-11-17,2025-11-14,True,,False,-0.003573813692399397,258623789442.15,259551377709.69
2025-11-17,CRM,2025-11-17,2025-11-14,True,,False,-0.027210046786505737,225652560000.0,231964320000.0
2025-11-17,CSCO,2025-11-17,2025-11-14,True,,False,-0.002820512820512766,307479659004.34,308349362334.0
2025-11-17,CVX,2025-11-17,2025-11-14,True,,False,-0.017764243116355827,267527470012.31998,272365843065.12
2025-11-17,DIS,2025-11-17,2025-11-14,False,tradability_policy,False,-0.0010396975425330801,190023626809.77,190221399531.4
2025-11-17,GS,2025-11-17,2025-11-14,True,,False,-0.019408023668938346,234778370111.52,239425138873.72
2025-11-17,HD,2025-11-17,2025-11-14,True,,False,-0.011949442543327193,356378281225.41,360688305406.92004
2025-11-17,HON,2025-11-17,2025-11-14,False,tradability_policy,False,-0.014871382636655883,65280816925.51652,66266288254.05348
2025-11-17,IBM,2025-11-17,2025-11-14,True,,False,-0.027871372959534124,276819573145.14,284756117086.98
2025-11-17,JNJ,2025-11-17,2025-11-14,True,,False,0.018629102230388384,480656272073.76,471865835190.96
2025-11-17,JPM,2025-11-17,2025-11-14,True,,False,-0.010671585257402638,825943565125.98,834852767612.9401
2025-11-17,KO,2025-11-17,2025-11-14,True,,False,-0.006745362563237656,304183201371.36005,306248961652.32
2025-11-17,MCD,2025-11-17,2025-11-14,False,tradability_policy,False,-0.006937432824153933,217577991926.59998,219097969371.02
2025-11-17,MMM,2025-11-17,2025-11-14,False,tradability_policy,False,-0.013068385248836578,88091626413.78,89258085461.16
2025-11-17,MRK,2025-11-17,2025-11-14,True,,False,-0.0006457167455876656,231944148973.46,232094015966.12
2025-11-17,MSFT,2025-11-17,2025-11-14,True,,False,-0.005272648869026564,3772257605678.71,3792252823238.22
2025-11-17,NKE,2025-11-17,2025-11-14,False,tradability_policy,False,-0.01979117967897781,92897229646.8,94772897081.64
2025-11-17,PG,2025-11-17,2025-11-14,True,,False,-0.01252793390668383,341564610380.16,345897997632.95996
2025-11-17,TRV,2025-11-17,2025-11-14,False,tradability_policy,False,-0.009676633366981213,64052829102.909996,64678701180.89001
2025-11-17,UNH,2025-11-17,2025-11-14,True,,False,-0.004163300814018611,290286510285.0,291500112942.5
2025-11-17,V,2025-11-17,2025-11-14,True,,False,-0.012938609781225296,605987989702.5499,613931408631.268
2025-11-17,WMT,2025-11-17,2025-11-14,True,,False,0.004586260733801639,820805023009.9,817057782982.56
2025-11-18,AAPL,2025-11-18,2025-11-17,True,,False,-7.477753682783028e-05,3968913901600.0,3969210709399.9995
2025-11-18,AMGN,2025-11-18,2025-11-17,False,tradability_policy,False,0.0066723244856750075,185191093125.49,183963628105.21
2025-11-18,AXP,2025-11-18,2025-11-17,True,,False,-0.001728937728937674,237059239449.82,237469809963.75
2025-11-18,BA,2025-11-18,2025-11-17,False,tradability_policy,False,-0.011365413690631376,143390183702.85,145038607477.95
2025-11-18,CAT,2025-11-18,2025-11-17,True,,False,-0.009365093741508845,256201753410.24,258623789442.15
2025-11-18,CRM,2025-11-18,2025-11-17,True,,False,-0.014892629624941978,222292000000.0,225652560000.0
2025-11-18,CSCO,2025-11-18,2025-11-17,True,,False,-0.005271277963486698,305858848253.61005,307479659004.34
2025-11-18,CVX,2025-11-18,2025-11-17,True,,False,0.003294148042888745,265453881561.12,267527470012.31998
2025-11-18,DIS,2025-11-18,2025-11-17,False,tradability_policy,False,0.005582363515942879,191084407771.24,190023626809.77
2025-11-18,GS,2025-11-18,2025-11-17,True,,False,0.0009541492598896806,235002383719.59998,234778370111.52
2025-11-18,HD,2025-11-18,2025-11-17,True,,False,-0.060190486830712375,334927698982.56,356378281225.41
2025-11-18,HON,2025-11-18,2025-11-17,False,tradability_policy,False,-0.023612811097511344,63739353327.16308,65280816925.51652
2025-11-18,IBM,2025-11-18,2025-11-17,True,,False,-0.024295857589931802,270094004217.9,276819573145.14
2025-11-18,JNJ,2025-11-18,2025-11-17,True,,False,0.0021044192804888784,481667774400.0,480656272073.76
2025-11-18,JPM,2025-11-18,2025-11-17,True,,False,-0.0031960581948928812,823303801426.14,825943565125.98
2025-11-18,KO,2025-11-18,2025-11-17,True,,False,0.007640067911714565,306507181687.44,304183201371.36005
2025-11-18,MCD,2025-11-18,2025-11-17,False,tradability_policy,False,-0.0010167267956706638,217356774552.05997,217577991926.59998
2025-11-18,MMM,2025-11-18,2025-11-17,False,tradability_policy,False,0.002418525908458813,88304678294.58,88091626413.78
2025-11-18,MRK,2025-11-18,2025-11-17,True,,False,0.03844497092397159,240861235036.73,231944148973.46
2025-11-18,MSFT,2025-11-18,2025-11-17,True,,False,-0.02699560582474525,3670423226286.41,3772257605678.71
2025-11-18,NKE,2025-11-18,2025-11-17,False,tradability_policy,False,-0.006518282988871138,92291699215.08,92897229646.8
2025-11-18,PG,2025-11-18,2025-11-17,True,,False,0.008023590728295282,344305185021.12,341564610380.16
2025-11-18,TRV,2025-11-18,2025-11-17,False,tradability_policy,False,0.00822466697128399,64579642290.850006,64052829102.909996
2025-11-18,UNH,2025-11-18,2025-11-17,True,,False,-0.02165231498814424,284001135327.5,290286510285.0
2025-11-18,V,2025-11-18,2025-11-17,True,,False,-0.014029163468917916,597486485134.812,605987989702.5499
2025-11-18,WMT,2025-11-18,2025-11-17,True,,False,-0.015152986886838304,808367375259.58,820805023009.9
2025-11-19,AAPL,2025-11-19,2025-11-18,True,,False,0.004187855219862424,3985535138400.0,3968913901600.0
2025-11-19,AMGN,2025-11-19,2025-11-18,False,tradability_policy,False,-0.004622227390331246,184335097782.4,185191093125.49
2025-11-19,AXP,2025-11-19,2025-11-18,True,,False,0.011683203193800118,239828850713.28,237059239449.82
2025-11-19,BA,2025-11-19,2025-11-18,False,tradability_policy,False,-0.020724568897326434,140418483961.5,143390183702.85
2025-11-19,CAT,2025-11-19,2025-11-18,True,,False,0.011391895845523692,259120377100.53,256201753410.24
2025-11-19,CRM,2025-11-19,2025-11-18,True,,False,-0.02406852248394009,216941760000.0,222292000000.0
2025-11-19,CSCO,2025-11-19,2025-11-18,True,,False,0.013183404420317846,309891109145.67,305858848253.61005
2025-11-19,CVX,2025-11-19,2025-11-18,True,,False,-0.012498372607733454,262136140039.19998,265453881561.12
2025-11-19,DIS,2025-11-19,2025-11-18,False,tradability_policy,False,-0.015148663906661697,188189734300.11002,191084407771.24
2025-11-19,GS,2025-11-19,2025-11-18,True,,False,0.012482287775344547,237935751101.08002,235002383719.59998
2025-11-19,HD,2025-11-19,2025-11-18,True,,False,-0.005884450784593542,332956833421.5,334927698982.56
2025-11-19,HON,2025-11-19,2025-11-18,False,tradability_policy,False,-0.004596500391747194,63446375364.62507,63739353327.16308
2025-11-19,IBM,2025-11-19,2025-11-18,True,,False,-0.004897396102776397,268771246894.25998,270094004217.9
2025-11-19,JNJ,2025-11-19,2025-11-18,True,,False,0.012550000000000061,487712704968.72,481667774400.0
2025-11-19,JPM,2025-11-19,2025-11-18,True,,False,0.012892020974583307,833917851302.58,823303801426.14
2025-11-19,KO,2025-11-19,2025-11-18,True,,False,-0.0015445099691098196,306033778289.72,306507181687.44
2025-11-19,MCD,2025-11-19,2025-11-18,False,tradability_policy,False,-0.00607373846810455,216036606349.16,217356774552.05997
2025-11-19,MMM,2025-11-19,2025-11-18,False,tradability_policy,False,0.004765064237891359,88725455759.16,88304678294.58
2025-11-19,MRK,2025-11-19,2025-11-18,True,,False,-0.014310899097791263,237414294205.55,240861235036.73
2025-11-19,MSFT,2025-11-19,2025-11-18,True,,False,-0.013507766459426085,3620844006538.48,3670423226286.41
2025-11-19,NKE,2025-11-19,2025-11-18,False,tradability_policy,False,0.002400384061449712,92513234738.88,92291699215.08
2025-11-19,PG,2025-11-19,2025-11-18,True,,False,0.0,344305185021.12,344305185021.12
2025-11-19,TRV,2025-11-19,2025-11-18,False,tradability_policy,False,-0.004810876764859695,64268957590.270004,64579642290.850006
2025-11-19,UNH,2025-11-19,2025-11-18,True,,False,-0.01431851521142935,279934660751.25,284001135327.5
2025-11-19,V,2025-11-19,2025-11-18,True,,False,0.00915374556323556,602955724397.208,597486485134.812
2025-11-19,WMT,2025-11-19,2025-11-18,True,,False,-0.007693066377354785,802148551384.42,808367375259.58
2025-11-20,AAPL,2025-11-20,2025-11-19,True,,False,-0.008601429848078657,3951253837500.0,3985535138400.0
2025-11-20,AMGN,2025-11-20,2025-11-19,False,tradability_policy,False,-0.018487149532710245,180927267265.57,184335097782.4
2025-11-20,AXP,2025-11-20,2025-11-19,True,,False,-0.0024373259052924423,239244309642.6,239828850713.28
2025-11-20,BA,2025-11-20,2025-11-19,False,tradability_policy,False,-0.03403338718362947,135639567329.09999,140418483961.5
2025-11-20,CAT,2025-11-20,2025-11-19,True,,False,-0.012619551264667073,255850394217.99,259120377100.53
2025-11-20,CRM,2025-11-20,2025-11-19,False,tradability_policy,False,-0.01101456907144105,214552240000.0,216941760000.0
2025-11-20,CSCO,2025-11-20,2025-11-19,True,,False,-0.03763235106518692,298229178134.32,309891109145.67
2025-11-20,CVX,2025-11-20,2025-11-19,True,,False,-0.009162821357943218,259734233416.56,262136140039.19998
2025-11-20,DIS,2025-11-20,2025-11-19,False,tradability_policy,False,-0.018821056654246715,184647804649.1,188189734300.11002
2025-11-20,GS,2025-11-20,2025-11-19,True,,False,-0.015636331251033697,234215308880.40002,237935751101.08002
2025-11-20,HD,2025-11-20,2025-11-19,True,,False,-0.00633781763826613,330846613729.86,332956833421.5
2025-11-20,HON,2025-11-20,2025-11-19,False,tradability_policy,False,-0.012751220024138199,62637356672.61667,63446375364.62507
2025-11-20,IBM,2025-11-20,2025-11-19,True,,False,0.0064811284788410806,270513187876.8,268771246894.25998
2025-11-20,JNJ,2025-11-20,2025-11-19,True,,False,0.0027652955409609437,489061374737.04,487712704968.72
2025-11-20,JPM,2025-11-20,2025-11-19,True,,False,-0.01612424572163418,820471554956.52,833917851302.58
2025-11-20,KO,2025-11-20,2025-11-19,True,,False,0.0014062719729994733,306464145014.92,306033778289.72
2025-11-20,MCD,2025-11-20,2025-11-19,True,,False,0.004690493492766068,217049924645.44003,216036606349.16
2025-11-20,MMM,2025-11-20,2025-11-19,False,tradability_policy,False,-0.011826149597790825,87676175246.22,88725455759.16
2025-11-20,MRK,2025-11-20,2025-11-19,True,,False,-0.0008416622830089704,237214471548.66998,237414294205.55
2025-11-20,MSFT,2025-11-20,2025-11-19,True,,False,-0.0159714238791262,3556249790704.97,3620844006538.48
2025-11-20,NKE,2025-11-20,2025-11-19,False,tradability_policy,False,-0.019316730523627035,90726181513.56,92513234738.88
2025-11-20,PG,2025-11-20,2025-11-19,True,,False,0.00816382066807253,347116030806.72,344305185021.12
2025-11-20,TRV,2025-11-20,2025-11-19,False,tradability_policy,False,0.008337128244649161,64804776131.850006,64268957590.270004
2025-11-20,UNH,2025-11-20,2025-11-19,True,,False,0.007926493901452725,282153561132.5,279934660751.25
2025-11-20,V,2025-11-20,2025-11-19,True,,False,-0.0010798469702579805,602304624485.018,602955724397.208
2025-11-20,WMT,2025-11-20,2025-11-19,True,,False,0.06460590398568722,853972083677.42,802148551384.42
2025-11-21,AAPL,2025-11-21,2025-11-20,True,,False,0.019680751173708932,4029017481100.0,3951253837500.0
2025-11-21,AMGN,2025-11-21,2025-11-20,False,tradability_policy,False,0.011455946677775497,181718659186.54,180927267265.57
2025-11-21,AXP,2025-11-21,2025-11-20,True,,False,0.026439790575916167,245569879086.03,239244309642.6
2025-11-21,BA,2025-11-21,2025-11-20,False,tradability_policy,False,0.001783922399375637,135881537791.49998,135639567329.09999
2025-11-21,CAT,2025-11-21,2025-11-20,True,,False,0.007873583212788082,257864853586.88998,255850394217.99
2025-11-21,CRM,2025-11-21,2025-11-20,False,tradability_policy,False,0.007720637174424283,216208720000.0,214552240000.0
2025-11-21,CSCO,2025-11-21,2025-11-20,True,,False,0.008748674443266102,300838288123.3,298229178134.32
2025-11-21,CVX,2025-11-21,2025-11-20,True,,False,-0.00219546271039861,259163996592.47998,259734233416.56
2025-11-21,DIS,2025-11-21,2025-11-20,False,tradability_policy,False,0.01538461538461533,187488540105.24,184647804649.1
2025-11-21,GS,2025-11-21,2025-11-20,True,,False,0.000426521907715971,234315206840.75998,234215308880.40002
2025-11-21,HD,2025-11-21,2025-11-20,True,,False,0.0329141344244539,341736143648.04,330846613729.86
2025-11-21,HON,2025-11-21,2025-11-20,False,tradability_policy,False,0.009992558732858647,63263264138.03881,62637356672.61667
2025-11-21,IBM,2025-11-21,2025-11-20,True,,False,0.0242424242424244,277071083340.48,270513187876.8
2025-11-21,JNJ,2025-11-21,2025-11-20,True,,False,0.004087260550549088,491060296000.8,489061374737.04
2025-11-21,JPM,2025-11-21,2025-11-20,True,,False,-0.0012065151819827813,819481643569.08,820471554956.52
2025-11-21,KO,2025-11-21,2025-11-20,True,,False,0.02443477039741615,313952526033.4,306464145014.92
2025-11-21,MCD,2025-11-21,2025-11-20,True,,False,0.017063387690689158,220753531657.90002,217049924645.44003
2025-11-21,MMM,2025-11-21,2025-11-20,False,tradability_policy,False,0.02114087843994894,89529726609.18001,87676175246.22
2025-11-21,MRK,2025-11-21,2025-11-20,True,,False,0.029377698220490744,244183286707.36002,237214471548.66998
2025-11-21,MSFT,2025-11-21,2025-11-20,True,,False,-0.013188972263445065,3509346510853.48,3556249790704.97
2025-11-21,NKE,2025-11-21,2025-11-20,False,tradability_policy,False,0.0223018069347225,92749539297.59999,90726181513.56
2025-11-21,PG,2025-11-21,2025-11-20,True,,False,0.018422295701464364,353510704968.95996,347116030806.72
2025-11-21,TRV,2025-11-21,2025-11-20,False,tradability_policy,False,0.007712350182386585,65304573258.869995,64804776131.850006
2025-11-21,UNH,2025-11-21,2025-11-20,True,,False,0.027059125633947412,289788389791.25,282153561132.5
2025-11-21,V,2025-11-21,2025-11-20,True,,False,0.013003057726163725,610136426285.932,602304624485.018
2025-11-21,WMT,2025-11-21,2025-11-20,True,,False,-0.016711791616095706,839700680169.0399,853972083677.42
2025-11-24,AAPL,2025-11-24,2025-11-21,True,,False,0.01631735975542381,4094760408800.0,4029017481100.0
2025-11-24,AMGN,2025-11-24,2025-11-21,False,tradability_policy,False,-0.009598862357053983,179974366789.30002,181718659186.54
2025-11-24,AXP,2025-11-24,2025-11-21,True,,False,0.008614582447788344,247685361056.11002,245569879086.03
2025-11-24,BA,2025-11-24,2025-11-21,False,tradability_policy,False,-0.003227601558152382,135442966328.40001,135881537791.49998
2025-11-24,CAT,2025-11-24,2025-11-21,True,,False,0.01665970241447612,262160805310.80002,257864853586.88998
2025-11-24,CRM,2025-11-24,2025-11-21,False,tradability_policy,False,-0.0012769142706178238,215932640000.0,216208720000.0
2025-11-24,CSCO,2025-11-24,2025-11-21,True,,False,0.0018396846254928878,301391735696.72,300838288123.3
2025-11-24,CVX,2025-11-24,2025-11-21,True,,False,-0.001533537805040619,258766558806.0,259163996592.47998
2025-11-24,DIS,2025-11-24,2025-11-21,False,tradability_policy,False,-0.02243958573072502,183281374936.02,187488540105.24
2025-11-24,GS,2025-11-24,2025-11-21,True,,False,0.021549552342932543,239364594655.32,234315206840.75998
2025-11-24,HD,2025-11-24,2025-11-21,True,,False,-0.01963183036234417,335027237647.26,341736143648.04
2025-11-24,HON,2025-11-24,2025-11-21,False,tradability_policy,False,-0.0071571413535418404,62810480014.11641,63263264138.03881
2025-11-24,IBM,2025-11-24,2025-11-21,True,,False,0.02245831091984951,283293631877.04,277071083340.48
2025-11-24,JNJ,2025-11-24,2025-11-21,True,,False,0.010544384502207071,496238224575.60004,491060296000.8
2025-11-24,JPM,2025-11-24,2025-11-21,True,,False,-6.710958996036798e-05,819426648492.0,819481643569.08
2025-11-24,KO,2025-11-24,2025-11-21,True,,False,-0.004934886908841696,312403205822.68,313952526033.4
2025-11-24,MCD,2025-11-24,2025-11-21,True,,False,-0.014385000808146309,217577991926.59998,220753531657.90002
2025-11-24,MMM,2025-11-24,2025-11-21,False,tradability_policy,False,0.008745315009816235,90312692271.12,89529726609.18001
2025-11-24,MRK,2025-11-24,2025-11-21,True,,False,0.027004909983633363,250777434384.40002,244183286707.36002
2025-11-24,MSFT,2025-11-24,2025-11-21,True,,False,0.003982038464797055,3523320863646.0,3509346510853.48
2025-11-24,NKE,2025-11-24,2025-11-21,False,tradability_policy,False,-0.013853503184713345,91464633259.56,92749539297.59999
2025-11-24,PG,2025-11-24,2025-11-21,True,,False,-0.026106546514709783,344281761306.24,353510704968.95996
2025-11-24,TRV,2025-11-24,2025-11-21,False,tradability_policy,False,0.0026545316647705874,65477926316.439995,65304573258.869995
2025-11-24,UNH,2025-11-24,2025-11-21,True,,False,-0.002875269556520954,288955170056.25,289788389791.25
2025-11-24,V,2025-11-24,2025-11-21,True,,False,0.004024635648515185,612592003097.62,610136426285.932
2025-11-24,WMT,2025-11-24,2025-11-21,True,,False,-0.011963539688568114,829654887755.3201,839700680169.0399
2025-11-25,AAPL,2025-11-25,2025-11-24,True,,False,0.003805450855320469,4110342818300.0005,4094760408800.0
2025-11-25,AMGN,2025-11-25,2025-11-24,False,tradability_policy,False,0.020370924319473627,183640610994.61002,179974366789.30002
2025-11-25,AXP,2025-11-25,2025-11-24,True,,False,0.01885202146489462,252354730799.28,247685361056.11002
2025-11-25,BA,2025-11-25,2025-11-24,False,tradability_policy,False,0.018535060294774475,137953409875.8,135442966328.40001
2025-11-25,CAT,2025-11-25,2025-11-24,True,,False,0.012526804860614638,265444842561.03,262160805310.80002
2025-11-25,CRM,2025-11-25,2025-11-24,True,,False,0.03218411074861138,222882240000.0,215932640000.0
2025-11-25,CSCO,2025-11-25,2025-11-24,True,,False,0.0010493179433368471,301707991452.95996,301391735696.72
2025-11-25,CVX,2025-11-25,2025-11-24,True,,False,-0.008146911519198663,256658410547.28,258766558806.0
2025-11-25,DIS,2025-11-25,2025-11-24,False,tradability_policy,False,0.013439278006670552,185744544287.23,183281374936.02
2025-11-25,GS,2025-11-25,2025-11-24,True,,False,0.014683006411958965,242879186533.44,239364594655.32
2025-11-25,HD,2025-11-25,2025-11-24,True,,False,0.04305068631528908,349450390162.29,335027237647.26
2025-11-25,HON,2025-11-25,2025-11-24,False,tradability_policy,False,0.01250927594614648,63596193640.92292,62810480014.11641
2025-11-25,IBM,2025-11-25,2025-11-24,True,,False,0.0011837432592398667,283628978804.16003,283293631877.04
2025-11-25,JNJ,2025-11-25,2025-11-24,True,,False,0.009318126668284243,497731394676.24,496238224575.60004
2025-11-25,JPM,2025-11-25,2025-11-24,True,,False,0.016778523489932917,833175417762.0,819426648492.0
2025-11-25,KO,2025-11-25,2025-11-24,True,,False,0.0002755200440831551,312489279167.72,312403205822.68
2025-11-25,MCD,2025-11-25,2025-11-24,False,tradability_policy,False,0.018202689406362715,221538496535.3,217577991926.59998
2025-11-25,MMM,2025-11-25,2025-11-24,False,tradability_policy,False,0.011677282377919207,91367299081.08,90312692271.12
2025-11-25,MRK,2025-11-25,2025-11-24,True,,False,0.05239043824701195,263915774074.25998,250777434384.40002
2025-11-25,MSFT,2025-11-25,2025-11-24,True,,False,0.006308016877637046,3545546031119.21,3523320863646.0
2025-11-25,NKE,2025-11-25,2025-11-24,False,tradability_policy,False,0.02825771031810098,94049214370.56,91464633259.56
2025-11-25,PG,2025-11-25,2025-11-24,True,,False,0.010273506599537408,347818742253.12,344281761306.24
2025-11-25,TRV,2025-11-25,2025-11-24,False,tradability_policy,False,0.009833585476550777,66121809101.7,65477926316.439995
2025-11-25,UNH,2025-11-25,2025-11-24,True,,False,0.02266102491772437,295503190365.0,288955170056.25
2025-11-25,V,2025-11-25,2025-11-24,True,,False,0.015882174309140407,622321296071.2019,612592003097.62
2025-11-25,WMT,2025-11-25,2025-11-24,True,,False,0.028252931001345294,853095070054.0,829654887755.3201
2025-11-26,AAPL,2025-11-26,2025-11-25,True,,False,0.002094089612593386,4118950244500.0,4110342818300.0005
2025-11-26,AMGN,2025-11-26,2025-11-25,False,tradability_policy,False,0.01014335551581591,185503342999.07,183640610994.61002
2025-11-26,AXP,2025-11-26,2025-11-25,True,,False,0.003667549084491517,253280254161.19003,252354730799.28
2025-11-26,BA,2025-11-26,2025-11-25,False,tradability_policy,False,0.024556018417013714,141340996349.4,137953409875.8
2025-11-26,CAT,2025-11-26,2025-11-25,True,,False,0.012565962478600756,268780412492.79,265444842561.03
2025-11-26,CRM,2025-11-26,2025-11-25,False,tradability_policy,False,-0.02549974372116859,217198800000.0,222882240000.0
2025-11-26,CSCO,2025-11-26,2025-11-25,True,,False,-0.003275681341719072,300719692214.70996,301707991452.95996
2025-11-26,CVX,2025-11-26,2025-11-25,True,,False,0.006597993671312086,258351841115.75998,256658410547.28
2025-11-26,DIS,2025-11-26,2025-11-25,False,tradability_policy,False,0.0011615526086536931,185960296347.19,185744544287.23
2025-11-26,GS,2025-11-26,2025-11-25,True,,False,0.017063017249975054,247023438282.91998,242879186533.44
2025-11-26,HD,2025-11-26,2025-11-25,True,,False,0.012533113054376654,353830091409.09,349450390162.29
2025-11-26,HON,2025-11-26,2025-11-25,False,tradability_policy,False,-0.005392105538687075,63253276252.95228,63596193640.92292
2025-11-26,IBM,2025-11-26,2025-11-25,True,,False,-0.004171045717288657,282445949366.82,283628978804.16003
2025-11-26,JNJ,2025-11-26,2025-11-25,True,,False,0.004306382155126576,499874816272.32,497731394676.24
2025-11-26,JPM,2025-11-26,2025-11-25,True,,False,0.015313531353135179,845934275644.5599,833175417762.0
2025-11-26,KO,2025-11-26,2025-11-25,True,,False,0.0037184960749208074,313651269325.76,312489279167.72
2025-11-26,MCD,2025-11-26,2025-11-25,True,,False,0.006281204702850651,222930025181.59998,221538496535.3
2025-11-26,MMM,2025-11-26,2025-11-25,False,tradability_policy,False,-0.004313862655940248,90973153101.6,91367299081.08
2025-11-26,MRK,2025-11-26,2025-11-25,True,,False,-0.009748249100889672,261343057366.93,263915774074.25998
2025-11-26,MSFT,2025-11-26,2025-11-25,True,,False,0.01784104488563698,3608802277004.5,3545546031119.21
2025-11-26,NKE,2025-11-26,2025-11-25,False,tradability_policy,False,0.010207286432160734,95009201640.36,94049214370.56
2025-11-26,PG,2025-11-26,2025-11-25,True,,False,-0.0016162704559230523,347256573096.0,347818742253.12
2025-11-26,TRV,2025-11-26,2025-11-25,False,tradability_policy,False,0.0027919645897174217,66306418851.32,66121809101.7
2025-11-26,UNH,2025-11-26,2025-11-25,True,,False,0.010512443300233043,298609650898.75,295503190365.0
2025-11-26,V,2025-11-26,2025-11-25,True,,False,-0.0022120587092336885,620944684828.286,622321296071.2019
2025-11-26,WMT,2025-11-26,2025-11-25,True,,False,0.01962616822429908,869838057410.2,853095070054.0
2025-11-28,AAPL,2025-11-28,2025-11-26,True,,False,0.004683840749414525,4138242751500.0005,4118950244500.0
2025-11-28,AMGN,2025-11-28,2025-11-26,False,tradability_policy,False,0.002582929448297744,185982485046.46,185503342999.07
2025-11-28,AXP,2025-11-28,2025-11-26,True,,False,0.0035717229441984966,254184901056.28998,253280254161.19003
2025-11-28,BA,2025-11-28,2025-11-26,False,tradability_policy,False,0.011127755189385802,142913804355.0,141340996349.4
2025-11-28,CAT,2025-11-28,2025-11-26,True,,False,0.003538249699335916,269731424706.48,268780412492.79
2025-11-28,CRM,2025-11-28,2025-11-26,False,tradability_policy,False,0.010475564321718034,219474080000.0,217198800000.0
2025-11-28,CSCO,2025-11-28,2025-11-26,True,,False,0.011436834494544579,304158973563.82,300719692214.70996
2025-11-28,CVX,2025-11-28,2025-11-26,True,,False,0.010835395625710786,261151185524.88,258351841115.75998
2025-11-28,DIS,2025-11-28,2025-11-26,False,tradability_policy,False,0.01005510973605328,187830147533.51,185960296347.19
2025-11-28,GS,2025-11-28,2025-11-26,True,,False,0.012291516035342731,250059730835.68,247023438282.91998
2025-11-28,HD,2025-11-28,2025-11-26,True,,False,0.004079106535009869,355273402047.24,353830091409.09
2025-11-28,HON,2025-11-28,2025-11-26,False,tradability_policy,False,0.011579556818779979,63985721159.29732,63253276252.95228
2025-11-28,IBM,2025-11-28,2025-11-26,True,,False,0.017710497674878756,287448207696.36,282445949366.82
2025-11-28,JNJ,2025-11-28,2025-11-26,True,,False,-0.003083445750626357,498333479394.24,499874816272.32
2025-11-28,JPM,2025-11-28,2025-11-26,True,,False,0.0176830061110389,860892936610.32,845934275644.5599
2025-11-28,KO,2025-11-28,2025-11-26,True,,False,0.003293084522502765,314684149466.24,313651269325.76
2025-11-28,MCD,2025-11-28,2025-11-26,True,,False,-0.001856594110115184,222516134609.88,222930025181.59998
2025-11-28,MMM,2025-11-28,2025-11-26,False,tradability_policy,False,0.007318501170960223,91638940229.1,90973153101.6
2025-11-28,MRK,2025-11-28,2025-11-26,True,,False,0.001911497658415362,261842614009.13,261343057366.93
2025-11-28,MSFT,2025-11-28,2025-11-26,True,,False,0.013408856848609707,3657192190131.79,3608802277004.5
2025-11-28,NKE,2025-11-28,2025-11-26,False,tradability_policy,False,0.004663454064977479,95452272687.95999,95009201640.36
2025-11-28,PG,2025-11-28,2025-11-26,True,,False,-0.0006070826306914245,347045759662.08,347256573096.0
2025-11-28,TRV,2025-11-28,2025-11-26,False,tradability_policy,False,-0.005636289555887464,65932696675.26,66306418851.32
2025-11-28,UNH,2025-11-28,2025-11-26,True,,False,0.00018197810196829423,298663991316.25,298609650898.75
2025-11-28,V,2025-11-28,2025-11-26,True,,False,0.0019473321549476896,622153870379.496,620944684828.286
2025-11-28,WMT,2025-11-28,2025-11-26,True,,False,0.012923923006416205,881079777492.2201,869838057410.2
2025-12-01,AAPL,2025-12-01,2025-11-28,True,,False,0.01524116908732287,4201314409000.0005,4138242751500.0005
2025-12-01,AMGN,2025-12-01,2025-11-28,False,tradability_policy,False,-0.023070688357552216,181691741093.99,185982485046.46
2025-12-01,AXP,2025-12-01,2025-11-28,True,,False,-0.013578996358857731,250733325210.37,254184901056.28998
2025-12-01,BA,2025-12-01,2025-11-28,False,tradability_policy,False,-0.013439153439153362,140993163809.7,142913804355.0
2025-12-01,CAT,2025-12-01,2025-11-28,True,,False,-0.013373627900514218,266124136999.37997,269731424706.48
2025-12-01,CRM,2025-12-01,2025-11-28,True,,False,0.009933200312310264,221654160000.0,219474080000.0
2025-12-01,CSCO,2025-12-01,2025-11-28,True,,False,-0.011697426566155356,300601096306.12,304158973563.82
2025-12-01,CVX,2025-12-01,2025-11-28,True,,False,0.009329716138423816,263587651955.03998,261151185524.88
2025-12-01,DIS,2025-12-01,2025-11-28,False,tradability_policy,False,0.02201588972910873,191965395349.41,187830147533.51
2025-12-01,GS,2025-12-01,2025-11-28,True,,False,-0.018376834051619717,245464424659.12,250059730835.68
2025-12-01,HD,2025-12-01,2025-11-28,True,,False,0.0011487167992827452,355681510572.51,355273402047.24
2025-12-01,HON,2025-12-01,2025-11-28,False,tradability_policy,False,-0.010250273167178303,63329850038.61562,63985721159.29732
2025-12-01,IBM,2025-12-01,2025-11-28,True,,False,-0.00943029360295533,284737486702.14,287448207696.36
2025-12-01,JNJ,2025-12-01,2025-11-28,True,,False,-0.007635801275855281,494528303976.48,498333479394.24
2025-12-01,JPM,2025-12-01,2025-11-28,True,,False,-0.013287338699373819,849453960577.68,860892936610.32
2025-12-01,KO,2025-12-01,2025-11-28,True,,False,-0.009026258205689364,309648858781.4,314684149466.24
2025-12-01,MCD,2025-12-01,2025-11-28,False,tradability_policy,False,-0.02049259187993069,216628898029.38,222516134609.88
2025-12-01,MMM,2025-12-01,2025-11-28,False,tradability_policy,False,-0.00912525428654476,90802711596.95999,91638940229.1
2025-12-01,MRK,2025-12-01,2025-11-28,True,,False,-0.02861776209100453,254349264376.13,261842614009.13
2025-12-01,MSFT,2025-12-01,2025-11-28,True,,False,-0.010711164407227414,3618019403314.46,3657192190131.79
2025-12-01,NKE,2025-12-01,2025-11-28,False,tradability_policy,False,0.018103048120068355,96659587126.57,95452272687.95999
2025-12-01,PG,2025-12-01,2025-11-28,True,,False,-0.004859611231101457,345359252190.72,347045759662.08
2025-12-01,TRV,2025-12-01,2025-11-28,False,tradability_policy,False,-0.00805845796626381,65401380810.5,65932696675.26
2025-12-01,UNH,2025-12-01,2025-11-28,True,,False,-0.019892652454741144,292722772336.25,298663991316.25
2025-12-01,V,2025-12-01,2025-11-28,True,,False,-0.0121097954790097,614619714252.726,622153870379.496
2025-12-01,WMT,2025-12-01,2025-11-28,True,,False,0.009229933942629609,889212085636.66,881079777492.2201
2025-12-02,AAPL,2025-12-02,2025-12-01,True,,False,0.010914871070293097,4247171214100.0,4201314409000.0005
2025-12-02,AMGN,2025-12-02,2025-12-01,False,tradability_policy,False,0.002577854158641646,182160115904.36002,181691741093.99
2025-12-02,AXP,2025-12-02,2025-12-01,True,,False,0.0010824012655767934,251004719278.9,250733325210.37
2025-12-02,BA,2025-12-02,2025-12-01,False,tradability_policy,False,0.1014694840716508,155299667399.1,140993163809.7
2025-12-02,CAT,2025-12-02,2025-12-01,True,,False,0.025367038693095978,272874918279.81,266124136999.37997
2025-12-02,CRM,2025-12-02,2025-12-01,True,,False,0.008074560838379874,223443920000.0,221654160000.0
2025-12-02,CSCO,2025-12-02,2025-12-01,True,,False,0.010915307732772161,303882249777.11005,300601096306.12
2025-12-02,CVX,2025-12-02,2025-12-01,True,,False,-0.015012455749311648,259630553994.0,263587651955.03998
2025-12-02,DIS,2025-12-02,2025-12-01,False,tradability_policy,False,-0.018169897911398336,188477403713.38998,191965395349.41
2025-12-02,GS,2025-12-02,2025-12-01,True,,False,0.010297708605677913,246781261409.32,245464424659.12
2025-12-02,HD,2025-12-02,2025-12-01,True,,False,-0.009235160775753593,352396734637.41,355681510572.51
2025-12-02,HON,2025-12-02,2025-12-01,False,tradability_policy,False,0.015403217327305319,64305333482.06607,63329850038.61562
2025-12-02,IBM,2025-12-02,2025-12-01,True,,False,-0.012726142572054955,281113876850.75995,284737486702.14
2025-12-02,JNJ,2025-12-02,2025-12-01,True,,False,0.0003895977403329809,494720971086.24,494528303976.48
2025-12-02,JPM,2025-12-02,2025-12-01,True,,False,-0.003366567396089648,846594216569.52,849453960577.68
2025-12-02,KO,2025-12-02,2025-12-01,True,,False,-0.01779013203613622,304140164698.84,309648858781.4
2025-12-02,MCD,2025-12-02,2025-12-01,False,tradability_policy,False,-0.009388279474256245,214595125392.48,216628898029.38
2025-12-02,MMM,2025-12-02,2025-12-01,False,tradability_policy,False,0.006335053965274673,91377951675.12,90802711596.95999
2025-12-02,MRK,2025-12-02,2025-12-01,True,,False,-0.007856230973190548,252351037807.33002,254349264376.13
2025-12-02,MSFT,2025-12-02,2025-12-01,True,,False,0.006697620906438662,3642251525710.0,3618019403314.46
2025-12-02,NKE,2025-12-02,2025-12-01,False,tradability_policy,False,-0.007034714788193841,95979614499.59001,96659587126.57
2025-12-02,PG,2025-12-02,2025-12-01,True,,False,-0.010716223548562054,341658305239.68005,345359252190.72
2025-12-02,TRV,2025-12-02,2025-12-01,False,tradability_policy,False,-0.006815834767642026,64955615805.32,65401380810.5
2025-12-02,UNH,2025-12-02,2025-12-01,True,,False,0.00411497169023245,293927318257.5,292722772336.25
2025-12-02,V,2025-12-02,2025-12-01,True,,False,-0.002330579012681966,613187294445.908,614619714252.726
2025-12-02,WMT,2025-12-02,2025-12-01,True,,False,0.007890253743387365,896228194624.02,889212085636.66
2025-12-03,AAPL,2025-12-03,2025-12-02,True,,False,-0.007128131660784853,4216896818499.9995,4247171214100.0
2025-12-03,AMGN,2025-12-03,2025-12-02,False,tradability_policy,False,0.020865350514245096,185960950572.42,182160115904.36002
2025-12-03,AXP,2025-12-03,2025-12-02,True,,False,0.02059883559744935,256175124225.51,251004719278.9
2025-12-03,BA,2025-12-03,2025-12-02,False,tradability_policy,False,-0.01382802609796474,153152179545.3,155299667399.1
2025-12-03,CAT,2025-12-03,2025-12-02,True,,False,0.015485776091472392,277100598165.27,272874918279.81
2025-12-03,CRM,2025-12-03,2025-12-02,True,,False,0.017084913297260362,227261440000.0,223443920000.0
2025-12-03,CSCO,2025-12-03,2025-12-02,True,,False,0.011447899050344601,307361063095.75,303882249777.11005
2025-12-03,CVX,2025-12-03,2025-12-02,True,,False,0.008918469217970015,261946061097.84,259630553994.0
2025-12-03,DIS,2025-12-03,2025-12-02,False,tradability_policy,False,0.008680721167604766,190113523501.41998,188477403713.38998
2025-12-03,GS,2025-12-03,2025-12-02,True,,False,0.02620183756332728,253247383934.44,246781261409.32
2025-12-03,HD,2025-12-03,2025-12-02,True,,False,0.010959523204248312,356258834827.77,352396734637.41
2025-12-03,HON,2025-12-03,2025-12-02,False,tradability_policy,False,0.0016567434636292067,64411870922.98899,64305333482.06607
2025-12-03,IBM,2025-12-03,2025-12-02,True,,False,0.0027834846576977323,281896353014.04,281113876850.75995
2025-12-03,JNJ,2025-12-03,2025-12-02,True,,False,-0.00043812676467713807,494504220587.76,494720971086.24
2025-12-03,JPM,2025-12-03,2025-12-02,True,,False,0.01380407951149798,858280670449.02,846594216569.52
2025-12-03,KO,2025-12-03,2025-12-02,True,,False,0.001981038630253229,304742678114.12,304140164698.84
2025-12-03,MCD,2025-12-03,2025-12-02,False,tradability_policy,False,0.02324421388667175,219583220386.13998,214595125392.48
2025-12-03,MMM,2025-12-03,2025-12-02,False,tradability_policy,False,0.00891816274189794,92192875119.18001,91377951675.12
2025-12-03,MRK,2025-12-03,2025-12-02,True,,False,0.012273582104325387,255448288988.97,252351037807.33002
2025-12-03,MSFT,2025-12-03,2025-12-02,True,,False,-0.025040816326530546,3551046574239.67,3642251525710.0
2025-12-03,NKE,2025-12-03,2025-12-02,False,tradability_policy,False,0.01108886493146466,97043919480.95001,95979614499.59001
2025-12-03,PG,2025-12-03,2025-12-02,True,,False,0.005827505827505686,343649321004.48004,341658305239.68005
2025-12-03,TRV,2025-12-03,2025-12-02,False,tradability_policy,False,-0.014730347982808811,63998796981.07,64955615805.32
2025-12-03,UNH,2025-12-03,2025-12-02,True,,False,0.04674308251679293,307666387148.75,293927318257.5
2025-12-03,V,2025-12-03,2025-12-02,True,,False,-3.0337964929239014e-05,613168691591.2739,613187294445.908
2025-12-03,WMT,2025-12-03,2025-12-02,True,,False,0.01779201138688724,912173896868.02,896228194624.02
2025-12-04,AAPL,2025-12-04,2025-12-03,True,,False,-0.012141474573288735,4165697473000.0,4216896818499.9995
2025-12-04,AMGN,2025-12-04,2025-12-03,False,tradability_policy,False,-0.015227838573330987,183129167236.16,185960950572.42
2025-12-04,AXP,2025-12-04,2025-12-03,True,,False,0.008203623719881481,258276688551.05,256175124225.51
2025-12-04,BA,2025-12-04,2025-12-03,False,tradability_policy,False,-0.003307988545472429,152645553889.65,153152179545.3
2025-12-04,CAT,2025-12-04,2025-12-03,True,,False,0.012950345737037017,280689146715.45,277100598165.27
2025-12-04,CRM,2025-12-04,2025-12-03,True,,False,0.03661193029490617,235581920000.0,227261440000.0
2025-12-04,CSCO,2025-12-04,2025-12-03,True,,False,0.0001286173633441301,307400595065.28,307361063095.75
2025-12-04,CVX,2025-12-04,2025-12-03,True,,False,0.004419816610594207,263103814649.75998,261946061097.84
2025-12-04,DIS,2025-12-04,2025-12-03,False,tradability_policy,False,-0.002553432948742107,189628081366.51,190113523501.41998
2025-12-04,GS,2025-12-04,2025-12-03,True,,False,0.0015061501129611798,253628812510.36002,253247383934.44
2025-12-04,HD,2025-12-04,2025-12-03,True,,False,-0.012405353301109145,349549928826.99,356258834827.77
2025-12-04,HON,2025-12-04,2025-12-03,False,tradability_policy,False,-0.006409262417945927,63999038339.41269,64411870922.98899
2025-12-04,IBM,2025-12-04,2025-12-03,True,,False,0.017745026766241567,286898611343.58,281896353014.04
2025-12-04,JNJ,2025-12-04,2025-12-03,True,,False,-0.013880095456095143,487640454802.56,494504220587.76
2025-12-04,JPM,2025-12-04,2025-12-03,True,,False,0.012719059366289809,869197193249.4,858280670449.02
2025-12-04,KO,2025-12-04,2025-12-03,True,,False,-0.005084027679706282,303193357903.4,304742678114.12
2025-12-04,MCD,2025-12-04,2025-12-03,False,tradability_policy,False,0.002697344902668153,220175512066.36002,219583220386.13998
2025-12-04,MMM,2025-12-04,2025-12-03,False,tradability_policy,False,-0.02206944364203589,90158229657.54001,92192875119.18001
2025-12-04,MRK,2025-12-04,2025-12-03,True,,False,-0.013493693165151033,252001348157.79,255448288988.97
2025-12-04,MSFT,2025-12-04,2025-12-03,True,,False,0.00650995332091342,3574163721678.36,3551046574239.67
2025-12-04,NKE,2025-12-04,2025-12-03,False,tradability_policy,False,0.0006092916984004049,97103047535.47,97043919480.95001
2025-12-04,PG,2025-12-04,2025-12-03,True,,False,-0.00920182673301062,340487119495.68005,343649321004.48004
2025-12-04,TRV,2025-12-04,2025-12-03,False,tradability_policy,False,-0.0049952509937734035,63679106926.850006,63998796981.07
2025-12-04,UNH,2025-12-04,2025-12-03,True,,False,-0.01830973477377751,302033097201.25,307666387148.75
2025-12-04,V,2025-12-04,2025-12-03,True,,False,-0.007615060222687431,608499375078.14,613168691591.2739
2025-12-04,WMT,2025-12-04,2025-12-03,True,,False,0.0037584127261602873,915602222850.48,912173896868.02
2025-12-05,AAPL,2025-12-05,2025-12-04,True,,False,-0.006840042750267283,4137203924199.9995,4165697473000.0
2025-12-05,AMGN,2025-12-05,2025-12-04,False,tradability_policy,False,-0.03019167450611493,177600191026.38998,183129167236.16
2025-12-05,AXP,2025-12-05,2025-12-04,True,,False,-0.002155462750909165,257719982769.45,258276688551.05
2025-12-05,BA,2025-12-05,2025-12-04,False,tradability_policy,False,9.907366126715722e-05,152660677043.55,152645553889.65
2025-12-05,CAT,2025-12-05,2025-12-04,True,,False,0.006709505132270754,282572431985.91,280689146715.45
2025-12-05,CRM,2025-12-05,2025-12-04,True,,False,0.0529782591125838,248062640000.0,235581920000.0
2025-12-05,CSCO,2025-12-05,2025-12-04,True,,False,0.002700617283950546,308230766425.41,307400595065.28
2025-12-05,CVX,2025-12-05,2025-12-04,True,,False,-0.014843031656377237,259198556400.0,263103814649.75998
2025-12-05,DIS,2025-12-05,2025-12-04,False,tradability_policy,False,-0.0016118327486489559,189322432614.9,189628081366.51
2025-12-05,GS,2025-12-05,2025-12-04,True,,False,0.019968251315899188,258693336379.52,253628812510.36002
2025-12-05,HD,2025-12-05,2025-12-04,True,,False,0.009795825383717371,352974058892.67004,349549928826.99
2025-12-05,HON,2025-12-05,2025-12-04,False,tradability_policy,False,-0.004681891484159428,63699401786.81699,63999038339.41269
2025-12-05,IBM,2025-12-05,2025-12-04,True,,False,-0.0001623429332121562,286852035381.48,286898611343.58
2025-12-05,JNJ,2025-12-05,2025-12-04,True,,False,-0.0027163176610034423,486315868422.96,487640454802.56
2025-12-05,JPM,2025-12-05,2025-12-04,True,,False,-0.0033533691869661597,866282454164.16,869197193249.4
2025-12-05,KO,2025-12-05,2025-12-04,True,,False,-0.0063875088715401596,301256707640.0,303193357903.4
2025-12-05,MCD,2025-12-05,2025-12-04,False,tradability_policy,False,0.008718480585985677,222095107993.82,220175512066.36002
2025-12-05,MMM,2025-12-05,2025-12-04,False,tradability_policy,False,-0.01057482129142806,89204822490.95999,90158229657.54001
2025-12-05,MRK,2025-12-05,2025-12-04,True,,False,-0.011596788581623607,249078941800.91998,252001348157.79
2025-12-05,MSFT,2025-12-05,2025-12-04,True,,False,0.004824889776225083,3591408667677.64,3574163721678.36
2025-12-05,NKE,2025-12-05,2025-12-04,False,tradability_policy,False,0.0025879129243415733,97354341767.18,97103047535.47
2025-12-05,PG,2025-12-05,2025-12-04,True,,False,-0.013139790864061807,336013189953.6,340487119495.68005
2025-12-05,TRV,2025-12-05,2025-12-04,False,tradability_policy,False,-0.00692946791585658,63237844598.49,63679106926.850006
2025-12-05,UNH,2025-12-05,2025-12-04,True,,False,-0.007736363908962707,299696459248.75,302033097201.25
2025-12-05,V,2025-12-05,2025-12-04,True,,False,0.012656679914399227,616200956896.616,608499375078.14
2025-12-05,WMT,2025-12-05,2025-12-04,True,,False,0.0023510971786833146,917754892653.42,915602222850.48
2025-12-08,AAPL,2025-12-08,2025-12-05,True,,False,-0.003192481526651747,4123995977100.0,4137203924199.9995
2025-12-08,AMGN,2025-12-08,2025-12-05,False,tradability_policy,False,-0.026251174633968755,172937977396.73,177600191026.38998
2025-12-08,AXP,2025-12-08,2025-12-05,True,,False,-0.021790198460915455,252104213197.55997,257719982769.45
2025-12-08,BA,2025-12-08,2025-12-05,False,tradability_policy,False,0.021694982416167408,155972647747.65,152660677043.55
2025-12-08,CAT,2025-12-08,2025-12-05,True,,False,-0.011058242286585807,279447677569.5,282572431985.91
2025-12-08,CRM,2025-12-08,2025-12-05,True,,False,-0.003991249952028375,247072559999.99997,248062640000.0
2025-12-08,CSCO,2025-12-08,2025-12-05,True,,False,0.011414646658971517,311749111713.58,308230766425.41
2025-12-08,CVX,2025-12-08,2025-12-05,True,,False,-0.008599999999999941,256969448814.96002,259198556400.0
2025-12-08,DIS,2025-12-08,2025-12-05,False,tradability_policy,False,0.02212725546058869,193511618445.78998,189322432614.9
2025-12-08,GS,2025-12-08,2025-12-05,True,,False,0.014194439243587542,262365343225.48,258693336379.52
2025-12-08,HD,2025-12-08,2025-12-05,True,,False,-0.01325399734920052,348295741651.77,352974058892.67004
2025-12-08,HON,2025-12-08,2025-12-05,False,tradability_policy,False,0.0034495374483876073,63919135258.720505,63699401786.81699
2025-12-08,IBM,2025-12-08,2025-12-05,True,,False,0.004026758459440227,288007119241.56,286852035381.48
2025-12-08,JNJ,2025-12-08,2025-12-05,True,,False,-0.001535185460308064,485569283372.64,486315868422.96
2025-12-08,JPM,2025-12-08,2025-12-05,True,,False,0.0005396140172675423,866749912319.34,866282454164.16
2025-12-08,KO,2025-12-08,2025-12-05,True,,False,0.0035714285714285587,302332624453.0,301256707640.0
2025-12-08,MCD,2025-12-08,2025-12-05,False,tradability_policy,False,-0.004626803328727891,221067517608.86002,222095107993.82
2025-12-08,MMM,2025-12-08,2025-12-05,False,tradability_policy,False,-0.021017434917601996,87329965939.92,89204822490.95999
2025-12-08,MRK,2025-12-08,2025-12-05,True,,False,-0.007922182109907694,247105693064.23,249078941800.91998
2025-12-08,MSFT,2025-12-08,2025-12-05,True,,False,0.016267902972100234,3649833355416.58,3591408667677.64
2025-12-08,NKE,2025-12-08,2025-12-05,False,tradability_policy,False,-0.03522623747342846,93924914605.02,97354341767.18
2025-12-08,PG,2025-12-08,2025-12-05,True,,False,-0.03562216800278828,324043671649.92,336013189953.6
2025-12-08,TRV,2025-12-08,2025-12-05,False,tradability_policy,False,-0.003631314749546033,63008208080.67,63237844598.49
2025-12-08,UNH,2025-12-08,2025-12-05,True,,False,-0.015351606176906119,293094098522.5,299696459248.75
2025-12-08,V,2025-12-08,2025-12-05,True,,False,-0.013283419876826574,608015700857.6559,616200956896.616
2025-12-08,WMT,2025-12-08,2025-12-05,True,,False,-0.013465380939970406,905396973414.3201,917754892653.42
2025-12-09,AAPL,2025-12-09,2025-12-08,True,,False,-0.0025549677930115644,4113459300200.0,4123995977100.0
2025-12-09,AMGN,2025-12-09,2025-12-08,False,tradability_policy,False,-0.022974192945864336,168964866936.35,172937977396.73
2025-12-09,AXP,2025-12-09,2025-12-08,True,,False,0.004499282323065179,253238501227.57,252104213197.55997
2025-12-09,BA,2025-12-09,2025-12-08,False,tradability_policy,False,-0.02860328695399239,151511317347.15,155972647747.65
2025-12-09,CAT,2025-12-09,2025-12-08,True,,False,-0.0035875943000838184,278445132674.28,279447677569.5
2025-12-09,CRM,2025-12-09,2025-12-08,True,,False,0.005741147458868001,248491039999.99997,247072559999.99997
2025-12-09,CSCO,2025-12-09,2025-12-08,True,,False,0.008242454983515168,314318689733.03,311749111713.58
2025-12-09,CVX,2025-12-09,2025-12-08,True,,False,-0.0014793894156411858,256589290932.24002,256969448814.96002
2025-12-09,DIS,2025-12-09,2025-12-08,False,tradability_policy,False,-0.005667564805351688,192414878807.66,193511618445.78998
2025-12-09,GS,2025-12-09,2025-12-08,True,,False,0.01141123123608212,265359254825.36002,262365343225.48
2025-12-09,HD,2025-12-09,2025-12-08,True,,False,-0.013260552713555085,343677147609.69,348295741651.77
2025-12-09,HON,2025-12-09,2025-12-08,False,tradability_policy,False,-0.009479660398979184,63313203563.47141,63919135258.720505
2025-12-09,IBM,2025-12-09,2025-12-08,True,,False,0.004204670418526568,289218094256.16003,288007119241.56
2025-12-09,JNJ,2025-12-09,2025-12-08,True,,False,-0.008233310187481413,481571440845.12,485569283372.64
2025-12-09,JPM,2025-12-09,2025-12-08,True,,False,-0.046635576282478275,826328530665.5399,866749912319.34
2025-12-09,KO,2025-12-09,2025-12-08,True,,False,-0.00227758007117429,301644037692.68,302332624453.0
2025-12-09,MCD,2025-12-09,2025-12-08,False,tradability_policy,False,0.0032279931566545628,221781122042.86002,221067517608.86002
2025-12-09,MMM,2025-12-09,2025-12-08,False,tradability_policy,False,0.0068919248597218985,87931837503.18001,87329965939.92
2025-12-09,MRK,2025-12-09,2025-12-08,True,,False,-0.020620640857171746,242010215313.79,247105693064.23
2025-12-09,MSFT,2025-12-09,2025-12-08,True,,False,0.002036576921510269,3657266521795.58,3649833355416.58
2025-12-09,NKE,2025-12-09,2025-12-08,False,tradability_policy,False,-0.003305004721435356,93614492318.79,93924914605.02
2025-12-09,PG,2025-12-09,2025-12-08,True,,False,0.00932485181437026,327065330869.44,324043671649.92
2025-12-09,TRV,2025-12-09,2025-12-08,False,tradability_policy,False,-0.0025368921284881774,62848363053.560005,63008208080.67
2025-12-09,UNH,2025-12-09,2025-12-08,True,,False,-6.180087757245989e-05,293075985050.0,293094098522.5
2025-12-09,V,2025-12-09,2025-12-08,True,,False,-0.0010402643495287522,607383203800.1,608015700857.6559
2025-12-09,WMT,2025-12-09,2025-12-08,True,,False,0.013208876364917188,917356250097.3201,905396973414.3201
2025-12-10,AAPL,2025-12-10,2025-12-09,True,,False,0.005772422252687592,4137203924199.9995,4113459300200.0
2025-12-10,AMGN,2025-12-10,2025-12-09,False,tradability_policy,False,0.004874940258084992,169788560568.38,168964866936.35
2025-12-10,AXP,2025-12-10,2025-12-09,True,,False,0.032040889230853686,261352487994.38998,253238501227.57
2025-12-10,BA,2025-12-10,2025-12-09,False,tradability_policy,False,-0.008234765683485579,150263657150.4,151511317347.15
2025-12-10,CAT,2025-12-10,2025-12-09,True,,False,0.035315297126320866,288278505268.05,278445132674.28
2025-12-10,CRM,2025-12-10,2025-12-09,True,,False,0.012182974484713949,251518400000.0,248491039999.99997
2025-12-10,CSCO,2025-12-10,2025-12-09,True,,False,0.009307005408124791,317244055478.25,314318689733.03
2025-12-10,CVX,2025-12-10,2025-12-09,True,,False,0.019664623880395915,261635022830.16,256589290932.24002
2025-12-10,DIS,2025-12-10,2025-12-09,False,tradability_policy,False,0.01691272659316012,195669139045.38998,192414878807.66
2025-12-10,GS,2025-12-10,2025-12-09,True,,False,0.014442492413698549,269191703850.08002,265359254825.36002
2025-12-10,HD,2025-12-10,2025-12-09,True,,False,0.0169722246357924,349510113361.11,343677147609.69
2025-12-10,HON,2025-12-10,2025-12-09,False,tradability_policy,False,0.009938476100331384,63942440323.92239,63313203563.47141
2025-12-10,IBM,2025-12-10,2025-12-09,True,,False,0.007053594434424104,291258121396.14,289218094256.16003
2025-12-10,JNJ,2025-12-10,2025-12-09,True,,False,0.03290658131626323,497418310622.88,481571440845.12
2025-12-10,JPM,2025-12-10,2025-12-09,True,,False,0.031945692323051,852726167663.9401,826328530665.5399
2025-12-10,KO,2025-12-10,2025-12-09,True,,False,0.0017120844628333298,302160477762.92,301644037692.68
2025-12-10,MCD,2025-12-10,2025-12-09,False,tradability_policy,False,-0.000836577753467127,221595584890.02,221781122042.86002
2025-12-10,MMM,2025-12-10,2025-12-09,False,tradability_policy,False,0.003452662184262989,88235436433.31999,87931837503.18001
2025-12-10,MRK,2025-12-10,2025-12-09,True,,False,0.0075343172670039316,243833597057.82,242010215313.79
2025-12-10,MSFT,2025-12-10,2025-12-09,True,,False,-0.02735661151985691,3557216102334.24,3657266521795.58
2025-12-10,NKE,2025-12-10,2025-12-09,False,tradability_policy,False,0.03884414969208927,97250867671.77,93614492318.79
2025-12-10,PG,2025-12-10,2025-12-09,True,,False,0.0013607390961827281,327510381452.16,327065330869.44
2025-12-10,TRV,2025-12-10,2025-12-09,False,tradability_policy,False,0.0010388307780484496,62666004642.350006,62848363053.560005
2025-12-10,UNH,2025-12-10,2025-12-09,True,,False,0.014740420271940557,297396048241.25,293075985050.0
2025-12-10,V,2025-12-10,2025-12-09,True,,False,-0.0023583460949463397,605950783993.282,607383203800.1
2025-12-10,WMT,2025-12-10,2025-12-09,True,,False,-0.016339301234138626,902367289987.9601,917356250097.3201
2025-12-11,AAPL,2025-12-11,2025-12-10,True,,False,-0.0026902934213358654,4126073631699.9995,4137203924199.9995
2025-12-11,AMGN,2025-12-11,2025-12-10,False,tradability_policy,False,0.006341556217895894,170865284270.38,169788560568.38
2025-12-11,AXP,2025-12-11,2025-12-10,True,,False,0.024815613600660313,267838110350.03,261352487994.38998
2025-12-11,BA,2025-12-11,2025-12-10,False,tradability_policy,False,0.010014090177133728,151768410963.45,150263657150.4
2025-12-11,CAT,2025-12-11,2025-12-10,True,,False,0.016673437880880826,293085099018.03,288278505268.05
2025-12-11,CRM,2025-12-11,2025-12-10,True,,False,-0.0070022710068129435,249757200000.00003,251518400000.0
2025-12-11,CSCO,2025-12-11,2025-12-10,True,,False,-0.012211838006230602,313369922464.31,317244055478.25
2025-12-11,CVX,2025-12-11,2025-12-10,True,,False,-0.004557162670893566,260442709470.72,261635022830.16
2025-12-11,DIS,2025-12-11,2025-12-10,False,tradability_policy,False,0.024166130662501173,200397705026.18,195669139045.38998
2025-12-11,GS,2025-12-11,2025-12-10,True,,False,0.024504070891997687,275787996444.76,269191703850.08002
2025-12-11,HD,2025-12-11,2025-12-10,True,,False,0.01802751117819601,355810910836.62,349510113361.11
2025-12-11,HON,2025-12-11,2025-12-10,False,tradability_policy,False,0.009320004165364937,64538384134.084946,63942440323.92239
2025-12-11,IBM,2025-12-11,2025-12-10,True,,False,-0.006172642082707069,289460289259.08,291258121396.14
2025-12-11,JNJ,2025-12-11,2025-12-10,True,,False,0.01680061973467617,505775246508.72,497418310622.88
2025-12-11,JPM,2025-12-11,2025-12-10,True,,False,0.023443294314920538,872716878182.52,852726167663.9401
2025-12-11,KO,2025-12-11,2025-12-10,True,,False,-0.015667283862697556,297426443785.72,302160477762.92
2025-12-11,MCD,2025-12-11,2025-12-10,False,tradability_policy,False,-0.002640646636395849,221010429254.13998,221595584890.02
2025-12-11,MMM,2025-12-11,2025-12-10,False,tradability_policy,False,0.01774719304599781,89801367757.2,88235436433.31999
2025-12-11,MRK,2025-12-11,2025-12-10,True,,False,0.014238885474288088,247305515721.11002,243833597057.82
2025-12-11,MSFT,2025-12-11,2025-12-10,True,,False,0.010259946506185225,3593712949255.1304,3557216102334.24
2025-12-11,NKE,2025-12-11,2025-12-10,False,tradability_policy,False,0.029639762881896736,100133360329.62,97250867671.77
2025-12-11,PG,2025-12-11,2025-12-10,True,,False,0.00672292948076092,329712210650.88,327510381452.16
2025-12-11,TRV,2025-12-11,2025-12-10,False,tradability_policy,False,0.0162744745823602,63685860942.08,62666004642.350006
2025-12-11,UNH,2025-12-11,2025-12-10,True,,False,0.025459085787373992,304967479746.25,297396048241.25
2025-12-11,V,2025-12-11,2025-12-10,True,,False,0.06109354373253906,642970464714.9419,605950783993.282
2025-12-11,WMT,2025-12-11,2025-12-10,True,,False,0.02067503092419143,921023761613.44,902367289987.9601
2025-12-12,AAPL,2025-12-12,2025-12-11,True,,False,0.0008991835413445504,4129783729199.9995,4126073631699.9995
2025-12-12,AMGN,2025-12-12,2025-12-11,False,tradability_policy,False,0.0011342869746047146,171059094536.74,170865284270.38
2025-12-12,AXP,2025-12-12,2025-12-11,True,,False,-0.006053677674140667,266216704761.12,267838110350.03
2025-12-12,BA,2025-12-12,2025-12-11,False,tradability_policy,False,0.018285087937820688,154543509704.1,151768410963.45
2025-12-12,CAT,2025-12-12,2025-12-11,True,,False,-0.04430875465545636,280098863272.47,293085099018.03
2025-12-12,CRM,2025-12-12,2025-12-11,True,,False,-0.0004574042309891668,249642960000.00003,249757200000.00003
2025-12-12,CSCO,2025-12-12,2025-12-11,True,,False,-0.01854421597073297,307558722943.39996,313369922464.31
2025-12-12,CVX,2025-12-12,2025-12-11,True,,False,-0.0048434182590232355,259181276496.24002,260442709470.72
2025-12-12,DIS,2025-12-12,2025-12-11,False,tradability_policy,False,0.0012560559842096364,200649415762.8,200397705026.18
2025-12-12,GS,2025-12-12,2025-12-11,True,,False,-0.02532298607071115,268804220852.32,275787996444.76
2025-12-12,HD,2025-12-12,2025-12-11,True,,False,0.006126559615061922,357990807593.55,355810910836.62
2025-12-12,HON,2025-12-12,2025-12-11,False,tradability_policy,False,-0.0009801392829507094,64475127528.536964,64538384134.084946
2025-12-12,IBM,2025-12-12,2025-12-11,True,,False,-0.004827186715582132,288063010396.08,289460289259.08
2025-12-12,JNJ,2025-12-12,2025-12-11,True,,False,0.007475834484072186,509556338537.76,505775246508.72
2025-12-12,JPM,2025-12-12,2025-12-11,True,,False,0.0035919087529143745,875851597576.08,872716878182.52
2025-12-12,KO,2025-12-12,2025-12-11,True,,False,0.020402257271017188,303494614611.04,297426443785.72
2025-12-12,MCD,2025-12-12,2025-12-11,False,tradability_policy,False,0.022634077039811684,226012796336.48,221010429254.13998
2025-12-12,MMM,2025-12-12,2025-12-11,False,tradability_policy,False,0.001779359430605032,89961156667.8,89801367757.2
2025-12-12,MRK,2025-12-12,2025-12-11,True,,False,0.013028986971012957,250527656063.3,247305515721.11002
2025-12-12,MSFT,2025-12-12,2025-12-11,True,,False,-0.010217800484001227,3556993107342.8696,3593712949255.1304
2025-12-12,NKE,2025-12-12,2025-12-11,False,tradability_policy,False,-0.003985828166518934,99734245961.61,100133360329.62
2025-12-12,PG,2025-12-12,2025-12-11,True,,False,0.014776925262858898,334584343345.92,329712210650.88
2025-12-12,TRV,2025-12-12,2025-12-11,False,tradability_policy,False,0.008590214932126639,64232936175.71,63685860942.08
2025-12-12,UNH,2025-12-12,2025-12-11,True,,False,0.015175363050515145,309595471970.0,304967479746.25
2025-12-12,V,2025-12-12,2025-12-11,True,,False,0.006365188207042127,647063092734.4219,642970464714.9419
2025-12-12,WMT,2025-12-12,2025-12-11,True,,False,0.012248961218836563,930431725937.4,921023761613.44
2025-12-15,AAPL,2025-12-15,2025-12-12,True,,False,-0.014984907287623805,4067899302900.0,4129783729199.9995
2025-12-15,AMGN,2025-12-15,2025-12-12,False,tradability_policy,False,0.02382451060615587,175134493748.81,171059094536.74
2025-12-15,AXP,2025-12-15,2025-12-12,True,,False,2.613969050613285e-05,266223663583.38998,266216704761.12
2025-12-15,BA,2025-12-15,2025-12-12,False,tradability_policy,False,0.005479988257168111,155390406322.5,154543509704.1
2025-12-15,CAT,2025-12-15,2025-12-12,True,,False,-0.013597818996805455,276290129628.48,280098863272.47
2025-12-15,CRM,2025-12-15,2025-12-12,True,,False,-0.029172863516760072,242360160000.0,249642960000.00003
2025-12-15,CSCO,2025-12-15,2025-12-12,True,,False,0.005784061696658238,309337661572.25,307558722943.39996
2025-12-15,CVX,2025-12-15,2025-12-12,True,,False,-0.0012667511167411272,258852958324.80002,259181276496.24002
2025-12-15,DIS,2025-12-15,2025-12-12,False,tradability_policy,False,-0.003225806451612856,198653709208.16998,200649415762.8
2025-12-15,GS,2025-12-15,2025-12-12,True,,False,0.001835668273345581,269297656232.28,268804220852.32
2025-12-15,HD,2025-12-15,2025-12-12,True,,False,-0.007396079521757137,355343079112.53,357990807593.55
2025-12-15,HON,2025-12-15,2025-12-12,False,tradability_policy,False,0.01957038108024367,65736930344.46775,64475127528.536964
2025-12-15,IBM,2025-12-15,2025-12-12,True,,False,-0.0018755659035053496,287522729235.72003,288063010396.08
2025-12-15,JNJ,2025-12-15,2025-12-12,True,,False,0.01224123263068333,515793936216.24,509556338537.76
2025-12-15,JPM,2025-12-15,2025-12-12,True,,False,0.004709280421951512,879976228357.08,875851597576.08
2025-12-15,KO,2025-12-15,2025-12-12,True,,False,0.00638116846284742,305431264874.44,303494614611.04
2025-12-15,MCD,2025-12-15,2025-12-12,False,tradability_policy,False,0.006346299570598513,227447141248.82,226012796336.48
2025-12-15,MMM,2025-12-15,2025-12-12,False,tradability_policy,False,-0.018946121965660256,88256741621.4,89961156667.8
2025-12-15,MRK,2025-12-15,2025-12-12,True,,False,0.008075772681954252,250427744734.86002,250527656063.3
2025-12-15,MSFT,2025-12-15,2025-12-12,True,,False,-0.007752909953398945,3529416060076.78,3556993107342.8696
2025-12-15,NKE,2025-12-15,2025-12-12,False,tradability_policy,False,0.004594634652438145,100192488384.14,99734245961.61
2025-12-15,PG,2025-12-15,2025-12-12,True,,False,0.016031923830859718,339948374053.44,334584343345.92
2025-12-15,TRV,2025-12-15,2025-12-12,False,tradability_policy,False,0.018506186253548718,65421642856.189995,64232936175.71
2025-12-15,UNH,2025-12-15,2025-12-12,True,,False,-0.002164755441141919,308925273487.5,309595471970.0
2025-12-15,V,2025-12-15,2025-12-12,True,,False,-0.002702469597216983,645314424398.8259,647063092734.4219
2025-12-15,WMT,2025-12-15,2025-12-12,True,,False,0.0007712082262210096,931149282538.38,930431725937.4
2025-12-16,AAPL,2025-12-16,2025-12-15,True,,False,0.001824085221261429,4075319497900.0,4067899302900.0
2025-12-16,AMGN,2025-12-16,2025-12-15,False,tradability_policy,False,0.004395807076327252,175904351195.74,175134493748.81
2025-12-16,AXP,2025-12-16,2025-12-15,True,,False,-0.0047572993177719125,264957157930.25,266223663583.38998
2025-12-16,BA,2025-12-16,2025-12-15,False,tradability_policy,False,0.005888077858880791,156305357133.45,155390406322.5
2025-12-16,CAT,2025-12-16,2025-12-15,True,,False,-0.0014073521432448333,275901292122.38995,276290129628.48
2025-12-16,CRM,2025-12-16,2025-12-15,True,,False,0.0012962526514257444,242674320000.0,242360160000.0
2025-12-16,CSCO,2025-12-16,2025-12-15,True,,False,-0.008945686900958538,306570423705.14996,309337661572.25
2025-12-16,CVX,2025-12-16,2025-12-15,True,,False,-0.020360480640854495,253582587678.0,258852958324.80002
2025-12-16,DIS,2025-12-16,2025-12-15,False,tradability_policy,False,0.01022716987962724,200685374439.46002,198653709208.16998
2025-12-16,GS,2025-12-16,2025-12-15,True,,False,-0.011735743432367829,266137248031.8,269297656232.28
2025-12-16,HD,2025-12-16,2025-12-15,True,,False,-0.012073167315611033,351052962663.96,355343079112.53
2025-12-16,HON,2025-12-16,2025-12-15,False,tradability_policy,False,0.004102304380855903,66006603241.80387,65736930344.46775
2025-12-16,IBM,2025-12-16,2025-12-15,True,,False,-0.017754163156871727,282418003789.56,287522729235.72003
2025-12-16,JNJ,2025-12-16,2025-12-15,True,,False,-0.022738945697343138,504065325909.60004,515793936216.24
2025-12-16,JPM,2025-12-16,2025-12-15,True,,False,-0.01396787700768698,867684828629.7001,879976228357.08
2025-12-16,KO,2025-12-16,2025-12-15,True,,False,-0.008454276454839982,302849064523.24,305431264874.44
2025-12-16,MCD,2025-12-16,2025-12-15,False,tradability_policy,False,-0.013271420951902924,224428594493.0,227447141248.82
2025-12-16,MMM,2025-12-16,2025-12-15,False,tradability_policy,False,-0.015087507543753764,86925167366.4,88256741621.4
2025-12-16,MRK,2025-12-16,2025-12-15,True,,False,-0.019848394175144723,245457156144.97,250427744734.86002
2025-12-16,MSFT,2025-12-16,2025-12-15,True,,False,0.003306516153489758,3541086131291.81,3529416060076.78
2025-12-16,NKE,2025-12-16,2025-12-15,False,tradability_policy,False,-0.009737385659486564,99216875484.56001,100192488384.14
2025-12-16,PG,2025-12-16,2025-12-15,True,,False,0.0005512299317853575,340135763772.48004,339948374053.44
2025-12-16,TRV,2025-12-16,2025-12-15,False,tradability_policy,False,-0.00337244915516699,65201011692.01,65421642856.189995
2025-12-16,UNH,2025-12-16,2025-12-15,True,,False,-0.020228671943711585,302676125475.0,308925273487.5
2025-12-16,V,2025-12-16,2025-12-15,True,,False,-0.005131309637060655,642003116273.974,645314424398.8259
2025-12-16,WMT,2025-12-16,2025-12-15,True,,False,-0.011730456374689613,920226476501.24,931149282538.38
2025-12-17,AAPL,2025-12-17,2025-12-16,True,,False,-0.010087032518845018,4034211617599.9995,4075319497900.0
2025-12-17,AMGN,2025-12-17,2025-12-16,False,tradability_policy,False,-0.002234192324172213,175511347044.51,175904351195.74
2025-12-17,AXP,2025-12-17,2025-12-16,True,,False,-0.013499671700590854,261380323283.47,264957157930.25
2025-12-17,BA,2025-12-17,2025-12-16,False,tradability_policy,False,-0.0018383242223404261,156018017209.35,156305357133.45
2025-12-17,CAT,2025-12-17,2025-12-16,True,,False,-0.04591377583074385,263233622044.47,275901292122.38995
2025-12-17,CRM,2025-12-17,2025-12-16,True,,False,0.012671138833313611,245749280000.0,242674320000.0
2025-12-17,CSCO,2025-12-17,2025-12-16,True,,False,-0.019987105093488,300442968428.0,306570423705.14996
2025-12-17,CVX,2025-12-17,2025-12-16,True,,False,0.0188756388415674,258369121019.52002,253582587678.0
2025-12-17,DIS,2025-12-17,2025-12-16,False,tradability_policy,False,-0.008869378247625903,198905419944.78998,200685374439.46002
2025-12-17,GS,2025-12-17,2025-12-16,True,,False,-0.0077574930330431835,264072690184.36002,266137248031.8
2025-12-17,HD,2025-12-17,2025-12-16,True,,False,0.011540206419416998,355104186317.25,351052962663.96
2025-12-17,HON,2025-12-17,2025-12-16,False,tradability_policy,False,0.008221527287400443,66549278331.504974,66006603241.80387
2025-12-17,IBM,2025-12-17,2025-12-16,True,,False,0.0004617718846888774,282548416483.44,282418003789.56
2025-12-17,JNJ,2025-12-17,2025-12-16,True,,False,0.004921165790731097,506545914947.76,504065325909.60004
2025-12-17,JPM,2025-12-17,2025-12-16,True,,False,-0.0018063698304547904,866117468932.92,867684828629.7001
2025-12-17,KO,2025-12-17,2025-12-16,True,,False,0.004263180332527927,304140164698.84,302849064523.24
2025-12-17,MCD,2025-12-17,2025-12-16,False,tradability_policy,False,0.013322734499205069,227418597071.46,224428594493.0
2025-12-17,MMM,2025-12-17,2025-12-16,False,tradability_policy,False,-0.006311274509803955,86376558773.34,86925167366.4
2025-12-17,MRK,2025-12-17,2025-12-16,True,,False,0.009260201485702835,247730138866.98,245457156144.97
2025-12-17,MSFT,2025-12-17,2025-12-16,True,,False,-0.000566762526501341,3539079176369.48,3541086131291.81
2025-12-17,NKE,2025-12-17,2025-12-16,False,tradability_policy,False,-0.02130512514898697,97103047535.47,99216875484.56001
2025-12-17,PG,2025-12-17,2025-12-16,True,,False,0.017905102954342,346225929641.28,340135763772.48004
2025-12-17,TRV,2025-12-17,2025-12-16,False,tradability_policy,False,0.005731846276026298,65574733868.07,65201011692.01
2025-12-17,UNH,2025-12-17,2025-12-16,True,,False,-0.007690005984440473,300348544258.75,302676125475.0
2025-12-17,V,2025-12-17,2025-12-16,True,,False,-0.0020283387905305483,640700916449.594,642003116273.974
2025-12-17,WMT,2025-12-17,2025-12-16,True,,False,0.0020793623288857255,922139960770.52,920226476501.24
2025-12-18,AAPL,2025-12-18,2025-12-17,True,,False,0.0012875220718069347,4039405754100.0,4034211617599.9995
2025-12-18,AMGN,2025-12-18,2025-12-17,False,tradability_policy,False,-0.004877151007637748,174655351701.42,175511347044.51
2025-12-18,AXP,2025-12-18,2025-12-17,True,,False,-0.00023961023401941617,261317693883.03998,261380323283.47
2025-12-18,BA,2025-12-18,2025-12-17,False,tradability_policy,False,0.009402413609266747,157484963137.65,156018017209.35
2025-12-18,CAT,2025-12-18,2025-12-17,True,,False,0.007012048621616529,265079429001.09003,263233622044.47
2025-12-18,CRM,2025-12-18,2025-12-17,True,,False,0.00048810722863579237,245473200000.00003,245749280000.0
2025-12-18,CSCO,2025-12-18,2025-12-17,True,,False,0.012499999999999956,304198505533.35004,300442968428.0
2025-12-18,CVX,2025-12-18,2025-12-17,True,,False,-0.012239165329053003,255206898631.44,258369121019.52002
2025-12-18,DIS,2025-12-18,2025-12-17,False,tradability_policy,False,0.011208532947663441,201134857897.71002,198905419944.78998
2025-12-18,GS,2025-12-18,2025-12-17,True,,False,0.0045510300001145865,265274492919.59998,264072690184.36002
2025-12-18,HD,2025-12-18,2025-12-17,True,,False,-0.004933426769446414,353352305818.53,355104186317.25
2025-12-18,HON,2025-12-18,2025-12-17,False,tradability_policy,False,-0.009054980239131427,65946675931.284744,66549278331.504974
2025-12-18,IBM,2025-12-18,2025-12-17,True,,False,-0.009461954371620784,279874956258.89996,282548416483.44
2025-12-18,JNJ,2025-12-18,2025-12-17,True,,False,-0.009603955688679777,501681070426.32,506545914947.76
2025-12-18,JPM,2025-12-18,2025-12-17,True,,False,-0.006286113404025739,860672956302.0,866117468932.92
2025-12-18,KO,2025-12-18,2025-12-17,True,,False,-0.004386585538418086,302806027850.72,304140164698.84
2025-12-18,MCD,2025-12-18,2025-12-17,False,tradability_policy,False,0.0030123317330319477,228103657328.09998,227418597071.46
2025-12-18,MMM,2025-12-18,2025-12-17,False,tradability_policy,False,-0.0025282111364617332,86158180595.51999,86376558773.34
2025-12-18,MRK,2025-12-18,2025-12-17,True,,False,0.015224843718491643,251501791515.59,247730138866.98
2025-12-18,MSFT,2025-12-18,2025-12-17,True,,False,0.01650844324960099,3597503864108.42,3539079176369.48
2025-12-18,NKE,2025-12-18,2025-12-17,False,tradability_policy,False,-0.0009133810321205749,97014355453.68999,97103047535.47
2025-12-18,PG,2025-12-18,2025-12-17,True,,False,-0.01549286245856163,340861898933.76,346225929641.28
2025-12-18,TRV,2025-12-18,2025-12-17,False,tradability_policy,False,0.008171112713289963,66110552409.649994,65574733868.07
2025-12-18,UNH,2025-12-18,2025-12-17,True,,False,-0.010523776497904369,297187743307.5,300348544258.75
2025-12-18,V,2025-12-18,2025-12-17,True,,False,0.004645625852907731,643677373191.0339,640700916449.594
2025-12-18,WMT,2025-12-18,2025-12-17,True,,False,-0.0071762061213902495,915522494339.26,922139960770.52
2025-12-19,AAPL,2025-12-19,2025-12-18,True,,False,0.0054373783019214805,4061369531300.0,4039405754100.0
2025-12-19,AMGN,2025-12-19,2025-12-18,False,tradability_policy,False,0.00912397509401397,176248902780.38,174655351701.42
2025-12-19,AXP,2025-12-19,2025-12-18,True,,False,0.0026363442692800554,262006617287.77,261317693883.03998
2025-12-19,BA,2025-12-19,2025-12-18,False,tradability_policy,False,0.027896480530081202,161878239345.6,157484963137.65
2025-12-19,CAT,2025-12-19,2025-12-18,True,,False,0.018362405669547277,269946925011.06,265079429001.09003
2025-12-19,CRM,2025-12-19,2025-12-18,True,,False,0.007989140973434283,247434320000.00003,245473200000.00003
2025-12-19,CSCO,2025-12-19,2025-12-18,True,,False,0.019103313840155955,310009705054.26,304198505533.35004
2025-12-19,CVX,2025-12-19,2025-12-18,True,,False,0.0004062563477553738,255310578054.0,255206898631.44
2025-12-19,DIS,2025-12-19,2025-12-18,False,tradability_policy,False,-0.005631536604988052,200002159582.91998,201134857897.71002
2025-12-19,GS,2025-12-19,2025-12-18,True,,False,0.0196051580508958,270475241280.16,265274492919.59998
2025-12-19,HD,2025-12-19,2025-12-18,True,,False,-0.028141637792613916,343408393215.0,353352305818.53
2025-12-19,HON,2025-12-19,2025-12-18,False,tradability_policy,False,0.00519991922455576,66289593319.25538,65946675931.284744
2025-12-19,IBM,2025-12-19,2025-12-18,True,,False,0.001764020635713237,280368661457.16003,279874956258.89996
2025-12-19,JNJ,2025-12-19,2025-12-18,True,,False,-0.009313043060822812,497008893014.64,501681070426.32
2025-12-19,JPM,2025-12-19,2025-12-18,True,,False,0.013450479233226842,872249420027.34,860672956302.0
2025-12-19,KO,2025-12-19,2025-12-18,True,,False,-0.004263786242183043,301514927675.12,302806027850.72
2025-12-19,MCD,2025-12-19,2025-12-18,False,tradability_policy,False,-0.011919286719849875,225384824434.55997,228103657328.09998
2025-12-19,MMM,2025-12-19,2025-12-18,False,tradability_policy,False,0.0012363996043522896,86264706535.92,86158180595.51999
2025-12-19,MRK,2025-12-19,2025-12-18,True,,False,0.003972589134968674,252500904799.99002,251501791515.59
2025-12-19,MSFT,2025-12-19,2025-12-18,True,,False,0.004008430100417293,3611924206883.68,3597503864108.42
2025-12-19,NKE,2025-12-19,2025-12-18,False,tradability_policy,False,-0.10543958555538613,86785202021.73,97014355453.68999
2025-12-19,PG,2025-12-19,2025-12-18,True,,False,-0.007284222100054971,338378985156.48004,340861898933.76
2025-12-19,TRV,2025-12-19,2025-12-18,False,tradability_policy,False,-0.0024859526647368346,65946204705.72,66110552409.649994
2025-12-19,UNH,2025-12-19,2025-12-18,True,,False,-0.0021941854086668933,296535658297.5,297187743307.5
2025-12-19,V,2025-12-19,2025-12-18,True,,False,0.009363891217016862,649704698092.45,643677373191.0339
2025-12-19,WMT,2025-12-19,2025-12-18,True,,False,-0.004093007053905806,911775254311.92,915522494339.26
2025-12-22,AAPL,2025-12-22,2025-12-19,True,,False,-0.00986589688310735,4021300478300.0005,4061369531300.0
2025-12-22,AMGN,2025-12-22,2025-12-19,False,tradability_policy,False,0.01224876290549215,178407733802.88998,176248902780.38
2025-12-22,AXP,2025-12-22,2025-12-19,True,,False,0.011526918275743148,265026746152.95,262006617287.77
2025-12-22,BA,2025-12-22,2025-12-19,False,tradability_policy,False,0.012892376681614248,163965234583.8,161878239345.6
2025-12-22,CAT,2025-12-22,2025-12-19,True,,False,0.01074242476831766,272846809544.43,269946925011.06
2025-12-22,CRM,2025-12-22,2025-12-19,True,,False,0.018160132353506775,251927760000.0,247434320000.00003
2025-12-22,CSCO,2025-12-22,2025-12-19,True,,False,-0.0039530731956134435,308784213998.83,310009705054.26
2025-12-22,CVX,2025-12-22,2025-12-19,True,,False,0.013874788494077972,258852958324.80002,255310578054.0
2025-12-22,DIS,2025-12-22,2025-12-19,False,tradability_policy,False,0.01024811218985966,202051804152.53998,200002159582.91998
2025-12-22,GS,2025-12-22,2025-12-19,True,,False,0.006178090164301375,272146261708.0,270475241280.16
2025-12-22,HD,2025-12-22,2025-12-19,True,,False,0.0040289855072463965,344791980654.32996,343408393215.0
2025-12-22,HON,2025-12-22,2025-12-19,False,tradability_policy,False,-0.015820400783486566,65240865385.170425,66289593319.25538
2025-12-22,IBM,2025-12-22,2025-12-19,True,,False,0.006013688617183766,282054711285.18,280368661457.16003
2025-12-22,JNJ,2025-12-22,2025-12-19,True,,False,0.004603382274555257,499296814943.04,497008893014.64
2025-12-22,JPM,2025-12-22,2025-12-19,True,,False,0.01853661612181212,888417972688.86,872249420027.34
2025-12-22,KO,2025-12-22,2025-12-19,True,,False,0.0021410219811588416,302160477762.92,301514927675.12
2025-12-22,MCD,2025-12-22,2025-12-19,False,tradability_policy,False,0.001203140830800642,225655994119.48,225384824434.55997
2025-12-22,MMM,2025-12-22,2025-12-19,False,tradability_policy,False,-0.012101753519387581,85220752320.0,86264706535.92
2025-12-22,MRK,2025-12-22,2025-12-19,True,,False,0.0359085963003265,261567857855.91998,252500904799.99002
2025-12-22,MSFT,2025-12-22,2025-12-19,True,,False,-0.002057951926243029,3604491040504.68,3611924206883.68
2025-12-22,NKE,2025-12-22,2025-12-19,False,tradability_policy,False,-0.025378981434167946,84582681990.86,86785202021.73
2025-12-22,PG,2025-12-22,2025-12-19,True,,False,-0.012252526650976092,334232987622.72,338378985156.48004
2025-12-22,TRV,2025-12-22,2025-12-19,False,tradability_policy,False,-0.004369793800355182,65658033389.24,65946204705.72
2025-12-22,UNH,2025-12-22,2025-12-19,True,,False,-0.00690244945330154,294488835905.0,296535658297.5
2025-12-22,V,2025-12-22,2025-12-19,True,,False,0.008131710808876091,654987908808.5059,649704698092.45
2025-12-22,WMT,2025-12-22,2025-12-19,True,,False,-0.015389996502273573,897743036337.2,911775254311.92
2025-12-23,AAPL,2025-12-23,2025-12-22,True,,False,0.005129719157102253,4041928620400.0,4021300478300.0005
2025-12-23,AMGN,2025-12-23,2025-12-22,False,tradability_policy,False,0.0003017592564653615,178461569987.99,178407733802.88998
2025-12-23,AXP,2025-12-23,2025-12-22,True,,False,0.003518445582250118,265959228337.13,265026746152.95
2025-12-23,BA,2025-12-23,2025-12-22,False,tradability_policy,False,4.611695259182369e-05,163972796160.75,163965234583.8
2025-12-23,CAT,2025-12-23,2025-12-22,True,,False,1.71700348552406e-05,272851494333.65997,272846809544.43
2025-12-23,CRM,2025-12-23,2025-12-22,True,,False,-0.004534633261534915,250785360000.0,251927760000.0
2025-12-23,CSCO,2025-12-23,2025-12-22,True,,False,-0.0011522212264755138,308428426273.06,308784213998.83
2025-12-23,CVX,2025-12-23,2025-12-22,True,,False,0.004739652870493938,260079831491.75998,258852958324.80002
2025-12-23,DIS,2025-12-23,2025-12-22,False,tradability_policy,False,0.0074746396155900285,203562068572.26,202051804152.53998
2025-12-23,GS,2025-12-23,2025-12-22,True,,False,0.0030144605116797507,272966635867.32,272146261708.0
2025-12-23,HD,2025-12-23,2025-12-22,True,,False,-0.0040994255030455395,343378531615.59,344791980654.32996
2025-12-23,HON,2025-12-23,2025-12-22,False,tradability_policy,False,-0.0023474178403756207,65087717813.843735,65240865385.170425
2025-12-23,IBM,2025-12-23,2025-12-22,True,,False,0.0032695927870800556,282976915334.75995,282054711285.18
2025-12-23,JNJ,2025-12-23,2025-12-22,True,,False,-0.007428130426393897,495587973080.16,499296814943.04
2025-12-23,JPM,2025-12-23,2025-12-22,True,,False,0.008790120399888579,896227273634.22,888417972688.86
2025-12-23,KO,2025-12-23,2025-12-22,True,,False,-0.004842615012106366,300697230897.24,302160477762.92
2025-12-23,MCD,2025-12-23,2025-12-22,False,tradability_policy,False,-0.01701347163367295,221816802264.55997,225655994119.48
2025-12-23,MMM,2025-12-23,2025-12-22,False,tradability_policy,False,0.0009375000000000355,85300646775.3,85220752320.0
2025-12-23,MRK,2025-12-23,2025-12-22,True,,False,0.0030557677616502854,262367148483.44,261567857855.91998
2025-12-23,MSFT,2025-12-23,2025-12-22,True,,False,0.00398003794440327,3618837051616.1504,3604491040504.68
2025-12-23,NKE,2025-12-23,2025-12-22,False,tradability_policy,False,0.002097168822090323,84760066154.42,84582681990.86
2025-12-23,PG,2025-12-23,2025-12-22,True,,False,0.0034340178008269717,335380749651.84,334232987622.72
2025-12-23,TRV,2025-12-23,2025-12-22,False,tradability_policy,False,0.0028116856398299195,65842643138.85999,65658033389.24
2025-12-23,UNH,2025-12-23,2025-12-22,True,,False,-0.0011071472505843616,294162793400.0,294488835905.0
2025-12-23,V,2025-12-23,2025-12-22,True,,False,0.0036638359510352547,657387677056.292,654987908808.5059
2025-12-23,WMT,2025-12-23,2025-12-22,True,,False,-0.015097690941385356,884189189429.8,897743036337.2
2025-12-24,AAPL,2025-12-24,2025-12-23,True,,False,0.005323836099280221,4063447185900.0,4041928620400.0
2025-12-24,AMGN,2025-12-24,2025-12-23,False,tradability_policy,False,0.007451205164559882,179791323759.96,178461569987.99
2025-12-24,AXP,2025-12-24,2025-12-23,True,,False,0.0024071796750306795,266599439985.97,265959228337.13
2025-12-24,BA,2025-12-24,2025-12-23,False,tradability_policy,False,0.006041042195065627,164963362741.2,163972796160.75
2025-12-24,CAT,2025-12-24,2025-12-23,True,,False,0.0023007451667182988,273479256090.48,272851494333.65997
2025-12-24,CRM,2025-12-24,2025-12-23,True,,False,0.0069468169912310085,252527520000.0,250785360000.0
2025-12-24,CSCO,2025-12-24,2025-12-23,True,,False,0.0,308428426273.06,308428426273.06
2025-12-24,CVX,2025-12-24,2025-12-23,True,,False,-6.644076805517596e-05,260062551588.0,260079831491.75998
2025-12-24,DIS,2025-12-24,2025-12-23,False,tradability_policy,False,0.011128775834658322,205827465201.84,203562068572.26
2025-12-24,GS,2025-12-24,2025-12-23,True,,False,0.010058666311785425,275712316171.76,272966635867.32
2025-12-24,HD,2025-12-24,2025-12-23,True,,False,0.006870162622836684,345737597968.98,343378531615.59
2025-12-24,HON,2025-12-24,2025-12-23,False,tradability_policy,False,0.0073145780051151466,65563807002.96801,65087717813.843735
2025-12-24,IBM,2025-12-24,2025-12-23,True,,False,0.002567647639739379,283703500343.52,282976915334.75995
2025-12-24,JNJ,2025-12-24,2025-12-23,True,,False,0.009719117504130681,500404650824.16,495587973080.16
2025-12-24,JPM,2025-12-24,2025-12-23,True,,False,0.009940784831098837,905136476121.18,896227273634.22
2025-12-24,KO,2025-12-24,2025-12-23,True,,False,0.003434950622584809,301730111037.72,300697230897.24
2025-12-24,MCD,2025-12-24,2025-12-23,False,tradability_policy,False,0.008010552052502895,223593677305.22,221816802264.55997
2025-12-24,MMM,2025-12-24,2025-12-23,False,tradability_policy,False,0.0011863877614735063,85401846418.68001,85300646775.3
2025-12-24,MRK,2025-12-24,2025-12-23,True,,False,0.013423457730388444,265889022810.95,262367148483.44
2025-12-24,MSFT,2025-12-24,2025-12-23,True,,False,0.0024032042723629576,3627533856279.58,3618837051616.1504
2025-12-24,NKE,2025-12-24,2025-12-23,False,tradability_policy,False,0.04638995465643525,88692081780.0,84760066154.42
2025-12-24,PG,2025-12-24,2025-12-23,True,,False,0.009149322531079696,338449256301.12,335380749651.84
2025-12-24,TRV,2025-12-24,2025-12-23,False,tradability_policy,False,0.004718593995760134,66153327839.439995,65842643138.85999
2025-12-24,UNH,2025-12-24,2025-12-23,True,,False,0.008559113300492527,296680566077.5,294162793400.0
2025-12-24,V,2025-12-24,2025-12-23,True,,False,0.0049804742769823385,660661779471.876,657387677056.292
2025-12-24,WMT,2025-12-24,2025-12-23,True,,False,0.006402164111812381,889849913726.42,884189189429.8
2025-12-26,AAPL,2025-12-26,2025-12-24,True,,False,-0.0014973887001936692,4057362625999.9995,4063447185900.0
2025-12-26,AMGN,2025-12-26,2025-12-24,False,tradability_policy,False,-0.0030842017008023692,179236811053.43,179791323759.96
2025-12-26,AXP,2025-12-26,2025-12-24,True,,False,-0.005377045757093302,265165922598.35,266599439985.97
2025-12-26,BA,2025-12-26,2025-12-24,False,tradability_policy,False,-0.0078841217455079,163662771505.8,164963362741.2
2025-12-26,CAT,2025-12-26,2025-12-24,True,,False,-0.001301904892421546,273123212109.0,273479256090.48
2025-12-26,CRM,2025-12-26,2025-12-24,True,,False,0.0030913066425393154,253308160000.0,252527520000.0
2025-12-26,CSCO,2025-12-26,2025-12-24,True,,False,0.0017944116893104933,308981873846.48,308428426273.06
2025-12-26,CVX,2025-12-26,2025-12-24,True,,False,-0.003189368770764034,259233116207.52002,260062551588.0
2025-12-26,DIS,2025-12-26,2025-12-24,False,tradability_policy,False,-0.00803633822501748,204173366075.48,205827465201.84
2025-12-26,GS,2025-12-26,2025-12-24,True,,False,-0.004106370363863965,274580139287.68,275712316171.76
2025-12-26,HD,2025-12-26,2025-12-24,True,,False,0.0070248171820117555,348166341387.66,345737597968.98
2025-12-26,HON,2025-12-26,2025-12-24,False,tradability_policy,False,0.0022342964505153162,65710295984.23702,65563807002.96801
2025-12-26,IBM,2025-12-26,2025-12-24,True,,False,0.0017402153926975306,284197205541.77997,283703500343.52
2025-12-26,JNJ,2025-12-26,2025-12-24,True,,False,-0.0007219174126480432,500043399993.36,500404650824.16
2025-12-26,JPM,2025-12-26,2025-12-24,True,,False,-0.003827809338639576,901671786265.14,905136476121.18
2025-12-26,KO,2025-12-26,2025-12-24,True,,False,-0.0034231921266579812,300697230897.24,301730111037.72
2025-12-26,MCD,2025-12-26,2025-12-24,False,tradability_policy,False,-0.008457536782306097,221702625555.12,223593677305.22
2025-12-26,MMM,2025-12-26,2025-12-24,False,tradability_policy,False,0.010851939628290008,86328622100.16,85401846418.68001
2025-12-26,MRK,2025-12-26,2025-12-24,True,,False,0.0031000469704085543,266713291270.58002,265889022810.95
2025-12-26,MSFT,2025-12-26,2025-12-24,True,,False,-0.0006352198680381616,3625229574702.09,3627533856279.58
2025-12-26,NKE,2025-12-26,2025-12-24,False,tradability_policy,False,0.01550000000000007,90066809047.59,88692081780.0
2025-12-26,PG,2025-12-26,2025-12-24,True,,False,0.001730223544881948,339034849173.12,338449256301.12
2025-12-26,TRV,2025-12-26,2025-12-24,False,tradability_policy,False,-0.005853525728287456,65766097632.92,66153327839.439995
2025-12-26,UNH,2025-12-26,2025-12-24,True,,False,0.012973930032358583,300529678983.75,296680566077.5
2025-12-26,V,2025-12-26,2025-12-24,True,,False,-0.0003942107337950862,660401339507.0,660661779471.876
2025-12-26,WMT,2025-12-26,2025-12-24,True,,False,0.0011647701818833234,890886384372.2799,889849913726.42
2025-12-29,AAPL,2025-12-29,2025-12-26,True,,False,0.0013167520117045584,4045174397280.0,4057362625999.9995
2025-12-29,AMGN,2025-12-29,2025-12-26,False,tradability_policy,False,-0.009911993512149775,177460216945.13,179236811053.43
2025-12-29,AXP,2025-12-29,2025-12-26,True,,False,-0.01503739666710413,261178517437.63998,265165922598.35
2025-12-29,BA,2025-12-29,2025-12-26,False,tradability_policy,False,0.003742376640177403,164275259238.75,163662771505.8
2025-12-29,CAT,2025-12-29,2025-12-26,True,,False,-0.0075300171526586634,271066589637.03,273123212109.0
2025-12-29,CRM,2025-12-29,2025-12-26,True,,False,0.000563740228502807,253450960000.00003,253308160000.0
2025-12-29,CSCO,2025-12-29,2025-12-26,True,,False,-0.004733879222108328,307519190973.87,308981873846.48
2025-12-29,CVX,2025-12-29,2025-12-26,True,,False,0.006465804559392163,260909266872.24002,259233116207.52002
2025-12-29,DIS,2025-12-29,2025-12-26,False,tradability_policy,False,0.005547728073265201,203862133324.74,204173366075.48
2025-12-29,GS,2025-12-29,2025-12-26,True,,False,-0.016382959957664478,270081703860.56,274580139287.68
2025-12-29,HD,2025-12-29,2025-12-26,True,,False,-0.006661329978843833,345847090500.14996,348166341387.66
2025-12-29,HON,2025-12-29,2025-12-26,False,tradability_policy,False,-0.0014186553174241334,65617075723.429474,65710295984.23702
2025-12-29,IBM,2025-12-29,2025-12-26,True,,False,0.0021305188632863015,284802693049.08,284197205541.77997
2025-12-29,JNJ,2025-12-29,2025-12-26,True,,False,-0.00033713817849057026,500073291371.12,500043399993.36
2025-12-29,JPM,2025-12-29,2025-12-26,True,,False,-0.012686407855814208,890232810232.5,901671786265.14
2025-12-29,KO,2025-12-29,2025-12-26,True,,False,0.00415056533562308,301945294400.32,300697230897.24
2025-12-29,MCD,2025-12-29,2025-12-26,False,tradability_policy,False,-0.0069203038496202796,220168376022.02,221702625555.12
2025-12-29,MMM,2025-12-29,2025-12-26,False,tradability_policy,False,-0.0022211253701875933,86136875407.44,86328622100.16
2025-12-29,MRK,2025-12-29,2025-12-26,True,,False,-0.0014984079415620855,266313645956.82,266713291270.58002
2025-12-29,MSFT,2025-12-29,2025-12-26,True,,False,-0.0012507432695658682,3620695343210.9004,3625229574702.09
2025-12-29,NKE,2025-12-29,2025-12-26,False,tradability_policy,False,0.004595437387165724,90480705429.23,90066809047.59
2025-12-29,PG,2025-12-29,2025-12-26,True,,False,-0.0011745198286583491,338636646020.16,339034849173.12
2025-12-29,TRV,2025-12-29,2025-12-26,False,tradability_policy,False,-0.0006504176365876857,65723322203.130005,65766097632.92
2025-12-29,UNH,2025-12-29,2025-12-26,True,,False,-0.008709278847602642,297912282207.5,300529678983.75
2025-12-29,V,2025-12-29,2025-12-26,True,,False,-0.0010985915492957021,659675828176.2739,660401339507.0
2025-12-29,WMT,2025-12-29,2025-12-26,True,,False,0.007069983891176079,897184936758.66,890886384372.2799
2025-12-30,AAPL,2025-12-30,2025-12-29,True,,False,-0.002483927527761609,4035126477240.0,4045174397280.0
2025-12-30,AMGN,2025-12-30,2025-12-29,False,tradability_policy,False,-0.0028516821891211297,176954156805.19,177460216945.13
2025-12-30,AXP,2025-12-30,2025-12-29,True,,False,-0.0051422785889374545,259835464739.53,261178517437.63998
2025-12-30,BA,2025-12-30,2025-12-29,False,tradability_policy,False,0.005753739930955071,165220456357.5,164275259238.75
2025-12-30,CAT,2025-12-30,2025-12-29,True,,False,-0.0021085014085481246,270495045350.97,271066589637.03
2025-12-30,CRM,2025-12-30,2025-12-29,True,,False,-0.0011644067159974902,253155840000.0,253450960000.00003
2025-12-30,CSCO,2025-12-30,2025-12-29,True,,False,-0.004884946651240618,306016976131.73,307519190973.87
2025-12-30,CVX,2025-12-30,2025-12-29,True,,False,0.00874230081462346,263190214168.56,260909266872.24002
2025-12-30,DIS,2025-12-30,2025-12-29,False,tradability_policy,False,0.005254400560469552,204933306632.34,203862133324.74
2025-12-30,GS,2025-12-30,2025-12-29,True,,False,-0.008697796408796421,267732588186.63998,270081703860.56
2025-12-30,HD,2025-12-30,2025-12-29,True,,False,-0.003165923154410555,344752165188.45,345847090500.14996
2025-12-30,HON,2025-12-30,2025-12-29,False,tradability_policy,False,-0.00370389162311624,65374037186.32407,65617075723.429474
2025-12-30,IBM,2025-12-30,2025-12-29,True,,False,-0.01206907830182502,281365387046.10004,284802693049.08
2025-12-30,JNJ,2025-12-30,2025-12-29,True,,False,-0.0031316245904798867,498507249554.82,500073291371.12
2025-12-30,JPM,2025-12-30,2025-12-29,True,,False,-0.001019305019304917,889325391460.68,890232810232.5
2025-12-30,KO,2025-12-30,2025-12-29,True,,False,-0.0012827822120866639,301557964347.63995,301945294400.32
2025-12-30,MCD,2025-12-30,2025-12-29,False,tradability_policy,False,-0.0016205879493079722,219811573805.02,220168376022.02
2025-12-30,MMM,2025-12-30,2025-12-29,False,tradability_policy,False,-0.0034009398961167836,85843929071.34,86136875407.44
2025-12-30,MRK,2025-12-30,2025-12-29,True,,False,-0.005252297880322665,264914887358.66,266313645956.82
2025-12-30,MSFT,2025-12-30,2025-12-29,True,,False,0.0007801272839251805,3623519946434.92,3620695343210.9004
2025-12-30,NKE,2025-12-30,2025-12-29,False,tradability_policy,False,-0.0003267439960791263,90451141401.97,90480705429.23
2025-12-30,PG,2025-12-30,2025-12-29,True,,False,-0.0035968734868920826,337418612846.4,338636646020.16
2025-12-30,TRV,2025-12-30,2025-12-29,False,tradability_policy,False,0.0015414654197922761,65824632431.58,65723322203.130005
2025-12-30,UNH,2025-12-30,2025-12-29,True,,False,0.009789019274031752,300828551280.0,297912282207.5
2025-12-30,V,2025-12-30,2025-12-29,True,,False,-0.002791799441640097,657834145567.5079,659675828176.2739
2025-12-30,WMT,2025-12-30,2025-12-29,True,,False,-0.005420776681773765,892321497574.24,897184936758.66
2025-12-31,AAPL,2025-12-31,2025-12-30,True,,False,-0.004467555295151526,4017099326580.0,4035126477240.0
2025-12-31,AMGN,2025-12-31,2025-12-30,False,tradability_policy,False,-0.004198484894581522,176250108425.01,176954156805.19
2025-12-31,AXP,2025-12-31,2025-12-30,True,,False,-0.009212887329601793,254840669027.35,259835464739.53
2025-12-31,BA,2025-12-31,2025-12-30,False,tradability_policy,False,-0.0063157894736841635,165031928012.16,165220456357.5
2025-12-31,CAT,2025-12-31,2025-12-30,True,,False,-0.007828330937494576,268091471160.52,270495045350.97
2025-12-31,CRM,2025-12-31,2025-12-30,True,,False,-0.0037981347773766716,252194320000.00003,253155840000.0
2025-12-31,CSCO,2025-12-31,2025-12-30,True,,False,-0.004908926495284738,304514761289.59,306016976131.73
2025-12-31,CVX,2025-12-31,2025-12-30,True,,False,0.0006565557087518936,306880826598.77,263190214168.56
2025-12-31,DIS,2025-12-31,2025-12-30,False,tradability_policy,False,-0.008885791445247926,203112312009.41998,204933306632.34
2025-12-31,GS,2025-12-31,2025-12-30,True,,False,-0.006128310078921784,263637161169.0,267732588186.63998
2025-12-31,HD,2025-12-31,2025-12-30,True,,False,-0.006496318752706842,342512545232.7,344752165188.45
2025-12-31,HON,2025-12-31,2025-12-30,False,tradability_policy,False,-0.006467712365043843,64950259784.33141,65374037186.32407
2025-12-31,IBM,2025-12-31,2025-12-30,True,,False,-0.019334547260387414,276877915369.26,281365387046.10004
2025-12-31,JNJ,2025-12-31,2025-12-30,True,,False,0.00019332076748335147,498603621358.89996,498507249554.82
2025-12-31,JPM,2025-12-31,2025-12-30,True,,False,-0.0037103456805391843,877167356694.9,889325391460.68
2025-12-31,KO,2025-12-31,2025-12-30,True,,False,-0.0022834308548593807,300725474353.95,301557964347.63995
2025-12-31,MCD,2025-12-31,2025-12-30,False,tradability_policy,False,-0.0077914488848488395,217655733990.5,219811573805.02
2025-12-31,MMM,2025-12-31,2025-12-30,False,tradability_policy,False,-0.006638952658683306,85049130184.8,85843929071.34
2025-12-31,MRK,2025-12-31,2025-12-30,True,,False,-0.007542900245144257,261257692139.36002,264914887358.66
2025-12-31,MSFT,2025-12-31,2025-12-30,True,,False,-0.007918273570197809,3594446481511.1,3623519946434.92
2025-12-31,NKE,2025-12-31,2025-12-30,False,tradability_policy,False,0.04118319986925978,94176208836.73,90451141401.97
2025-12-31,PG,2025-12-31,2025-12-30,True,,False,-0.005137105171815426,334877284907.19,337418612846.4
2025-12-31,TRV,2025-12-31,2025-12-30,False,tradability_policy,False,-0.007934879266707662,64701774735.020004,65824632431.58
2025-12-31,UNH,2025-12-31,2025-12-30,True,,False,-0.0061717244701349205,299026386848.2,300828551280.0
2025-12-31,V,2025-12-31,2025-12-30,True,,False,-0.008229172558113285,648486971852.5558,657834145567.5079
2025-12-31,WMT,2025-12-31,2025-12-30,True,,False,-0.00455682630450327,888255343502.02,892321497574.24
2026-01-02,AAPL,2026-01-02,2025-12-31,True,,False,-0.003126609284190507,4004539426530.0,4017099326580.0
2026-01-02,AMGN,2026-01-02,2025-12-31,False,tradability_policy,False,0.001008218508447678,176427807046.44,176250108425.01
2026-01-02,AXP,2026-01-02,2025-12-31,True,,False,0.00973104473577524,256755676622.69,254840669027.35
2026-01-02,BA,2026-01-02,2025-12-31,False,tradability_policy,False,0.049051215917464974,173126944746.36002,165031928012.16
2026-01-02,CAT,2026-01-02,2025-12-31,True,,False,0.04458254054148414,280043670042.36,268091471160.52
2026-01-02,CRM,2026-01-02,2025-12-31,True,,False,-0.042618247706768364,241446240000.0,252194320000.00003
2026-01-02,CSCO,2026-01-02,2025-12-31,True,,False,-0.007529533947812639,300601096306.12,304514761289.59
2026-01-02,CVX,2026-01-02,2025-12-31,True,,False,0.022898759923889678,313908016972.3,306880826598.77
2026-01-02,DIS,2026-01-02,2025-12-31,False,tradability_policy,False,-0.016876153643315517,199684557425.09998,203112312009.41998
2026-01-02,GS,2026-01-02,2025-12-31,True,,False,0.04020477815699652,274236634747.74002,263637161169.0
2026-01-02,HD,2026-01-02,2025-12-31,True,,False,0.00499854693403079,344224610265.54,342512545232.7
2026-01-02,HON,2026-01-02,2025-12-31,False,tradability_policy,False,0.004049413091393728,65213270216.59151,64950259784.33141
2026-01-02,IBM,2026-01-02,2025-12-31,True,,False,-0.015900881131629574,272475312549.0,276877915369.26
2026-01-02,JNJ,2026-01-02,2025-12-31,True,,False,0.001932834017878804,499567339399.7,498603621358.89996
2026-01-02,JPM,2026-01-02,2025-12-31,True,,False,0.010117311153869935,886041931776.6001,877167356694.9
2026-01-02,KO,2026-01-02,2025-12-31,True,,False,-0.011300243169789614,297327203366.4,300725474353.95
2026-01-02,MCD,2026-01-02,2025-12-31,False,tradability_policy,False,-0.007754474364427555,215967928181.0,217655733990.5
2026-01-02,MMM,2026-01-02,2025-12-31,False,tradability_policy,False,0.010743285446595863,85962837267.36,85049130184.8
2026-01-02,MRK,2026-01-02,2025-12-31,True,,False,0.011305339160174732,264211298957.2,261257692139.36002
2026-01-02,MSFT,2026-01-02,2025-12-31,True,,False,-0.022083453951449505,3515068688155.7,3594446481511.1
2026-01-02,NKE,2026-01-02,2025-12-31,False,tradability_policy,False,-0.00674933291477009,93540582250.64,94176208836.73
2026-01-02,PG,2026-01-02,2025-12-31,True,,False,-0.010606377782429788,331325449912.70996,334877284907.19
2026-01-02,TRV,2026-01-02,2025-12-31,False,tradability_policy,False,-0.016789629731779665,63615455894.229996,64701774735.020004
2026-01-02,UNH,2026-01-02,2025-12-31,True,,False,0.019054254642391744,304724111768.0,299026386848.2
2026-01-02,V,2026-01-02,2025-12-31,True,,False,-0.012061247184283252,640665410189.2548,648486971852.5558
2026-01-02,WMT,2026-01-02,2025-12-31,True,,False,0.012117404182748537,899018692516.7201,888255343502.02
2026-01-05,AAPL,2026-01-05,2026-01-02,True,,False,-0.01383712778126267,3949128102780.0,4004539426530.0
2026-01-05,AMGN,2026-01-05,2026-01-02,False,tradability_policy,False,-0.021120742278110005,172701520803.12003,176427807046.44
2026-01-05,AXP,2026-01-05,2026-01-02,True,,False,0.018968153891556927,261625857809.4,256755676622.69
2026-01-05,BA,2026-01-05,2026-01-02,False,tradability_policy,False,0.0015805417745970995,173400579114.84,173126944746.36002
2026-01-05,CAT,2026-01-05,2026-01-02,True,,False,0.02956167176350677,288322229095.60004,280043670042.36
2026-01-05,CRM,2026-01-05,2026-01-02,True,,False,0.010409273716583733,243959520000.0,241446240000.0
2026-01-05,CSCO,2026-01-05,2026-01-02,True,,False,-0.00604944765912685,298782625707.74,300601096306.12
2026-01-05,CVX,2026-01-05,2026-01-02,True,,False,0.05099422706863366,329915513668.45,313908016972.3
2026-01-05,DIS,2026-01-05,2026-01-02,False,tradability_policy,False,0.019848010728654497,203647898663.22,199684557425.09998
2026-01-05,GS,2026-01-05,2026-01-02,True,,False,0.037294660629525245,284464196972.84,274236634747.74002
2026-01-05,HD,2026-01-05,2026-01-02,True,,False,-0.005002602509976306,342502591366.23,344224610265.54
2026-01-05,HON,2026-01-05,2026-01-02,False,tradability_policy,False,0.026597917092097134,66947807371.116936,65213270216.59151
2026-01-05,IBM,2026-01-05,2026-01-02,True,,False,0.011903945111492398,275718843713.82,272475312549.0
2026-01-05,JNJ,2026-01-05,2026-01-02,True,,False,-0.014661200868097413,492243082289.62,499567339399.7
2026-01-05,JPM,2026-01-05,2026-01-02,True,,False,0.026299619024210408,909344497021.8,886041931776.6001
2026-01-05,KO,2026-01-05,2026-01-02,True,,False,-0.01707175925925941,292251304929.3,297327203366.4
2026-01-05,MCD,2026-01-05,2026-01-02,False,tradability_policy,False,-0.011211501681725133,213546603391.0,215967928181.0
2026-01-05,MMM,2026-01-05,2026-01-02,False,tradability_policy,False,0.010690891113583012,86881856600.40001,85962837267.36
2026-01-05,MRK,2026-01-05,2026-01-02,True,,False,0.009300140911225885,266668501267.84,264211298957.2
2026-01-05,MSFT,2026-01-05,2026-01-02,True,,False,-0.0001902989808432176,3514399774166.75,3515068688155.7
2026-01-05,NKE,2026-01-05,2026-01-02,False,tradability_policy,False,0.019753476611883647,95388333954.39,93540582250.64
2026-01-05,PG,2026-01-05,2026-01-02,True,,False,-0.010014810635446736,328007288273.13,331325449912.70996
2026-01-05,TRV,2026-01-05,2026-01-02,False,tradability_policy,False,0.00901153616886985,64188728875.92,63615455894.229996
2026-01-05,UNH,2026-01-05,2026-01-02,True,,False,0.016706302021403108,309814924812.39996,304724111768.0
2026-01-05,V,2026-01-05,2026-01-02,True,,False,0.021126760563380254,654200594911.563,640665410189.2548
2026-01-05,WMT,2026-01-05,2026-01-02,True,,False,-0.0004434196523590561,898620049960.62,899018692516.7201
2026-01-06,AAPL,2026-01-06,2026-01-05,True,,False,-0.018334206390780428,3876723973080.0,3949128102780.0
2026-01-06,AMGN,2026-01-06,2026-01-05,False,tradability_policy,False,0.029464953853828746,177790163144.07,172701520803.12003
2026-01-06,AXP,2026-01-06,2026-01-05,True,,False,0.00989994734070554,264215940024.68,261625857809.4
2026-01-06,BA,2026-01-06,2026-01-05,False,tradability_policy,False,0.0074957261210713,174700342365.12,173400579114.84
2026-01-06,CAT,2026-01-06,2026-01-05,True,,False,0.011345560785586795,291593406471.64,288322229095.60004
2026-01-06,CRM,2026-01-06,2026-01-05,True,,False,0.02591118395379688,250280799999.99997,243959520000.0
2026-01-06,CSCO,2026-01-06,2026-01-05,True,,False,-0.004630854723471689,297399006774.19,298782625707.74
2026-01-06,CVX,2026-01-06,2026-01-05,True,,False,-0.04461397619774188,315196670794.38,329915513668.45
2026-01-06,DIS,2026-01-06,2026-01-05,False,tradability_policy,False,0.004383273428596457,204540543086.22,203647898663.22
2026-01-06,GS,2026-01-06,2026-01-05,True,,False,0.0074121715659398735,286572694405.17,284464196972.84
2026-01-06,HD,2026-01-06,2026-01-05,True,,False,0.01511232526373929,347678601930.63,342502591366.23
2026-01-06,HON,2026-01-06,2026-01-05,False,tradability_policy,False,0.019145656173852554,68229567072.63765,66947807371.116936
2026-01-06,IBM,2026-01-06,2026-01-05,True,,False,0.025426314540461847,282729357758.82,275718843713.82
2026-01-06,JNJ,2026-01-06,2026-01-05,True,,False,0.0023493710537907386,493399543938.57996,492243082289.62
2026-01-06,JPM,2026-01-06,2026-01-05,True,,False,0.006196862651179469,910896186529.9501,909344497021.8
2026-01-06,KO,2026-01-06,2026-01-05,True,,False,-0.0014718869590815142,291821144044.8,292251304929.3
2026-01-06,MCD,2026-01-06,2026-01-05,False,tradability_policy,False,0.009704528780097199,215618972549.5,213546603391.0
2026-01-06,MMM,2026-01-06,2026-01-05,False,tradability_policy,False,0.016264139406909184,88294915228.08,86881856600.40001
2026-01-06,MRK,2026-01-06,2026-01-05,True,,False,0.01330975428145953,270217793494.32,266668501267.84
2026-01-06,MSFT,2026-01-06,2026-01-05,True,,False,0.011969969334884034,3556467031694.05,3514399774166.75
2026-01-06,NKE,2026-01-06,2026-01-05,False,tradability_policy,False,0.012707267937393407,96600459072.04999,95388333954.39
2026-01-06,PG,2026-01-06,2026-01-05,True,,False,-0.0032770535014604585,326932390840.58997,328007288273.13
2026-01-06,TRV,2026-01-06,2026-01-05,False,tradability_policy,False,-0.00893105365582425,63615455894.229996,64188728875.92
2026-01-06,UNH,2026-01-06,2026-01-05,True,,False,0.02032044909654429,316110503221.4,309814924812.39996
2026-01-06,V,2026-01-06,2026-01-05,True,,False,0.010627473148671518,661153094167.8306,654200594911.563
2026-01-06,WMT,2026-01-06,2026-01-05,True,,False,0.014461893354626998,911615797289.48,898620049960.62
2026-01-07,AAPL,2026-01-07,2026-01-06,True,,False,-0.007737459978655381,3846727976490.0,3876723973080.0
2026-01-07,AMGN,2026-01-07,2026-01-06,False,tradability_policy,False,0.03473967955901491,183966536440.44,177790163144.07
2026-01-07,AXP,2026-01-07,2026-01-06,True,,False,-0.013922202523725002,260537472197.66,264215940024.68
2026-01-07,BA,2026-01-07,2026-01-06,False,tradability_policy,False,-0.007483466759484858,173392978160.16,174700342365.12
2026-01-07,CAT,2026-01-07,2026-01-06,True,,False,-0.04264231491437842,279159188605.92,291593406471.64
2026-01-07,CRM,2026-01-07,2026-01-06,True,,False,0.012248003042982125,253346240000.0,250280799999.99997
2026-01-07,CSCO,2026-01-07,2026-01-06,True,,False,-0.006779210421374526,295382876328.16,297399006774.19
2026-01-07,CVX,2026-01-07,2026-01-06,True,,False,-0.008560112431327482,312498551854.39996,315196670794.38
2026-01-07,DIS,2026-01-07,2026-01-06,False,tradability_policy,False,-0.014488958715195954,201576963601.86,204540543086.22
2026-01-07,GS,2026-01-07,2026-01-06,True,,False,-0.015123447099333331,282238727421.22,286572694405.17
2026-01-07,HD,2026-01-07,2026-01-06,True,,False,-0.0006584786280741106,347449663001.82,347678601930.63
2026-01-07,HON,2026-01-07,2026-01-06,False,tradability_policy,False,-0.02649555967600281,66421786506.59675,68229567072.63765
2026-01-07,IBM,2026-01-07,2026-01-06,True,,False,-0.018977088636889627,277363977676.38,282729357758.82
2026-01-07,JNJ,2026-01-07,2026-01-06,True,,False,0.013184237511597363,499904640713.98004,493399543938.57996
2026-01-07,JPM,2026-01-07,2026-01-06,True,,False,-0.022772780251636204,890152547842.05,910896186529.9501
2026-01-07,KO,2026-01-07,2026-01-06,True,,False,-0.004422169811320709,290530661391.30005,291821144044.8
2026-01-07,MCD,2026-01-07,2026-01-06,False,tradability_policy,False,0.00459094362057022,216608867096.00003,215618972549.5
2026-01-07,MMM,2026-01-07,2026-01-06,False,tradability_policy,False,-0.01985440105890146,86541872569.68,88294915228.08
2026-01-07,MRK,2026-01-07,2026-01-06,True,,False,-0.002480022044640484,269547647409.59998,270217793494.32
2026-01-07,MSFT,2026-01-07,2026-01-06,True,,False,0.010365509602725309,3593331624862.85,3556467031694.05
2026-01-07,NKE,2026-01-07,2026-01-06,False,tradability_policy,False,-0.03259372609028299,93451890168.86,96600459072.04999
2026-01-07,PG,2026-01-07,2026-01-06,True,,False,-0.013365735115431376,322562699103.95996,326932390840.58997
2026-01-07,TRV,2026-01-07,2026-01-06,False,tradability_policy,False,-0.007012868613906487,63169329060.229996,63615455894.229996
2026-01-07,UNH,2026-01-07,2026-01-06,True,,False,-0.020832736338367353,309525056454.0,316110503221.4
2026-01-07,V,2026-01-07,2026-01-06,True,,False,-0.004698512137823019,658046658329.9237,661153094167.8306
2026-01-07,WMT,2026-01-07,2026-01-06,True,,False,-0.01416827007171595,898699778471.84,911615797289.48
2026-01-08,AAPL,2026-01-08,2026-01-07,True,,False,-0.004955249106902593,3827666481120.0005,3846727976490.0
2026-01-08,AMGN,2026-01-08,2026-01-07,False,tradability_policy,False,-0.03374897552979739,177757854303.81,183966536440.44
2026-01-08,AXP,2026-01-08,2026-01-07,True,,False,0.012585267833536085,263816406065.94,260537472197.66
2026-01-08,BA,2026-01-08,2026-01-07,False,tradability_policy,False,-0.003243906715763689,172830507513.84,173392978160.16
2026-01-08,CAT,2026-01-08,2026-01-07,True,,False,0.01946288473144242,284592431715.48,279159188605.92
2026-01-08,CRM,2026-01-08,2026-01-07,True,,False,-0.021005561400871953,248024559999.99997,253346240000.0
2026-01-08,CSCO,2026-01-08,2026-01-07,True,,False,-0.010171306209850184,292378446643.88,295382876328.16
2026-01-08,CVX,2026-01-08,2026-01-07,True,,False,0.026095360824742286,320653314322.25,312498551854.39996
2026-01-08,DIS,2026-01-08,2026-01-07,False,tradability_policy,False,0.011159330440173587,203826427547.82,201576963601.86
2026-01-08,GS,2026-01-08,2026-01-07,True,,False,-0.0065779685872775495,280382169938.13,282238727421.22
2026-01-08,HD,2026-01-08,2026-01-07,True,,False,0.03008078840313977,357901222795.32,347449663001.82
2026-01-08,HON,2026-01-08,2026-01-07,False,tradability_policy,False,0.028720364893990435,68329444451.97694,66421786506.59675
2026-01-08,IBM,2026-01-08,2026-01-07,True,,False,0.020186701715364075,282963041560.32,277363977676.38
2026-01-08,JNJ,2026-01-08,2026-01-07,True,,False,-0.008385946310665582,495712467236.5,499904640713.98004
2026-01-08,JPM,2026-01-08,2026-01-07,True,,False,0.00856295299550447,897774882268.05,890152547842.05
2026-01-08,KO,2026-01-08,2026-01-07,True,,False,0.02709505478235119,298402605577.65,290530661391.30005
2026-01-08,MCD,2026-01-08,2026-01-07,False,tradability_policy,False,0.015518148342977378,219970235628.0,216608867096.00003
2026-01-08,MMM,2026-01-08,2026-01-07,False,tradability_policy,False,0.014302375544779311,87779626931.52,86541872569.68
2026-01-08,MRK,2026-01-08,2026-01-07,True,,False,0.022007366482504676,275479681270.64,269547647409.59998
2026-01-08,MSFT,2026-01-08,2026-01-07,True,,False,-0.011086520363207675,3553494080632.0503,3593331624862.85
2026-01-08,NKE,2026-01-08,2026-01-07,False,tradability_policy,False,0.03226826953495743,96467420949.38,93451890168.86
2026-01-08,PG,2026-01-08,2026-01-07,True,,False,0.025282526803825034,330717899189.97003,322562699103.95996
2026-01-08,TRV,2026-01-08,2026-01-07,False,tradability_policy,False,0.0034958861541720676,63390161843.060005,63169329060.229996
2026-01-08,UNH,2026-01-08,2026-01-07,True,,False,0.015071700321919845,314190125347.0,309525056454.0
2026-01-08,V,2026-01-08,2026-01-07,True,,False,-0.0102562661571316,651297556658.281,658046658329.9237
2026-01-08,WMT,2026-01-08,2026-01-07,True,,False,0.0031050390347764356,901490276364.5399,898699778471.84
2026-01-09,AAPL,2026-01-09,2026-01-08,True,,False,0.0012739345274861424,3832542677610.0,3827666481120.0005
2026-01-09,AMGN,2026-01-09,2026-01-08,False,tradability_policy,False,-0.012147465996183104,175598546813.1,177757854303.81
2026-01-09,AXP,2026-01-09,2026-01-08,True,,False,-0.019243824742806392,258739569383.33002,263816406065.94
2026-01-09,BA,2026-01-09,2026-01-08,False,tradability_policy,False,0.03144515788547797,178265190110.04,172830507513.84
2026-01-09,CAT,2026-01-09,2026-01-08,True,,False,0.015605215990002197,289033558081.52,284592431715.48
2026-01-09,CRM,2026-01-09,2026-01-08,True,,False,-0.0022646144397957535,247462880000.0,248024559999.99997
2026-01-09,CSCO,2026-01-09,2026-01-08,True,,False,-0.0010816657652784611,292062190887.63995,292378446643.88
2026-01-09,CVX,2026-01-09,2026-01-08,True,,False,0.01795918367346938,326411986089.67004,320653314322.25
2026-01-09,DIS,2026-01-09,2026-01-08,False,tradability_policy,False,0.01497766488569674,206879271474.47998,203826427547.82
2026-01-09,GS,2026-01-09,2026-01-08,True,,False,0.0044393098210369075,281626873258.78,280382169938.13
2026-01-09,HD,2026-01-09,2026-01-08,True,,False,0.041940149071086896,372911653432.07996,357901222795.32
2026-01-09,HON,2026-01-09,2026-01-08,False,tradability_policy,False,0.010426817384525444,69041903091.26376,68329444451.97694
2026-01-09,IBM,2026-01-09,2026-01-08,True,,False,0.004955073995771775,284365144369.32,282963041560.32
2026-01-09,JNJ,2026-01-09,2026-01-08,True,,False,-0.006609963547995257,492435825897.77997,495712467236.5
2026-01-09,JPM,2026-01-09,2026-01-08,True,,False,-0.0018193395797325707,896141524891.05,897774882268.05
2026-01-09,KO,2026-01-09,2026-01-08,True,,False,0.016433616837249643,303306439660.95,298402605577.65
2026-01-09,MCD,2026-01-09,2026-01-08,False,tradability_policy,False,-0.005050505050505083,218859274842.0,219970235628.0
2026-01-09,MMM,2026-01-09,2026-01-08,False,tradability_policy,False,0.0,87779626931.52,87779626931.52
2026-01-09,MRK,2026-01-09,2026-01-08,True,,False,-0.004144517524101166,274337950904.08002,275479681270.64
2026-01-09,MSFT,2026-01-09,2026-01-08,True,,False,0.0024471355964108543,3562189962488.4,3553494080632.0503
2026-01-09,NKE,2026-01-09,2026-01-08,False,tradability_policy,False,0.01011339258351196,97443033848.96,96467420949.38
2026-01-09,PG,2026-01-09,2026-01-08,True,,False,0.002402317529852427,331512388596.63,330717899189.97003
2026-01-09,TRV,2026-01-09,2026-01-08,False,tradability_policy,False,-0.007811950172425974,62894961057.31999,63390161843.060005
2026-01-09,UNH,2026-01-09,2026-01-08,True,,False,-0.008274470232088826,311590368507.60004,314190125347.0
2026-01-09,V,2026-01-09,2026-01-08,True,,False,-0.006984072906907501,646748847038.4888,651297556658.281
2026-01-09,WMT,2026-01-09,2026-01-08,True,,False,0.012912355178208212,913130639002.66,901490276364.5399
2026-01-12,AAPL,2026-01-12,2026-01-09,True,,False,0.0033928364884141526,3845545868250.0,3832542677610.0
2026-01-12,AMGN,2026-01-12,2026-01-09,False,tradability_policy,False,-0.0017172646427476845,175296997637.34,175598546813.1
2026-01-12,AXP,2026-01-12,2026-01-09,True,,False,-0.042650621655440535,247704165902.27,258739569383.33002
2026-01-12,BA,2026-01-12,2026-01-09,False,tradability_policy,False,0.022513111329041102,182278494181.08,178265190110.04
2026-01-12,CAT,2026-01-12,2026-01-09,True,,False,0.019672290405103432,294719510172.92,289033558081.52
2026-01-12,CRM,2026-01-12,2026-01-09,True,,False,-0.002077402477494883,246948799999.99997,247462880000.0
2026-01-12,CSCO,2026-01-12,2026-01-09,True,,False,0.001759610178668325,292576106491.53,292062190887.63995
2026-01-12,CVX,2026-01-12,2026-01-09,True,,False,0.0014187897106903158,326875096056.98,326411986089.67004
2026-01-12,DIS,2026-01-12,2026-01-09,False,tradability_policy,False,-0.02640662754573697,201416287605.72,206879271474.47998
2026-01-12,GS,2026-01-12,2026-01-09,True,,False,0.011256895780527687,284797117620.05,281626873258.78
2026-01-12,HD,2026-01-12,2026-01-09,True,,False,0.0008007687379885109,373210269426.18,372911653432.07996
2026-01-12,HON,2026-01-12,2026-01-09,False,tradability_policy,False,0.005882920243032164,69448071100.57683,69041903091.26376
2026-01-12,IBM,2026-01-12,2026-01-09,True,,False,0.026165275129840238,291805636609.08,284365144369.32
2026-01-12,JNJ,2026-01-12,2026-01-09,True,,False,0.02607759675130894,505277368791.44,492435825897.77997
2026-01-12,JPM,2026-01-12,2026-01-09,True,,False,-0.014277468938910576,883346892104.55,896141524891.05
2026-01-12,KO,2026-01-12,2026-01-09,True,,False,-0.0001418238547724604,303263423572.5,303306439660.95
2026-01-12,MCD,2026-01-12,2026-01-09,False,tradability_policy,False,-0.0018547442405310033,218453346862.5,218859274842.0
2026-01-12,MMM,2026-01-12,2026-01-09,False,tradability_policy,False,0.016339869281045694,89213934561.12,87779626931.52
2026-01-12,MRK,2026-01-12,2026-01-09,True,,False,-0.012123405410295884,271012040705.84,274337950904.08002
2026-01-12,MSFT,2026-01-12,2026-01-09,True,,False,-0.004381572358537755,3546581969412.9,3562189962488.4
2026-01-12,NKE,2026-01-12,2026-01-09,False,tradability_policy,False,-0.0042475728155340065,97029137467.32,97443033848.96
2026-01-12,PG,2026-01-12,2026-01-09,True,,False,0.011207443434129827,335227794939.54004,331512388596.63
2026-01-12,TRV,2026-01-12,2026-01-09,False,tradability_policy,False,-0.005213505461767576,62567057834.33,62894961057.31999
2026-01-12,UNH,2026-01-12,2026-01-09,True,,False,-0.010087795802081634,308447108496.2,311590368507.60004
2026-01-12,V,2026-01-12,2026-01-09,True,,False,-0.018783772193155523,634600464029.5319,646748847038.4888
2026-01-12,WMT,2026-01-12,2026-01-09,True,,False,0.030035798480747333,940557246862.34,913130639002.66
2026-01-13,AAPL,2026-01-13,2026-01-12,True,,False,0.00307396733909715,3857366950650.0,3845545868250.0
2026-01-13,AMGN,2026-01-13,2026-01-12,False,tradability_policy,False,-0.003809055722799104,174629281605.30002,175296997637.34
2026-01-13,AXP,2026-01-13,2026-01-12,True,,False,-0.004421702494507573,246608891774.0,247704165902.27
2026-01-13,BA,2026-01-13,2026-01-12,False,tradability_policy,False,0.019765647804511843,185881346699.4,182278494181.08
2026-01-13,CAT,2026-01-13,2026-01-12,True,,False,0.010734077520364593,297883052241.88,294719510172.92
2026-01-13,CRM,2026-01-13,2026-01-12,True,,False,-0.07070161912104844,229489120000.0,246948799999.99997
2026-01-13,CSCO,2026-01-13,2026-01-12,True,,False,0.019727063910282228,298347774042.91,292576106491.53
2026-01-13,CVX,2026-01-13,2026-01-12,True,,False,0.00942466428483435,329955784100.39,326875096056.98
2026-01-13,DIS,2026-01-13,2026-01-12,False,tradability_policy,False,0.0014181882644921373,201701933821.08002,201416287605.72
2026-01-13,GS,2026-01-13,2026-01-12,True,,False,-0.012005686904323132,281377932594.64996,284797117620.05
2026-01-13,HD,2026-01-13,2026-01-12,True,,False,0.012802048327732463,377988125331.78,373210269426.18
2026-01-13,HON,2026-01-13,2026-01-12,False,tradability_policy,False,0.008053691275167862,70007384424.87677,69448071100.57683
2026-01-13,IBM,2026-01-13,2026-01-12,True,,False,-0.028893587033121837,283374325050.96,291805636609.08
2026-01-13,JNJ,2026-01-13,2026-01-12,True,,False,0.018739271409498492,514745898542.3,505277368791.44
2026-01-13,JPM,2026-01-13,2026-01-12,True,,False,-0.04188110573515369,846351347515.4999,883346892104.55
2026-01-13,KO,2026-01-13,2026-01-12,True,,False,0.01049645390070908,306446614117.8,303263423572.5
2026-01-13,MCD,2026-01-13,2026-01-12,False,tradability_policy,False,0.008769356153219166,220369042064.0,218453346862.5
2026-01-13,MMM,2026-01-13,2026-01-12,False,tradability_policy,False,0.008812671192092392,90000147632.15999,89213934561.12
2026-01-13,MRK,2026-01-13,2026-01-12,True,,False,-0.00851726348566717,268703759747.36002,271012040705.84
2026-01-13,MSFT,2026-01-13,2026-01-12,True,,False,-0.013642650572111115,3498197190878.85,3546581969412.9
2026-01-13,NKE,2026-01-13,2026-01-12,False,tradability_policy,False,0.010054844606946833,98004750366.9,97029137467.32
2026-01-13,PG,2026-01-13,2026-01-12,True,,False,0.005437055625261422,337050447107.76,335227794939.54004
2026-01-13,TRV,2026-01-13,2026-01-12,False,tradability_policy,False,-0.03312061036044078,60494798690.399994,62567057834.33
2026-01-13,UNH,2026-01-13,2026-01-12,True,,False,-0.019323955243605084,302486690376.60004,308447108496.2
2026-01-13,V,2026-01-13,2026-01-12,True,,False,-0.04463869463869463,606272727698.1437,634600464029.5319
2026-01-13,WMT,2026-01-13,2026-01-12,True,,False,0.020259387979994825,959612361043.92,940557246862.34
2026-01-14,AAPL,2026-01-14,2026-01-13,True,,False,-0.0041754453169892125,3841260725879.9995,3857366950650.0
2026-01-14,AMGN,2026-01-14,2026-01-13,False,tradability_policy,False,0.014400246685168039,177143986338.87003,174629281605.30002
2026-01-14,AXP,2026-01-14,2026-01-13,True,,False,0.0007262569832402477,246787993203.78,246608891774.0
2026-01-14,BA,2026-01-14,2026-01-13,False,tradability_policy,False,-0.007932938049478588,184406761491.48,185881346699.4
2026-01-14,CAT,2026-01-14,2026-01-13,True,,False,0.0034876596546902228,298921966945.0,297883052241.88
2026-01-14,CRM,2026-01-14,2026-01-13,True,,False,-0.006181033767526767,228070640000.0,229489120000.0
2026-01-14,CSCO,2026-01-14,2026-01-13,True,,False,-0.014045316019610454,294157385272.73,298347774042.91
2026-01-14,CVX,2026-01-14,2026-01-13,True,,False,0.02056508207725649,336741351882.28,329955784100.39
2026-01-14,DIS,2026-01-14,2026-01-13,False,tradability_policy,False,0.004868118251017961,202683842686.38,201701933821.08002
2026-01-14,GS,2026-01-14,2026-01-13,True,,False,-0.005841283376858741,279734324354.37,281377932594.64996
2026-01-14,HD,2026-01-14,2026-01-13,True,,False,-0.00998051298256708,374215609939.64996,377988125331.78
2026-01-14,HON,2026-01-14,2026-01-13,False,tradability_policy,False,0.013125356667300636,70926256314.79811,70007384424.87677
2026-01-14,IBM,2026-01-14,2026-01-13,True,,False,0.019362712758939082,288861220710.18,283374325050.96
2026-01-14,JNJ,2026-01-14,2026-01-13,True,,False,0.022934706295342888,526551444542.10004,514745898542.3
2026-01-14,JPM,2026-01-14,2026-01-13,True,,False,-0.009745899002894687,838102892761.65,846351347515.4999
2026-01-14,KO,2026-01-14,2026-01-13,True,,False,0.0028074115665357446,307306935886.8,306446614117.8
2026-01-14,MCD,2026-01-14,2026-01-13,False,tradability_policy,False,-0.004233453981385749,219436119865.5,220369042064.0
2026-01-14,MMM,2026-01-14,2026-01-13,False,tradability_policy,False,0.003364419785149453,90302945909.52,90000147632.15999
2026-01-14,MRK,2026-01-14,2026-01-13,True,,False,0.02540181045630896,275529321721.36,268703759747.36002
2026-01-14,MSFT,2026-01-14,2026-01-13,True,,False,-0.02398708224446011,3414285647153.9,3498197190878.85
2026-01-14,NKE,2026-01-14,2026-01-13,False,tradability_policy,False,-0.01101055806938167,96925663371.90999,98004750366.9
2026-01-14,PG,2026-01-14,2026-01-13,True,,False,0.01462839711591779,341980954896.14996,337050447107.76
2026-01-14,TRV,2026-01-14,2026-01-13,False,tradability_policy,False,0.005678466076696198,60838316352.58,60494798690.399994
2026-01-14,UNH,2026-01-14,2026-01-13,True,,False,0.0030844787829784615,303419704155.19995,302486690376.60004
2026-01-14,V,2026-01-14,2026-01-13,True,,False,0.003934366231548081,608658026645.1079,606272727698.1437
2026-01-14,WMT,2026-01-14,2026-01-13,True,,False,-0.002658690594881996,957061048684.88,959612361043.92
2026-01-15,AAPL,2026-01-15,2026-01-14,True,,False,-0.006731804893060467,3815402108129.9995,3841260725879.9995
2026-01-15,AMGN,2026-01-15,2026-01-14,False,tradability_policy,False,0.0032221783141317406,177714775850.12997,177143986338.87003
2026-01-15,AXP,2026-01-15,2026-01-14,True,,False,-0.002484229330653731,246174915232.61002,246787993203.78
2026-01-15,BA,2026-01-15,2026-01-14,False,tradability_policy,False,0.021145047607270984,188306051242.32,184406761491.48
2026-01-15,CAT,2026-01-15,2026-01-14,True,,False,0.013197651663404919,302867034939.27997,298921966945.0
2026-01-15,CRM,2026-01-15,2026-01-14,True,,False,-0.025211837876194854,222320560000.0,228070640000.0
2026-01-15,CSCO,2026-01-15,2026-01-14,True,,False,0.01128880526810927,297478070713.25,294157385272.73
2026-01-15,CVX,2026-01-15,2026-01-14,True,,False,-0.006457785218847212,334566748557.52,336741351882.28
2026-01-15,DIS,2026-01-15,2026-01-14,False,tradability_policy,False,-0.0010569893420241394,202469608024.86,202683842686.38
2026-01-15,GS,2026-01-15,2026-01-14,True,,False,0.04630791169438275,292688236744.46,279734324354.37
2026-01-15,HD,2026-01-15,2026-01-14,True,,False,0.008538369464024642,377410801076.52,374215609939.64996
2026-01-15,HON,2026-01-15,2026-01-14,False,tradability_policy,False,0.00929402929027412,71585447018.43733,70926256314.79811
2026-01-15,IBM,2026-01-15,2026-01-14,True,,False,-0.035854124195061954,278504354627.7,288861220710.18
2026-01-15,JNJ,2026-01-15,2026-01-14,True,,False,0.004667124227865305,529008925546.13995,526551444542.10004
2026-01-15,JPM,2026-01-15,2026-01-14,True,,False,0.004514892649494895,841886837351.7,838102892761.65
2026-01-15,KO,2026-01-15,2026-01-14,True,,False,-0.013437849944008873,303177391395.60004,307306935886.8
2026-01-15,MCD,2026-01-15,2026-01-14,False,tradability_policy,False,0.0015902378866063938,219785075497.0,219436119865.5
2026-01-15,MMM,2026-01-15,2026-01-14,False,tradability_policy,False,0.00652979587034519,90892605712.8,90302945909.52
2026-01-15,MRK,2026-01-15,2026-01-14,True,,False,-0.00036032789838758017,275430040819.92,275529321721.36
2026-01-15,MSFT,2026-01-15,2026-01-14,True,,False,-0.0059210239888545235,3394069579932.3003,3414285647153.9
2026-01-15,NKE,2026-01-15,2026-01-14,False,tradability_policy,False,-0.014945859386914617,95477026036.17,96925663371.90999
2026-01-15,PG,2026-01-15,2026-01-14,True,,False,-0.011752647762213853,337961773191.87,341980954896.14996
2026-01-15,TRV,2026-01-15,2026-01-14,False,tradability_policy,False,-0.005133093788956655,60526027568.77999,60838316352.58
2026-01-15,UNH,2026-01-15,2026-01-14,True,,False,0.011941724385001296,307043058635.19995,303419704155.19995
2026-01-15,V,2026-01-15,2026-01-14,True,,False,-0.004313880365768519,606032348734.4962,608658026645.1079
2026-01-15,WMT,2026-01-15,2026-01-14,True,,False,-0.006997667444185285,950363853742.4,957061048684.88
2026-01-16,AAPL,2026-01-16,2026-01-15,True,,False,-0.010379148754889322,3775801482090.0,3815402108129.9995
2026-01-16,AMGN,2026-01-16,2026-01-15,False,tradability_policy,False,0.0011514104778354017,177919398505.11002,177714775850.12997
2026-01-16,AXP,2026-01-16,2026-01-15,True,,False,0.02076279486246757,251286194497.87003,246174915232.61002
2026-01-16,BA,2026-01-16,2026-01-15,False,tradability_policy,False,-0.0002421893921046303,188260445514.24,188306051242.32
2026-01-16,CAT,2026-01-16,2026-01-15,True,,False,-0.0004480979016656672,302731320856.44,302867034939.27997
2026-01-16,CRM,2026-01-16,2026-01-15,False,tradability_policy,False,-0.027491114631952973,216208720000.0,222320560000.0
2026-01-16,CSCO,2026-01-16,2026-01-15,True,,False,-0.0007973421926910085,297240878896.07,297478070713.25
2026-01-16,CVX,2026-01-16,2026-01-15,True,,False,0.0006018295618679392,334768100717.22,334566748557.52
2026-01-16,DIS,2026-01-16,2026-01-15,False,tradability_policy,False,-0.019486817740939855,198524119675.2,202469608024.86
2026-01-16,GS,2026-01-16,2026-01-15,True,,False,-0.014202856967187927,288531227582.0,292688236744.46
2026-01-16,HD,2026-01-16,2026-01-15,True,,False,0.002663783099483119,378416141589.99,377410801076.52
2026-01-16,HON,2026-01-16,2026-01-15,False,tradability_policy,False,0.020323690819458617,73040327510.81279,71585447018.43733
2026-01-16,IBM,2026-01-16,2026-01-15,True,,False,0.025910387648934385,285720510418.02,278504354627.7
2026-01-16,JNJ,2026-01-16,2026-01-15,True,,False,-0.00414446417998815,526816467003.32,529008925546.13995
2026-01-16,JPM,2026-01-16,2026-01-15,True,,False,0.010379615857207591,850625299318.65,841886837351.7
2026-01-16,KO,2026-01-16,2026-01-15,True,,False,-0.0005675368898979682,303005327041.8,303177391395.60004
2026-01-16,MCD,2026-01-16,2026-01-15,True,,False,-0.003855874538267079,218937611820.5,219785075497.0
2026-01-16,MMM,2026-01-16,2026-01-15,False,tradability_policy,False,-0.019286966686148377,89139563054.40001,90892605712.8
2026-01-16,MRK,2026-01-16,2026-01-15,True,,False,-0.01928449130395604,270118512592.88,275430040819.92
2026-01-16,MSFT,2026-01-16,2026-01-15,True,,False,0.007007401567906024,3417853188428.3003,3394069579932.3003
2026-01-16,NKE,2026-01-16,2026-01-15,False,tradability_policy,False,-0.0032512772875059603,95166603749.93999,95477026036.17
2026-01-16,PG,2026-01-16,2026-01-15,True,,False,-0.000691419484201039,337728099836.97003,337961773191.87
2026-01-16,TRV,2026-01-16,2026-01-15,False,tradability_policy,False,-0.007075993218839671,60097745808.14001,60526027568.77999
2026-01-16,UNH,2026-01-16,2026-01-15,True,,False,-0.023424592872315353,299850699992.39996,307043058635.19995
2026-01-16,V,2026-01-16,2026-01-15,True,,False,0.0016781083142638487,607049336657.6205,606032348734.4962
2026-01-16,WMT,2026-01-16,2026-01-15,True,,False,0.004194630872483174,954350279303.4,950363853742.4
2026-01-20,AAPL,2026-01-20,2026-01-16,True,,False,-0.03455562947599111,3645326285100.0,3775801482090.0
2026-01-20,AMGN,2026-01-20,2026-01-16,False,tradability_policy,False,0.0017856602403074628,178237102101.0,177919398505.11002
2026-01-20,AXP,2026-01-20,2026-01-16,True,,False,-0.03454042051591333,242606663670.07,251286194497.87003
2026-01-20,BA,2026-01-20,2026-01-16,False,tradability_policy,False,0.005329457364340984,189263771532.0,188260445514.24
2026-01-20,CAT,2026-01-20,2026-01-16,True,,False,-0.025321151973287548,294359165884.0,302731320856.44
2026-01-20,CRM,2026-01-20,2026-01-16,False,tradability_policy,False,-0.03099819470741061,209506640000.0,216208720000.0
2026-01-20,CSCO,2026-01-20,2026-01-16,True,,False,-0.0244713392738396,289966996502.55,297240878896.07
2026-01-20,CVX,2026-01-20,2026-01-16,True,,False,-0.005774088776614783,332835119984.10004,334768100717.22
2026-01-20,DIS,2026-01-20,2026-01-16,False,tradability_policy,False,-0.007733812949640262,196988771267.64,198524119675.2
2026-01-20,GS,2026-01-20,2026-01-16,True,,False,-0.01936590436590435,282943559422.07,288531227582.0
2026-01-20,HD,2026-01-20,2026-01-16,True,,False,-0.013309835073782805,373379485156.17004,378416141589.99
2026-01-20,HON,2026-01-20,2026-01-16,False,tradability_policy,False,-0.019690961301791265,71602093248.32721,73040327510.81279
2026-01-20,IBM,2026-01-20,2026-01-16,True,,False,-0.04684790787450521,272335102268.1,285720510418.02
2026-01-20,JNJ,2026-01-20,2026-01-16,True,,False,-0.0020579895728527475,525732284207.42004,526816467003.32
2026-01-20,JPM,2026-01-20,2026-01-16,True,,False,-0.031138989342976986,824137687188.3,850625299318.65
2026-01-20,KO,2026-01-20,2026-01-16,True,,False,0.01859738784781384,308640434628.75,303005327041.8
2026-01-20,MCD,2026-01-20,2026-01-16,True,,False,-0.014930228019386593,215668823353.99997,218937611820.5
2026-01-20,MMM,2026-01-20,2026-01-16,False,tradability_policy,False,-0.06960667461263415,82934854493.76001,89139563054.40001
2026-01-20,MRK,2026-01-20,2026-01-16,True,,False,0.0056969585592208105,271657366565.2,270118512592.88
2026-01-20,MSFT,2026-01-20,2026-01-16,True,,False,-0.011612229809072394,3378164291750.6,3417853188428.3003
2026-01-20,NKE,2026-01-20,2026-01-16,False,tradability_policy,False,-0.011649580615097799,94057952727.69,95166603749.93999
2026-01-20,PG,2026-01-20,2026-01-16,True,,False,0.01708987753407598,343499831703.0,337728099836.97003
2026-01-20,TRV,2026-01-20,2026-01-16,False,tradability_policy,False,0.000705218617771397,60140127857.37,60097745808.14001
2026-01-20,UNH,2026-01-20,2026-01-16,True,,False,0.022385354359253373,306562964166.60004,299850699992.39996
2026-01-20,V,2026-01-20,2026-01-16,True,,False,-0.007554066402680526,602463645658.8057,607049336657.6205
2026-01-20,WMT,2026-01-20,2026-01-16,True,,False,-0.008270676691729428,946457156692.62,954350279303.4
2026-01-21,AAPL,2026-01-21,2026-01-20,True,,False,0.0038508309687881326,3659363820450.0,3645326285100.0
2026-01-21,AMGN,2026-01-21,2026-01-20,False,tradability_policy,False,0.03806646525679769,185021958555.6,178237102101.0
2026-01-21,AXP,2026-01-21,2026-01-20,True,,False,0.021068173429114934,247717942935.33002,242606663670.07
2026-01-21,BA,2026-01-21,2026-01-20,False,tradability_policy,False,0.004297188755020054,190077073682.76,189263771532.0
2026-01-21,CAT,2026-01-21,2026-01-20,True,,False,0.026041335453100167,302024671666.48,294359165884.0
2026-01-21,CRM,2026-01-21,2026-01-20,False,tradability_policy,False,0.0068614531739901174,210944160000.0,209506640000.0
2026-01-21,CSCO,2026-01-21,2026-01-20,True,,False,0.004635310156782646,291311083466.57,289966996502.55
2026-01-21,CVX,2026-01-21,2026-01-20,True,,False,0.008650937689050009,335714455867.81,332835119984.10004
2026-01-21,DIS,2026-01-21,2026-01-20,False,tradability_policy,False,0.025829255029907516,202076844478.74,196988771267.64
2026-01-21,GS,2026-01-21,2026-01-20,True,,False,0.010218684079417395,285834870268.11,282943559422.07
2026-01-21,HD,2026-01-21,2026-01-20,True,,False,0.025405880941590464,382865519902.07996,373379485156.17004
2026-01-21,HON,2026-01-21,2026-01-20,False,tradability_policy,False,0.019063560701167104,72967084099.29732,71602093248.32721
2026-01-21,IBM,2026-01-21,2026-01-20,True,,False,0.021245924146215955,278121113193.24,272335102268.1
2026-01-21,JNJ,2026-01-21,2026-01-20,True,,False,-0.0009165482791806401,525250425187.01996,525732284207.42004
2026-01-21,JPM,2026-01-21,2026-01-20,True,,False,-0.002312215102067694,822232103581.8,824137687188.3
2026-01-21,KO,2026-01-21,2026-01-20,True,,False,0.003623693379791071,309758852928.45,308640434628.75
2026-01-21,MCD,2026-01-21,2026-01-20,True,,False,0.009410910051512511,217698463251.5,215668823353.99997
2026-01-21,MMM,2026-01-21,2026-01-20,False,tradability_policy,False,-0.001537279016141535,82807360482.23999,82934854493.76001
2026-01-21,MRK,2026-01-21,2026-01-20,True,,False,0.015166742804933797,275777523974.96,271657366565.2
2026-01-21,MSFT,2026-01-21,2026-01-20,True,,False,-0.02290328258382468,3300793240362.0503,3378164291750.6
2026-01-21,NKE,2026-01-21,2026-01-20,False,tradability_policy,False,0.02797422599402788,96689151153.83,94057952727.69
2026-01-21,PG,2026-01-21,2026-01-20,True,,False,-0.006394557823129254,341303302166.94,343499831703.0
2026-01-21,TRV,2026-01-21,2026-01-20,False,tradability_policy,False,0.011275546159266847,60818240645.049995,60140127857.37
2026-01-21,UNH,2026-01-21,2026-01-20,True,,False,0.027538929763909703,315005380105.0,306562964166.60004
2026-01-21,V,2026-01-21,2026-01-20,True,,False,-0.0016573568227856716,601465148425.1926,602463645658.8057
2026-01-21,WMT,2026-01-21,2026-01-20,True,,False,0.005475528599107049,951639509921.92,946457156692.62
2026-01-22,AAPL,2026-01-22,2026-01-21,True,,False,0.0028265697557035008,3669707267550.0,3659363820450.0
2026-01-22,AMGN,2026-01-22,2026-01-21,False,tradability_policy,False,0.010098952270081396,186890486483.97,185021958555.6
2026-01-22,AXP,2026-01-22,2026-01-21,True,,False,0.02338644642807486,253511185337.06,247717942935.33002
2026-01-22,BA,2026-01-22,2026-01-21,False,tradability_policy,False,0.005358499620106372,191095601609.88,190077073682.76
2026-01-22,CAT,2026-01-22,2026-01-21,True,,False,0.004694908426043476,303442649842.36,302024671666.48
2026-01-22,CRM,2026-01-22,2026-01-21,False,tradability_policy,False,0.029379907933928973,217141680000.0,210944160000.0
2026-01-22,CSCO,2026-01-22,2026-01-21,True,,False,0.008685031890351524,293841129516.49,291311083466.57
2026-01-22,CVX,2026-01-22,2026-01-21,True,,False,-0.00041984046062493174,335573509356.02,335714455867.81
2026-01-22,DIS,2026-01-22,2026-01-21,False,tradability_policy,False,0.00017669405424514117,202112550255.66,202076844478.74
2026-01-22,GS,2026-01-22,2026-01-21,True,,False,0.0017208633697443076,286326753026.14996,285834870268.11
2026-01-22,HD,2026-01-22,2026-01-21,True,,False,-0.009385399334442601,379272174106.41,382865519902.07996
2026-01-22,HON,2026-01-22,2026-01-21,False,tradability_policy,False,0.015376191997079847,74089039993.8752,72967084099.29732
2026-01-22,IBM,2026-01-22,2026-01-21,True,,False,-0.009645761914364503,275438423152.02,278121113193.24
2026-01-22,JNJ,2026-01-22,2026-01-21,True,,False,0.0022017338654189977,526406886835.98004,525250425187.01996
2026-01-22,JPM,2026-01-22,2026-01-21,True,,False,0.005264203416765811,826560500630.85,822232103581.8
2026-01-22,KO,2026-01-22,2026-01-21,True,,False,-0.0019441744202194355,309156627690.15,309758852928.45
2026-01-22,MCD,2026-01-22,2026-01-21,True,,False,0.0011122378880563666,217940595730.49997,217698463251.5
2026-01-22,MMM,2026-01-22,2026-01-21,False,tradability_policy,False,0.03047215807031045,85330679460.23999,82807360482.23999
2026-01-22,MRK,2026-01-22,2026-01-21,True,,False,-0.01737017370173699,270987220480.48,275777523974.96
2026-01-22,MSFT,2026-01-22,2026-01-21,True,,False,0.015829411632253265,3353042855276.6997,3300793240362.0503
2026-01-22,NKE,2026-01-22,2026-01-21,False,tradability_policy,False,0.0007644091117564589,96763061221.98,96689151153.83
2026-01-22,PG,2026-01-22,2026-01-21,True,,False,0.02649596056415171,350346461001.57,341303302166.94
2026-01-22,TRV,2026-01-22,2026-01-21,False,tradability_policy,False,0.021382725105446587,62118700366.16,60818240645.049995
2026-01-22,UNH,2026-01-22,2026-01-21,True,,False,0.019324227174694508,321092615631.4,315005380105.0
2026-01-22,V,2026-01-22,2026-01-21,True,,False,0.003320216428922995,603462142892.4186,601465148425.1926
2026-01-22,WMT,2026-01-22,2026-01-21,True,,False,-0.012818364611260069,939441047705.26,951639509921.92
2026-01-23,AAPL,2026-01-23,2026-01-22,True,,False,-0.0012482383732635993,3665126598120.0,3669707267550.0
2026-01-23,AMGN,2026-01-23,2026-01-22,False,tradability_policy,False,-0.006684530498170416,185641211327.25,186890486483.97
2026-01-23,AXP,2026-01-23,2026-01-22,True,,False,-0.01720015216564308,249150754373.57,253511185337.06
2026-01-23,BA,2026-01-23,2026-01-22,False,tradability_policy,False,0.0029433992283520727,191658072256.2,191095601609.88
2026-01-23,CAT,2026-01-23,2026-01-22,True,,False,-0.03360528060949086,293245374445.52,303442649842.36
2026-01-23,CRM,2026-01-23,2026-01-22,False,tradability_policy,False,-0.00017536937173923128,217103600000.0,217141680000.0
2026-01-23,CSCO,2026-01-23,2026-01-22,True,,False,0.003497914704695404,294868960724.27,293841129516.49
2026-01-23,CVX,2026-01-23,2026-01-22,True,,False,0.0003600144005759809,335694320651.84,335573509356.02
2026-01-23,DIS,2026-01-23,2026-01-22,False,tradability_policy,False,-0.01969790654535808,198131356129.08002,202112550255.66
2026-01-23,GS,2026-01-23,2026-01-22,True,,False,-0.03746922956057197,275598310187.68,286326753026.14996
2026-01-23,HD,2026-01-23,2026-01-22,True,,False,0.007191034826654175,381999533519.19,379272174106.41
2026-01-23,HON,2026-01-23,2026-01-22,False,tradability_policy,False,-0.004853060124022535,73729481428.2538,74089039993.8752
2026-01-23,IBM,2026-01-23,2026-01-22,True,,False,-0.007567787694709449,273353963642.63998,275438423152.02
2026-01-23,JNJ,2026-01-23,2026-01-22,True,,False,0.007551833035836841,530382223754.27997,526406886835.98004
2026-01-23,JPM,2026-01-23,2026-01-22,True,,False,-0.019464479794486622,810471930467.4,826560500630.85
2026-01-23,KO,2026-01-23,2026-01-22,True,,False,0.014053151523584217,313501252623.6,309156627690.15
2026-01-23,MCD,2026-01-23,2026-01-22,True,,False,0.010521844263634339,220233732737.5,217940595730.49997
2026-01-23,MMM,2026-01-23,2026-01-22,False,tradability_policy,False,0.012762248645956653,86419690808.64,85330679460.23999
2026-01-23,MRK,2026-01-23,2026-01-22,True,,False,-0.009159186664224217,268505197944.48,270987220480.48
2026-01-23,MSFT,2026-01-23,2026-01-22,True,,False,0.0328279469787649,3463116368347.25,3353042855276.6997
2026-01-23,NKE,2026-01-23,2026-01-22,False,tradability_policy,False,-0.006416131989000706,96142216649.52,96763061221.98
2026-01-23,PG,2026-01-23,2026-01-22,True,,False,0.008515974121256376,350860542382.35004,350346461001.57
2026-01-23,TRV,2026-01-23,2026-01-22,False,tradability_policy,False,-0.002729100833093856,61949172169.240005,62118700366.16
2026-01-23,UNH,2026-01-23,2026-01-22,True,,False,0.005049792648178952,322714066761.2,321092615631.4
2026-01-23,V,2026-01-23,2026-01-22,True,,False,-0.000551538178698352,603129310481.2142,603462142892.4186
2026-01-23,WMT,2026-01-23,2026-01-22,True,,False,-0.0008486803021301448,938643762593.06,939441047705.26
2026-01-26,AAPL,2026-01-26,2026-01-23,True,,False,0.029712949524270282,3774028319730.0,3665126598120.0
2026-01-26,AMGN,2026-01-26,2026-01-23,False,tradability_policy,False,0.014329224075416924,188301305841.99,185641211327.25
2026-01-26,AXP,2026-01-26,2026-01-23,True,,False,0.004313085791699978,250225362952.25,249150754373.57
2026-01-26,BA,2026-01-26,2026-01-23,False,tradability_policy,False,-0.014753123140987534,188830517115.24,191658072256.2
2026-01-26,CAT,2026-01-26,2026-01-23,True,,False,0.01484153075229,297597584688.32,293245374445.52
2026-01-26,CRM,2026-01-26,2026-01-23,False,tradability_policy,False,0.005919754439815739,218388800000.0,217103600000.0
2026-01-26,CSCO,2026-01-26,2026-01-23,True,,False,0.032444027349510574,304273792296.63,294868960724.27
2026-01-26,CVX,2026-01-26,2026-01-23,True,,False,0.004678502879078783,337264867497.5,335694320651.84
2026-01-26,DIS,2026-01-26,2026-01-23,False,tradability_policy,False,0.0029735087403135463,198720501448.26,198131356129.08002
2026-01-26,GS,2026-01-26,2026-01-23,True,,False,0.014125892390736583,279491382260.46,275598310187.68
2026-01-26,HD,2026-01-26,2026-01-23,True,,False,0.007191807593089683,384746800664.91,381999533519.19
2026-01-26,HON,2026-01-26,2026-01-23,False,tradability_policy,False,-0.0013546464372798939,73629604048.91452,73729481428.2538
2026-01-26,IBM,2026-01-26,2026-01-23,True,,False,0.013301873888660776,276990083593.98,273353963642.63998
2026-01-26,JNJ,2026-01-26,2026-01-23,True,,False,0.00613246116107935,533634772141.98004,530382223754.27997
2026-01-26,JPM,2026-01-26,2026-01-23,True,,False,0.01115141743920467,819509841286.8,810471930467.4
2026-01-26,KO,2026-01-26,2026-01-23,True,,False,-0.004390779363336872,312124737793.2,313501252623.6
2026-01-26,MCD,2026-01-26,2026-01-23,True,,False,0.011964430072756604,222868703832.5,220233732737.5
2026-01-26,MMM,2026-01-26,2026-01-23,False,tradability_policy,False,-0.01942463732480937,84741019656.96,86419690808.64
2026-01-26,MRK,2026-01-26,2026-01-23,True,,False,-0.007210205213532994,266569220366.40002,268505197944.48
2026-01-26,MSFT,2026-01-26,2026-01-23,True,,False,0.009292842579675886,3495298563593.4,3463116368347.25
2026-01-26,NKE,2026-01-26,2026-01-23,False,tradability_policy,False,-0.0007687576875770041,96068306581.37,96142216649.52
2026-01-26,PG,2026-01-26,2026-01-23,True,,False,-0.00439560439560438,349318298240.01,350860542382.35004
2026-01-26,TRV,2026-01-26,2026-01-23,False,tradability_policy,False,0.014366988333573305,62839195203.06999,61949172169.240005
2026-01-26,UNH,2026-01-26,2026-01-23,True,,False,-0.01296805703699544,318529092336.8,322714066761.2
2026-01-26,V,2026-01-26,2026-01-23,True,,False,0.007081979275246786,607400659758.336,603129310481.2142
2026-01-26,WMT,2026-01-26,2026-01-23,True,,False,-0.0007644610549563113,937926205992.08,938643762593.06
2026-01-27,AAPL,2026-01-27,2026-01-26,True,,False,0.011197682158098576,3816288689309.9995,3774028319730.0
2026-01-27,AMGN,2026-01-27,2026-01-26,False,tradability_policy,False,0.004661271411821932,189179029335.72,188301305841.99
2026-01-27,AXP,2026-01-27,2026-01-26,True,,False,-0.010461114934618099,247607726670.85,250225362952.25
2026-01-27,BA,2026-01-27,2026-01-26,False,tradability_policy,False,-0.015577828764641977,185888947654.08,188830517115.24
2026-01-27,CAT,2026-01-27,2026-01-26,True,,False,0.004701849289218796,298996843680.36,297597584688.32
2026-01-27,CRM,2026-01-27,2026-01-26,False,tradability_policy,False,-0.0037925021795989222,217560560000.0,218388800000.0
2026-01-27,CSCO,2026-01-27,2026-01-26,True,,False,0.02168549539020903,310872120216.84,304273792296.63
2026-01-27,CVX,2026-01-27,2026-01-26,True,,False,0.009253731343283667,340385825972.85004,337264867497.5
2026-01-27,DIS,2026-01-27,2026-01-26,False,tradability_policy,False,-0.006288743149761911,197470799256.06,198720501448.26
2026-01-27,GS,2026-01-27,2026-01-26,True,,False,-0.002296482304208758,278849535246.92,279491382260.46
2026-01-27,HD,2026-01-27,2026-01-26,True,,False,-0.015962538483429434,378605265052.92004,384746800664.91
2026-01-27,HON,2026-01-27,2026-01-26,False,tradability_policy,False,-0.00113040332790737,73546372899.46513,73629604048.91452
2026-01-27,IBM,2026-01-27,2026-01-26,True,,False,-0.008335301859413446,274681287635.16,276990083593.98
2026-01-27,JNJ,2026-01-27,2026-01-26,True,,False,0.013318885728475172,540742192692.88,533634772141.98004
2026-01-27,JPM,2026-01-27,2026-01-26,True,,False,-0.002424926920010728,817522589811.45,819509841286.8
2026-01-27,KO,2026-01-27,2026-01-26,True,,False,0.013643880926130114,316383330549.75,312124737793.2
2026-01-27,MCD,2026-01-27,2026-01-26,True,,False,0.003770570378654803,223709045965.5,222868703832.5
2026-01-27,MMM,2026-01-27,2026-01-26,False,tradability_policy,False,-0.009215145436308969,83960118836.40001,84741019656.96
2026-01-27,MRK,2026-01-27,2026-01-26,True,,False,0.004841713221601429,267859872085.12,266569220366.40002
2026-01-27,MSFT,2026-01-27,2026-01-26,True,,False,0.02190184570893927,3571852053439.9,3495298563593.4
2026-01-27,NKE,2026-01-27,2026-01-26,False,tradability_policy,False,-0.029235266964148243,93259723991.67,96068306581.37
2026-01-27,PG,2026-01-27,2026-01-26,True,,False,-0.007692822262358678,346631054658.66003,349318298240.01
2026-01-27,TRV,2026-01-27,2026-01-26,False,tradability_policy,False,-0.0015618898867629794,62741047299.59,62839195203.06999
2026-01-27,UNH,2026-01-27,2026-01-26,True,,False,-0.19605278125355474,256080577874.0,318529092336.8
2026-01-27,V,2026-01-27,2026-01-26,True,,False,-0.00983287162470703,601428167046.17,607400659758.336
2026-01-27,WMT,2026-01-27,2026-01-26,True,,False,-0.005950357021421326,932345210206.6799,937926205992.08
2026-01-28,AAPL,2026-01-28,2026-01-27,True,,False,-0.0070856080845626,3789247963320.0,3816288689309.9995
2026-01-28,AMGN,2026-01-28,2026-01-27,False,tradability_policy,False,-0.025902311283160562,184278855229.62003,189179029335.72
2026-01-28,AXP,2026-01-28,2026-01-27,True,,False,-0.0068437891222701275,245913151604.47,247607726670.85
2026-01-28,BA,2026-01-28,2026-01-27,False,tradability_policy,False,-0.012144259077527031,183631464114.12,185888947654.08
2026-01-28,CAT,2026-01-28,2026-01-27,True,,False,0.006839773990076958,301041914514.88,298996843680.36
2026-01-28,CRM,2026-01-28,2026-01-27,False,tradability_policy,False,-0.002494202074125873,217017920000.0,217560560000.0
2026-01-28,CSCO,2026-01-28,2026-01-27,True,,False,0.003558718861209842,311978426694.48,310872120216.84
2026-01-28,CVX,2026-01-28,2026-01-27,True,,False,0.005205560485063598,342157724978.21,340385825972.85004
2026-01-28,DIS,2026-01-28,2026-01-27,False,tradability_policy,False,-0.009492812584757204,195596245967.76,197470799256.06
2026-01-28,GS,2026-01-28,2026-01-27,True,,False,0.0076259518994965525,280976028389.91,278849535246.92
2026-01-28,HD,2026-01-28,2026-01-27,True,,False,-0.013303186454937443,373568608619.10004,378605265052.92004
2026-01-28,HON,2026-01-28,2026-01-27,False,tradability_policy,False,-0.01932913856321583,72124784866.86943,73546372899.46513
2026-01-28,IBM,2026-01-28,2026-01-27,True,,False,0.0010208943034097917,274961708196.96,274681287635.16
2026-01-28,JNJ,2026-01-28,2026-01-27,True,,False,0.014614150775262846,548644680627.44,540742192692.88
2026-01-28,JPM,2026-01-28,2026-01-27,True,,False,0.0015317505244580865,818774830467.1499,817522589811.45
2026-01-28,KO,2026-01-28,2026-01-27,True,,False,-0.006662134602311243,314275542215.7,316383330549.75
2026-01-28,MCD,2026-01-28,2026-01-27,True,,False,-0.004233915894693241,222761880680.0,223709045965.5
2026-01-28,MMM,2026-01-28,2026-01-27,False,tradability_policy,False,-0.01335020563112943,82839233985.12,83960118836.40001
2026-01-28,MRK,2026-01-28,2026-01-27,True,,False,-0.009451445515196388,265328209098.40002,267859872085.12
2026-01-28,MSFT,2026-01-28,2026-01-27,True,,False,0.002184859960880692,3579656049977.65,3571852053439.9
2026-01-28,NKE,2026-01-28,2026-01-27,False,tradability_policy,False,-0.013472816611190375,92003252833.12001,93259723991.67
2026-01-28,PG,2026-01-28,2026-01-27,True,,False,-0.006741270055278359,344294321109.66003,346631054658.66003
2026-01-28,TRV,2026-01-28,2026-01-27,False,tradability_policy,False,0.0027375831052014465,62912806130.68001,62741047299.59
2026-01-28,UNH,2026-01-28,2026-01-27,True,,False,0.04004244782454891,266334671052.4,256080577874.0
2026-01-28,V,2026-01-28,2026-01-27,True,,False,0.005288077230523269,604608565642.1222,601428167046.17
2026-01-28,WMT,2026-01-28,2026-01-27,True,,False,-0.003164015734564818,929395255291.5399,932345210206.6799
2026-01-29,AAPL,2026-01-29,2026-01-28,True,,False,0.007175167680548933,3816436452839.9995,3789247963320.0
2026-01-29,AMGN,2026-01-29,2026-01-28,False,tradability_policy,False,0.0021039097656476713,184666561312.74,184278855229.62003
2026-01-29,AXP,2026-01-29,2026-01-28,True,,False,0.00422981035883363,246953317600.5,245913151604.47
2026-01-29,BA,2026-01-29,2026-01-28,False,tradability_policy,False,-0.0312512935138044,177892743330.72,183631464114.12
2026-01-29,CAT,2026-01-29,2026-01-28,True,,False,0.03413754508145761,311318746443.04,301041914514.88
2026-01-29,CRM,2026-01-29,2026-01-28,False,tradability_policy,False,-0.060887875065800956,203804160000.0,217017920000.0
2026-01-29,CSCO,2026-01-29,2026-01-28,True,,False,-0.006712259371833729,309884346576.09,311978426694.48
2026-01-29,CVX,2026-01-29,2026-01-28,True,,False,0.007414817866180146,344694762190.43,342157724978.21
2026-01-29,DIS,2026-01-29,2026-01-28,False,tradability_policy,False,0.01843738590726529,199202529436.68,195596245967.76
2026-01-29,GS,2026-01-29,2026-01-28,True,,False,0.003533267151289987,281968791761.32,280976028389.91
2026-01-29,HD,2026-01-29,2026-01-28,True,,False,-0.009299227284838785,370094709221.07,373568608619.10004
2026-01-29,HON,2026-01-29,2026-01-28,False,tradability_policy,False,0.04892909896602671,75653785603.52386,72124784866.86943
2026-01-29,IBM,2026-01-29,2026-01-28,True,,False,0.051264617895023123,289057515103.44,274961708196.96
2026-01-29,JNJ,2026-01-29,2026-01-28,True,,False,-0.0018882838573687222,547608683733.57996,548644680627.44
2026-01-29,JPM,2026-01-29,2026-01-28,True,,False,0.01878511819662876,834155612433.9,818774830467.1499
2026-01-29,KO,2026-01-29,2026-01-28,True,,False,0.005064330687106544,315867137488.35004,314275542215.7
2026-01-29,MCD,2026-01-29,2026-01-28,True,,False,0.008663682864449962,224691818968.5,222761880680.0
2026-01-29,MMM,2026-01-29,2026-01-28,False,tradability_policy,False,0.0028215980505321703,83072973006.23999,82839233985.12
2026-01-29,MRK,2026-01-29,2026-01-28,True,,False,0.01347053320860625,268902321550.24002,265328209098.40002
2026-01-29,MSFT,2026-01-29,2026-01-28,True,,False,-0.09993148267342145,3221935713442.5,3579656049977.65
2026-01-29,NKE,2026-01-29,2026-01-28,False,tradability_policy,False,0.005784061696658016,92535405323.8,92003252833.12001
2026-01-29,PG,2026-01-29,2026-01-28,True,,False,0.01737477942174559,350276358995.10004,344294321109.66003
2026-01-29,TRV,2026-01-29,2026-01-28,False,tradability_policy,False,0.00797759183094593,63414698818.93001,62912806130.68001
2026-01-29,UNH,2026-01-29,2026-01-28,True,,False,-0.005883953472552772,264767570239.80002,266334671052.4
2026-01-29,V,2026-01-29,2026-01-28,True,,False,0.01474096275001524,613521077986.5929,604608565642.1222
2026-01-29,WMT,2026-01-29,2026-01-28,True,,False,0.007205970661405159,936092450234.02,929395255291.5399
2026-01-30,AAPL,2026-01-30,2026-01-29,True,,False,0.004646120489391503,3834168076440.0005,3816436452839.9995
2026-01-30,AMGN,2026-01-30,2026-01-29,False,tradability_policy,False,-0.0030909196944072237,184095771801.48,184666561312.74
2026-01-30,AXP,2026-01-30,2026-01-29,True,,False,-0.01765690376569029,242592886637.01,246953317600.5
2026-01-30,BA,2026-01-30,2026-01-29,False,tradability_policy,False,-0.001367287643137871,177649512780.96,177892743330.72
2026-01-30,CAT,2026-01-30,2026-01-29,True,,False,-0.01184534904696044,307631067226.56,311318746443.04
2026-01-30,CRM,2026-01-30,2026-01-29,False,tradability_policy,False,-0.008361360239163007,202100080000.0,203804160000.0
2026-01-30,CSCO,2026-01-30,2026-01-29,True,,False,-0.0014025245441796619,309449726174.16,309884346576.09
2026-01-30,CVX,2026-01-30,2026-01-29,True,,False,0.03335475202990823,356191970509.3,344694762190.43
2026-01-30,DIS,2026-01-30,2026-01-29,False,tradability_policy,False,0.010933859114536704,201380581828.8,199202529436.68
2026-01-30,GS,2026-01-30,2026-01-29,True,,False,-0.005009998723567222,280556128474.51,281968791761.32
2026-01-30,HD,2026-01-30,2026-01-29,True,,False,0.007476937145316054,372861884099.73,370094709221.07
2026-01-30,HON,2026-01-30,2026-01-29,False,tradability_policy,False,0.0012321774335504188,75747004490.90718,75653785603.52386
2026-01-30,IBM,2026-01-30,2026-01-29,True,,False,-0.008213685163626971,286683287680.2,289057515103.44
2026-01-30,JNJ,2026-01-30,2026-01-29,True,,False,-0.00017598662501649986,547512311929.5,547608683733.57996
2026-01-30,JPM,2026-01-30,2026-01-29,True,,False,-0.001729652111481017,832712813417.5499,834155612433.9
2026-01-30,KO,2026-01-30,2026-01-29,True,,False,0.018793408688546842,321803357694.45,315867137488.35004
2026-01-30,MCD,2026-01-30,2026-01-29,True,,False,-0.0016164305410287794,224328620250.0,224691818968.5
2026-01-30,MMM,2026-01-30,2026-01-29,False,tradability_policy,False,-0.020590868397493245,81362428351.68,83072973006.23999
2026-01-30,MRK,2026-01-30,2026-01-29,True,,False,0.01781428835148602,273692625044.72,268902321550.24002
2026-01-30,MSFT,2026-01-30,2026-01-29,True,,False,-0.007404844290657353,3198077781169.95,3221935713442.5
2026-01-30,NKE,2026-01-30,2026-01-29,False,tradability_policy,False,-0.01261980830670928,91367626247.03,92535405323.8
2026-01-30,PG,2026-01-30,2026-01-29,True,,False,0.012474983322214861,354646050731.73004,350276358995.10004
2026-01-30,TRV,2026-01-30,2026-01-29,False,tradability_policy,False,0.0007738576805373931,63463772770.67,63414698818.93001
2026-01-30,UNH,2026-01-30,2026-01-29,True,,False,-0.018337952033938953,259912275236.6,264767570239.80002
2026-01-30,V,2026-01-30,2026-01-29,True,,False,-0.03004822182037381,595085860543.777,613521077986.5929
2026-01-30,WMT,2026-01-30,2026-01-29,True,,False,0.014734690401158268,949885482675.08,936092450234.02
2026-02-02,AAPL,2026-02-02,2026-01-30,True,,False,0.040581162324649256,3989763073530.0,3834168076440.0005
2026-02-02,AMGN,2026-02-02,2026-01-30,False,tradability_policy,False,0.008190008190008147,185603517680.28,184095771801.48
2026-02-02,AXP,2026-02-02,2026-01-30,True,,False,0.0018740948973505756,243047528727.99,242592886637.01
2026-02-02,BA,2026-02-02,2026-01-30,False,tradability_policy,False,-0.002995036796166306,177117445953.36002,177649512780.96
2026-02-02,CAT,2026-02-02,2026-01-30,True,,False,0.0510374832663989,323331782672.36,307631067226.56
2026-02-02,CRM,2026-02-02,2026-01-30,False,tradability_policy,False,-0.006971595459041802,197528970000.0,202100080000.0
2026-02-02,CSCO,2026-02-02,2026-01-30,True,,False,0.029622063329928672,318616265560.32,309449726174.16
2026-02-02,CVX,2026-02-02,2026-01-30,True,,False,-0.01622385528547199,350413163525.91,356191970509.3
2026-02-02,DIS,2026-02-02,2026-01-30,False,tradability_policy,False,-0.07402482269503541,186473419964.7,201380581828.8
2026-02-02,GS,2026-02-02,2026-01-30,True,,False,0.011674025293721524,283831347814.63,280556128474.51
2026-02-02,HD,2026-02-02,2026-01-30,True,,False,0.009423636509250155,376422802708.2,372861884099.73
2026-02-02,HON,2026-02-02,2026-01-30,False,tradability_policy,False,0.00017580872011246917,75760321474.81909,75747004490.90718
2026-02-02,IBM,2026-02-02,2026-01-30,True,,False,0.026181936746005885,294189211384.38,286683287680.2
2026-02-02,JNJ,2026-02-02,2026-01-30,True,,False,0.015401540154015292,555944844786.5,547512311929.5
2026-02-02,JPM,2026-02-02,2026-01-30,True,,False,0.007355585341135784,838837903581.2999,832712813417.5499
2026-02-02,KO,2026-02-02,2026-01-30,True,,False,0.006950942387381254,324040194293.85,321803357694.45
2026-02-02,MCD,2026-02-02,2026-01-30,True,,False,0.01120634920634922,226842525105.49997,224328620250.0
2026-02-02,MMM,2026-02-02,2026-01-30,False,tradability_policy,False,0.001762862366153195,81505859114.64,81362428351.68
2026-02-02,MRK,2026-02-02,2026-01-30,True,,False,0.02811281400199528,281386894906.32,273692625044.72
2026-02-02,MSFT,2026-02-02,2026-01-30,True,,False,-0.016082177136349962,3146645727797.35,3198077781169.95
2026-02-02,NKE,2026-02-02,2026-01-30,False,tradability_policy,False,0.005986086393787282,91914560751.34,91367626247.03
2026-02-02,PG,2026-02-02,2026-01-30,True,,False,0.009356262766027523,357964212371.31,354646050731.73004
2026-02-02,TRV,2026-02-02,2026-01-30,False,tradability_policy,False,0.003936592738392308,63713603797.71,63463772770.67
2026-02-02,UNH,2026-02-02,2026-01-30,True,,False,-0.004670128602795254,258698451485.8,259912275236.6
2026-02-02,V,2026-02-02,2026-01-30,True,,False,0.03731783861044646,617293178646.9083,595085860543.777
2026-02-02,WMT,2026-02-02,2026-01-30,True,,False,0.04129595433943267,988778913553.84,949885482675.08
2026-02-03,AAPL,2026-02-03,2026-02-02,True,,False,-0.0019628902633235246,3981931606440.0005,3989763073530.0
2026-02-03,AMGN,2026-02-03,2026-02-02,False,tradability_policy,False,-0.017668562144598,182324170393.88998,185603517680.28
2026-02-03,AXP,2026-02-03,2026-02-02,True,,False,-0.009069523566590076,240843203438.38998,243047528727.99
2026-02-03,BA,2026-02-03,2026-02-02,False,tradability_policy,False,0.0005578920264355247,177216258364.2,177117445953.36002
2026-02-03,CAT,2026-02-03,2026-02-02,True,,False,0.01733945086914357,328938178232.44,323331782672.36
2026-02-03,CRM,2026-02-03,2026-02-02,False,tradability_policy,False,-0.0684502632702434,184008060000.0,197528970000.0
2026-02-03,CSCO,2026-02-03,2026-02-02,True,,False,0.030629960317460236,328375469130.93,318616265560.32
2026-02-03,CVX,2026-02-03,2026-02-02,True,,False,0.023042004252140424,358487385129.88,350413163525.91
2026-02-03,DIS,2026-02-03,2026-02-02,False,tradability_policy,False,-0.0022020105313547145,186062803530.12,186473419964.7
2026-02-03,GS,2026-02-03,2026-02-02,True,,False,-0.007756279521942688,281629872543.89,283831347814.63
2026-02-03,HD,2026-02-03,2026-02-02,True,,False,0.00788109594837616,379389426933.5,376422802708.2
2026-02-03,HON,2026-02-03,2026-02-02,False,tradability_policy,False,0.014721392160309321,76875618877.441,75760321474.81909
2026-02-03,IBM,2026-02-03,2026-02-02,True,,False,-0.06488100911892736,275101918477.86,294189211384.38
2026-02-03,JNJ,2026-02-03,2026-02-02,True,,False,0.010184182015167798,561606688276.2,555944844786.5
2026-02-03,JPM,2026-02-03,2026-02-02,True,,False,0.021775816187447283,857104283580.7501,838837903581.2999
2026-02-03,KO,2026-02-03,2026-02-02,True,,False,0.020708880923934636,330750704092.05,324040194293.85
2026-02-03,MCD,2026-02-03,2026-02-02,True,,False,0.002982450632593725,227519071738.0,226842525105.49997
2026-02-03,MMM,2026-02-03,2026-02-02,False,tradability_policy,False,0.014664667926741926,82701115472.64,81505859114.64
2026-02-03,MRK,2026-02-03,2026-02-02,True,,False,0.021787068889477013,287517490570.24,281386894906.32
2026-02-03,MSFT,2026-02-03,2026-02-02,True,,False,-0.028721921723315336,3056268015512.55,3146645727797.35
2026-02-03,NKE,2026-02-03,2026-02-02,False,tradability_policy,False,-0.020102926986169223,90066809047.59,91914560751.34
2026-02-03,PG,2026-02-03,2026-02-02,True,,False,0.013904301847379008,362941454830.68,357964212371.31
2026-02-03,TRV,2026-02-03,2026-02-02,False,tradability_policy,False,0.009102685292161183,64293568681.91,63713603797.71
2026-02-03,UNH,2026-02-03,2026-02-02,True,,False,-0.0049371476592317,257421219031.6,258698451485.8
2026-02-03,V,2026-02-03,2026-02-02,True,,False,-0.014707644380541507,608214250096.8354,617293178646.9083
2026-02-03,WMT,2026-02-03,2026-02-02,True,,False,0.029421247783330662,1017870022972.44,988778913553.84
2026-02-04,AAPL,2026-02-04,2026-02-03,True,,False,0.026013062193854797,4085513840970.0,3981931606440.0005
2026-02-04,AMGN,2026-02-04,2026-02-03,False,tradability_policy,False,0.08154405032635337,197191621720.19998,182324170393.88998
2026-02-04,AXP,2026-02-04,2026-02-03,True,,False,0.01155507250521981,243626164116.51,240843203438.38998
2026-02-04,BA,2026-02-04,2026-02-03,False,tradability_policy,False,0.012009435985417038,179344525674.6,177216258364.2
2026-02-04,CAT,2026-02-04,2026-02-03,True,,False,-0.015749263753930154,323757644104.72003,328938178232.44
2026-02-04,CRM,2026-02-04,2026-02-03,False,tradability_policy,False,0.015582034830430747,186875280000.0,184008060000.0
2026-02-04,CSCO,2026-02-04,2026-02-03,True,,False,-0.02346288051979306,320670834733.07996,328375469130.93
2026-02-04,CVX,2026-02-04,2026-02-03,True,,False,0.017917321950123632,364910519024.31,358487385129.88
2026-02-04,DIS,2026-02-04,2026-02-03,False,tradability_policy,False,0.02715409710228367,191115170964.3,186062803530.12
2026-02-04,GS,2026-02-04,2026-02-03,True,,False,-0.027359183803874476,273924709096.3,281629872543.89
2026-02-04,HD,2026-02-04,2026-02-03,True,,False,0.016006297559695515,385462046992.0,379389426933.5
2026-02-04,HON,2026-02-04,2026-02-03,False,tradability_policy,False,0.01922827075483946,78353804091.6623,76875618877.441
2026-02-04,IBM,2026-02-04,2026-02-03,True,,False,-0.01787231150827351,270185211294.30002,275101918477.86
2026-02-04,JNJ,2026-02-04,2026-02-03,True,,False,0.005877305877305838,564907422565.94,561606688276.2
2026-02-04,JPM,2026-02-04,2026-02-03,True,,False,0.0076861997776718205,863692158334.6499,857104283580.7501
2026-02-04,KO,2026-02-04,2026-02-03,True,,False,0.005982572506177508,332729444160.75,330750704092.05
2026-02-04,MCD,2026-02-04,2026-02-03,True,,False,0.013177663703518139,230517241551.5,227519071738.0
2026-02-04,MMM,2026-02-04,2026-02-03,False,tradability_policy,False,0.05209403905447063,87009350611.92,82701115472.64
2026-02-04,MRK,2026-02-04,2026-02-03,True,,False,0.021495165745856415,293697726684.88,287517490570.24
2026-02-04,MSFT,2026-02-04,2026-02-03,True,,False,0.007246905474088683,3078416500924.45,3056268015512.55
2026-02-04,NKE,2026-02-04,2026-02-03,False,tradability_policy,False,0.0539963892991957,94930091531.86,90066809047.59
2026-02-04,PG,2026-02-04,2026-02-03,True,,False,0.009979397373165222,366563391831.63,362941454830.68
2026-02-04,TRV,2026-02-04,2026-02-03,False,tradability_policy,False,0.02425146584325022,65852781966.740005,64293568681.91
2026-02-04,UNH,2026-02-04,2026-02-03,True,,False,-0.029066084875782883,249938992030.40002,257421219031.6
2026-02-04,V,2026-02-04,2026-02-03,True,,False,0.003100963730884976,610100300426.9932,608214250096.8354
2026-02-04,WMT,2026-02-04,2026-02-03,True,,False,0.002270769712630294,1020181371392.0,1017870022972.44
2026-02-05,AAPL,2026-02-05,2026-02-04,True,,False,-0.0020977250533472658,4076943556230.0005,4085513840970.0
2026-02-05,AMGN,2026-02-05,2026-02-04,False,tradability_policy,False,0.0043691971600219315,198053190793.80002,197191621720.19998
2026-02-05,AXP,2026-02-05,2026-02-04,True,,False,0.002686119829219402,244280573186.86002,243626164116.51
2026-02-05,BA,2026-02-05,2026-02-04,False,tradability_policy,False,0.004238186056367832,180104621142.6,179344525674.6
2026-02-05,CAT,2026-02-05,2026-02-04,True,,False,-0.019528200977132926,317435239762.75995,323757644104.72003
2026-02-05,CRM,2026-02-05,2026-02-04,False,tradability_policy,False,-0.0474829522663458,178001890000.0,186875280000.0
2026-02-05,CSCO,2026-02-05,2026-02-04,True,,False,0.014785608674223738,325412148208.68,320670834733.07996
2026-02-05,CVX,2026-02-05,2026-02-04,True,,False,-0.011035700491088707,360883475830.31,364910519024.31
2026-02-05,DIS,2026-02-05,2026-02-04,False,tradability_policy,False,-0.019430172816440883,187401770164.62,191115170964.3
2026-02-05,GS,2026-02-05,2026-02-04,True,,False,-0.025062958502135135,267059345479.50998,273924709096.3
2026-02-05,HD,2026-02-05,2026-02-04,True,,False,-0.012474173553718937,380653726519.45,385462046992.0
2026-02-05,HON,2026-02-05,2026-02-04,False,tradability_policy,False,-0.006373486297004516,77854417194.96591,78353804091.6623
2026-02-05,IBM,2026-02-05,2026-02-04,True,,False,0.002906071613907546,270970388867.34,270185211294.30002
2026-02-05,JNJ,2026-02-05,2026-02-04,True,,False,0.014159593977907559,572906282304.58,564907422565.94
2026-02-05,JPM,2026-02-05,2026-02-04,True,,False,-0.02240993475588604,844336873417.2001,863692158334.6499
2026-02-05,KO,2026-02-05,2026-02-04,True,,False,0.014996767937944577,337719310420.95,332729444160.75
2026-02-05,MCD,2026-02-05,2026-02-04,True,,False,-0.0006487688838084926,230367689138.0,230517241551.5
2026-02-05,MMM,2026-02-05,2026-02-04,False,tradability_policy,False,0.007875938701996654,87694630923.84001,87009350611.92
2026-02-05,MRK,2026-02-05,2026-02-04,True,,False,0.012000338037691183,297222198686.0,293697726684.88
2026-02-05,MSFT,2026-02-05,2026-02-04,True,,False,-0.04954248050411647,2925904111443.85,3078416500924.45
2026-02-05,NKE,2026-02-05,2026-02-04,False,tradability_policy,False,-0.023668639053254337,92683225460.1,94930091531.86
2026-02-05,PG,2026-02-05,2026-02-04,True,,False,0.011091986995601433,370629308206.89,366563391831.63
2026-02-05,TRV,2026-02-05,2026-02-04,False,tradability_policy,False,0.01724137931034475,66988174759.270004,65852781966.740005
2026-02-05,UNH,2026-02-05,2026-02-04,True,,False,-0.026710640765439275,243262961401.0,249938992030.40002
2026-02-05,V,2026-02-05,2026-02-04,True,,False,-0.0024852250340960946,608584063887.0625,610100300426.9932
2026-02-05,WMT,2026-02-05,2026-02-04,True,,False,-0.008281250000000018,1011732994410.16,1020181371392.0
2026-02-06,AAPL,2026-02-06,2026-02-05,True,,False,0.00800985828712264,4109599296360.0,4076943556230.0005
2026-02-06,AMGN,2026-02-06,2026-02-05,False,tradability_policy,False,0.04491571506253389,206948891478.72,198053190793.80002
2026-02-06,AXP,2026-02-06,2026-02-05,True,,False,0.012774237211663042,247401071174.94998,244280573186.86002
2026-02-06,BA,2026-02-06,2026-02-05,False,tradability_policy,False,0.025659421818949202,184726001588.04,180104621142.6
2026-02-06,CAT,2026-02-06,2026-02-05,True,,False,0.07060193716737206,339846782615.2,317435239762.75995
2026-02-06,CRM,2026-02-06,2026-02-05,False,tradability_policy,False,0.007264304890245876,179294950000.0,178001890000.0
2026-02-06,CSCO,2026-02-06,2026-02-05,True,,False,0.029868868382709968,335131840833.66,325412148208.68
2026-02-06,CVX,2026-02-06,2026-02-05,True,,False,0.009094459632874141,364165516033.42004,360883475830.31
2026-02-06,DIS,2026-02-06,2026-02-05,False,tradability_policy,False,0.03553396208440507,194060897560.2,187401770164.62
2026-02-06,GS,2026-02-06,2026-02-05,True,,False,0.04305881560180147,278558604591.25,267059345479.50998
2026-02-06,HD,2026-02-06,2026-02-05,True,,False,0.007270444857075509,383421248447.75,380653726519.45
2026-02-06,HON,2026-02-06,2026-02-05,False,tradability_policy,False,0.019371391917896164,79362565622.98898,77854417194.96591
2026-02-06,IBM,2026-02-06,2026-02-05,True,,False,0.031184242298803122,279420395129.58,270970388867.34
2026-02-06,JNJ,2026-02-06,2026-02-05,True,,False,0.00925186088565555,578206731528.98,572906282304.58
2026-02-06,JPM,2026-02-06,2026-02-05,True,,False,0.039463502708279474,877657363907.9999,844336873417.2001
2026-02-06,KO,2026-02-06,2026-02-05,True,,False,0.006623360081518204,339956147020.35,337719310420.95
2026-02-06,MCD,2026-02-06,2026-02-05,True,,False,0.011376282923210024,232988417146.00003,230367689138.0
2026-02-06,MMM,2026-02-06,2026-02-05,False,tradability_policy,False,0.04585655439786773,91716004537.2,87694630923.84001
2026-02-06,MRK,2026-02-06,2026-02-05,True,,False,0.018204592901879035,302633007814.48004,297222198686.0
2026-02-06,MSFT,2026-02-06,2026-02-05,True,,False,0.018975283867198378,2981423972526.6997,2925904111443.85
2026-02-06,NKE,2026-02-06,2026-02-05,False,tradability_policy,False,0.01945773524720895,94486631122.96,92683225460.1
2026-02-06,PG,2026-02-06,2026-02-05,True,,False,0.00353067271924834,371937878994.32996,370629308206.89
2026-02-06,TRV,2026-02-06,2026-02-05,False,tradability_policy,False,0.003929273084479323,67251389591.33,66988174759.270004
2026-02-06,UNH,2026-02-06,2026-02-05,True,,False,0.03016198100912293,250600254222.99997,243262961401.0
2026-02-06,V,2026-02-06,2026-02-05,True,,False,0.0074438671649499355,613114282817.3431,608584063887.0625
2026-02-06,WMT,2026-02-06,2026-02-05,True,,False,0.033401607058452853,1045526502337.52,1011732994410.16
2026-02-09,AAPL,2026-02-09,2026-02-06,True,,False,-0.011649647634114801,4057882060860.0,4109599296360.0
2026-02-09,AMGN,2026-02-09,2026-02-06,False,tradability_policy,False,-0.02211698584512911,202371805775.22,206948891478.72
2026-02-09,AXP,2026-02-09,2026-02-06,True,,False,0.0014200194904636643,247752385517.98,247401071174.94998
2026-02-09,BA,2026-02-09,2026-02-06,False,tradability_policy,False,0.006912726823848914,186002961974.28,184726001588.04
2026-02-09,CAT,2026-02-09,2026-02-06,True,,False,0.02192233544478106,347297017783.52,339846782615.2
2026-02-09,CRM,2026-02-09,2026-02-06,False,tradability_policy,False,0.01400574862816839,181806110000.0,179294950000.0
2026-02-09,CSCO,2026-02-09,2026-02-06,True,,False,0.023107757604338586,342875986177.14,335131840833.66
2026-02-09,CVX,2026-02-09,2026-02-06,True,,False,0.009620701094769313,367669043612.2,364165516033.42004
2026-02-09,DIS,2026-02-09,2026-02-06,False,tradability_policy,False,-0.014443422263109573,191257994071.97998,194060897560.2
2026-02-09,GS,2026-02-09,2026-02-06,True,,False,0.016010767160161476,283018541549.82,278558604591.25
2026-02-09,HD,2026-02-09,2026-02-06,True,,False,-0.010775022718421345,379289875785.0,383421248447.75
2026-02-09,HON,2026-02-09,2026-02-06,False,tradability_policy,False,0.006124674888833059,79848635535.77347,79362565622.98898
2026-02-09,IBM,2026-02-09,2026-02-06,True,,False,-0.008664235774261675,276999430946.04,279420395129.58
2026-02-09,JNJ,2026-02-09,2026-02-06,True,,False,-0.005625234384766142,574954183141.2799,578206731528.98
2026-02-09,JPM,2026-02-09,2026-02-06,True,,False,-0.0009305210918112428,876840685219.5001,877657363907.9999
2026-02-09,KO,2026-02-09,2026-02-06,True,,False,-0.013412628115905378,335396441644.65,339956147020.35
2026-02-09,MCD,2026-02-09,2026-02-06,True,,False,-0.0047683090842400855,231877456360.00003,232988417146.00003
2026-02-09,MMM,2026-02-09,2026-02-06,False,tradability_policy,False,-0.013727193744569988,90457001173.44,91716004537.2
2026-02-09,MRK,2026-02-09,2026-02-06,True,,False,-0.03510210776675138,292009951360.4,302633007814.48004
2026-02-09,MSFT,2026-02-09,2026-02-06,True,,False,0.03106147479682919,3074031398108.0,2981423972526.6997
2026-02-09,NKE,2026-02-09,2026-02-06,False,tradability_policy,False,-0.02362327909887363,92254547064.83,94486631122.96
2026-02-09,PG,2026-02-09,2026-02-06,True,,False,-0.011559967330526999,367638289264.17004,371937878994.32996
2026-02-09,TRV,2026-02-09,2026-02-06,False,tradability_policy,False,-0.02875717270887923,65317429765.939995,67251389591.33
2026-02-09,UNH,2026-02-09,2026-02-06,True,,False,-0.0034339418037230285,249739707534.0,250600254222.99997
2026-02-09,V,2026-02-09,2026-02-06,True,,False,-0.0180951806502202,602019869110.5332,613114282817.3431
2026-02-09,WMT,2026-02-09,2026-02-06,True,,False,-0.01646592468364072,1028310941695.28,1045526502337.52
2026-02-10,AAPL,2026-02-10,2026-02-09,True,,False,-0.0034229116597480624,4043992289040.0,4057882060860.0
2026-02-10,AMGN,2026-02-10,2026-02-09,False,tradability_policy,False,-0.029721675270076187,196356976680.15,202371805775.22
2026-02-10,AXP,2026-02-10,2026-02-09,True,,False,0.009842629149752424,250190920369.6,247752385517.98
2026-02-10,BA,2026-02-10,2026-02-09,False,tradability_policy,False,-0.00866331576151369,184391559582.12,186002961974.28
2026-02-10,CAT,2026-02-10,2026-02-09,True,,False,0.00033687274295268743,347414012682.52,347297017783.52
2026-02-10,CRM,2026-02-10,2026-02-09,False,tradability_policy,False,-0.002989228469824301,181262650000.0,181806110000.0
2026-02-10,CSCO,2026-02-10,2026-02-09,True,,False,-0.005646462318506518,340939949841.27,342875986177.14
2026-02-10,CVX,2026-02-10,2026-02-09,True,,False,-0.001861993428258546,366984446269.22,367669043612.2
2026-02-10,DIS,2026-02-10,2026-02-09,False,tradability_policy,False,0.02641650331373091,196310361506.16,191257994071.97998
2026-02-10,GS,2026-02-10,2026-02-09,True,,False,0.005690850130348979,284629157653.89,283018541549.82
2026-02-10,HD,2026-02-10,2026-02-09,True,,False,0.022782152230971242,387930915474.8,379289875785.0
2026-02-10,HON,2026-02-10,2026-02-09,False,tradability_policy,False,0.014593062041361016,81013871628.06503,79848635535.77347
2026-02-10,IBM,2026-02-10,2026-02-09,True,,False,-0.009786056556657874,272718343702.56,276999430946.04
2026-02-10,JNJ,2026-02-10,2026-02-09,True,,False,-0.0012152195776063968,574255487561.7,574954183141.2799
2026-02-10,JPM,2026-02-10,2026-02-09,True,,False,-0.011859670909655562,866441643252.6,876840685219.5001
2026-02-10,KO,2026-02-10,2026-02-09,True,,False,-0.014877516993715534,330406575384.45,335396441644.65
2026-02-10,MCD,2026-02-10,2026-02-09,True,,False,0.001136363636363713,232140953469.50003,231877456360.00003
2026-02-10,MMM,2026-02-10,2026-02-09,False,tradability_policy,False,0.0184989429175475,92130360074.64,90457001173.44
2026-02-10,MRK,2026-02-10,2026-02-09,True,,False,-0.004249893752656164,290768940092.4,292009951360.4
2026-02-10,MSFT,2026-02-10,2026-02-09,True,,False,-0.0007978723404256094,3071578713481.85,3074031398108.0
2026-02-10,NKE,2026-02-10,2026-02-09,False,tradability_policy,False,0.010094536132030152,93185813923.52,92254547064.83
2026-02-10,PG,2026-02-10,2026-02-09,True,,False,0.011123117015191086,371727572974.92004,367638289264.17004
2026-02-10,TRV,2026-02-10,2026-02-09,False,tradability_policy,False,0.019773239532818954,66608966950.37,65317429765.939995
2026-02-10,UNH,2026-02-10,2026-02-09,True,,False,-0.008995284729778619,247493227756.40002,249739707534.0
2026-02-10,V,2026-02-10,2026-02-09,True,,False,0.01001290005528599,606808957693.9729,602019869110.5332
2026-02-10,WMT,2026-02-10,2026-02-09,True,,False,-0.017981708262284957,1009820154338.8,1028310941695.28
2026-02-11,AAPL,2026-02-11,2026-02-10,True,,False,0.006650102309266215,4070885251500.0,4043992289040.0
2026-02-11,AMGN,2026-02-11,2026-02-10,False,tradability_policy,False,0.00529274646921718,197396244375.18,196356976680.15
2026-02-11,AXP,2026-02-11,2026-02-10,True,,False,-0.025302863436123313,243860373678.53,250190920369.6
2026-02-11,BA,2026-02-11,2026-02-10,False,tradability_policy,False,-0.02609340863184806,179580155269.68,184391559582.12
2026-02-11,CAT,2026-02-11,2026-02-10,True,,False,0.04395382356506872,362684186900.0,347414012682.52
2026-02-11,CRM,2026-02-11,2026-02-10,False,tradability_policy,False,-0.04368053760661661,173345000000.0,181262650000.0
2026-02-11,CSCO,2026-02-11,2026-02-10,True,,False,-0.00869162127708889,337976628919.02,340939949841.27
2026-02-11,CVX,2026-02-11,2026-02-10,True,,False,0.019532535937671458,374152583154.54,366984446269.22
2026-02-11,DIS,2026-02-11,2026-02-10,False,tradability_policy,False,-0.01673335758457606,193025430029.52002,196310361506.16
2026-02-11,GS,2026-02-11,2026-02-10,True,,False,-0.004636508287758523,283309472205.49,284629157653.89
2026-02-11,HD,2026-02-11,2026-02-10,True,,False,0.002566208170806883,388926426959.8,387930915474.8
2026-02-11,HON,2026-02-11,2026-02-10,False,tradability_policy,False,-0.00263006492972806,80800799885.47456,81013871628.06503
2026-02-11,IBM,2026-02-11,2026-02-10,True,,False,-0.06495064436523168,255005111548.86002,272718343702.56
2026-02-11,JNJ,2026-02-11,2026-02-10,True,,False,0.010530732116635244,580302818267.7201,574255487561.7
2026-02-11,JPM,2026-02-11,2026-02-10,True,,False,-0.02343848183988939,846133566531.9,866441643252.6
2026-02-11,KO,2026-02-11,2026-02-10,True,,False,0.023304257258169425,338106455217.0,330406575384.45
2026-02-11,MCD,2026-02-11,2026-02-10,True,,False,-0.008467036843881504,230175407463.5,232140953469.50003
2026-02-11,MMM,2026-02-11,2026-02-10,False,tradability_policy,False,-0.003344288762036629,91822249546.8,92130360074.64
2026-02-11,MRK,2026-02-11,2026-02-10,True,,False,0.01843790012804103,296130108770.16003,290768940092.4
2026-02-11,MSFT,2026-02-11,2026-02-10,True,,False,-0.021535557867737753,3005430552352.35,3071578713481.85
2026-02-11,NKE,2026-02-11,2026-02-10,False,tradability_policy,False,-0.010945431472081157,92165854983.05,93185813923.52
2026-02-11,PG,2026-02-11,2026-02-10,True,,False,0.0057832537088255975,373877367840.0,371727572974.92004
2026-02-11,TRV,2026-02-11,2026-02-10,False,tradability_policy,False,0.0014065168614578738,66702653585.509995,66608966950.37
2026-02-11,UNH,2026-02-11,2026-02-10,True,,False,0.020825708220481687,252647449504.2,247493227756.40002
2026-02-11,V,2026-02-11,2026-02-10,True,,False,0.0032605052259500056,608787461471.6874,606808957693.9729
2026-02-11,WMT,2026-02-11,2026-02-10,True,,False,0.01633780584056832,1026318399954.28,1009820154338.8
2026-02-12,AAPL,2026-02-12,2026-02-11,True,,False,-0.04998185117967324,3867414870690.0005,4070885251500.0
2026-02-12,AMGN,2026-02-12,2026-02-11,False,tradability_policy,False,-0.0010366086529542962,197191621720.19998,197396244375.18
2026-02-12,AXP,2026-02-12,2026-02-11,True,,False,-0.03143978983644524,236193454780.63998,243860373678.53
2026-02-12,BA,2026-02-12,2026-02-11,False,tradability_policy,False,0.013078811478879127,181928850265.8,179580155269.68
2026-02-12,CAT,2026-02-12,2026-02-11,True,,False,-0.021561290322580695,354864247850.83997,362684186900.0
2026-02-12,CRM,2026-02-12,2026-02-11,False,tradability_policy,False,0.0023243243243242784,173747910000.0,173345000000.0
2026-02-12,CSCO,2026-02-12,2026-02-11,True,,False,-0.1232172083235914,296332092225.0,337976628919.02
2026-02-12,CVX,2026-02-12,2026-02-11,True,,False,-0.018404907975460016,367266339292.8,374152583154.54
2026-02-12,DIS,2026-02-12,2026-02-11,False,tradability_policy,False,-0.05308916019237897,182777872053.47998,193025430029.52002
2026-02-12,GS,2026-02-12,2026-02-11,True,,False,-0.04238876126149982,271300334625.05,283309472205.49
2026-02-12,HD,2026-02-12,2026-02-11,True,,False,-0.00117743421726213,388468491676.7,388926426959.8
2026-02-12,HON,2026-02-12,2026-02-11,False,tradability_policy,False,-0.011825298722702882,79845306289.79549,80800799885.47456
2026-02-12,IBM,2026-02-12,2026-02-11,True,,False,-0.04871522304900855,242582480661.12,255005111548.86002
2026-02-12,JNJ,2026-02-12,2026-02-11,True,,False,0.015320102964377691,589193117194.1,580302818267.7201
2026-02-12,JPM,2026-02-12,2026-02-11,True,,False,-0.026317482787465485,823865460958.7999,846133566531.9
2026-02-12,KO,2026-02-12,2026-02-11,True,,False,0.0050890585241731845,339827098755.0,338106455217.0
2026-02-12,MCD,2026-02-12,2026-02-11,True,,False,0.027443457813805194,236492216548.0,230175407463.5
2026-02-12,MMM,2026-02-12,2026-02-11,False,tradability_policy,False,0.010182238935493304,92757205631.28001,91822249546.8
2026-02-12,MRK,2026-02-12,2026-02-11,True,,False,-0.0005867068979968915,295956367192.64,296130108770.16003
2026-02-12,MSFT,2026-02-12,2026-02-11,True,,False,-0.006256646140910593,2986626636885.1997,3005430552352.35
2026-02-12,NKE,2026-02-12,2026-02-11,False,tradability_policy,False,-0.020048115477145134,90318103279.3,92165854983.05
2026-02-12,PG,2026-02-12,2026-02-11,True,,False,0.0075625000000001386,376704815434.29004,373877367840.0
2026-02-12,TRV,2026-02-12,2026-02-11,False,tradability_policy,False,-0.005350633715680564,66345752118.310005,66702653585.509995
2026-02-12,UNH,2026-02-12,2026-02-11,True,,False,0.01957620737872423,257593328369.4,252647449504.2
2026-02-12,V,2026-02-12,2026-02-11,True,,False,-0.015368727979589325,599431172578.9442,608787461471.6874
2026-02-12,WMT,2026-02-12,2026-02-11,True,,False,0.037819367865185693,1065133113068.9598,1026318399954.28
2026-02-13,AAPL,2026-02-13,2026-02-12,True,,False,-0.022733351163412796,3779495570340.0,3867414870690.0005
2026-02-13,AMGN,2026-02-13,2026-02-12,False,tradability_policy,False,0.015046422719825037,198801678926.49,197191621720.19998
2026-02-13,AXP,2026-02-13,2026-02-12,True,,False,-0.015690620625291585,232487432887.5,236193454780.63998
2026-02-13,BA,2026-02-13,2026-02-12,False,tradability_policy,False,0.015082515145184994,184672794905.28,181928850265.8
2026-02-13,CAT,2026-02-13,2026-02-12,True,,False,0.020981418718432288,362309803223.2,354864247850.83997
2026-02-13,CRM,2026-02-13,2026-02-12,False,tradability_policy,False,0.023135414981394486,177767640000.0,173747910000.0
2026-02-13,CSCO,2026-02-13,2026-02-12,True,,False,0.024666666666666615,303641617166.55,296332092225.0
2026-02-13,CVX,2026-02-13,2026-02-12,True,,False,0.007346491228070295,369964458232.78,367266339292.8
2026-02-13,DIS,2026-02-13,2026-02-12,False,tradability_policy,False,0.029986325454190332,188258708810.7,182777872053.47998
2026-02-13,GS,2026-02-13,2026-02-12,True,,False,0.000652258028854158,271477292446.54,271300334625.05
2026-02-13,HD,2026-02-13,2026-02-12,True,,False,0.0021270052790733907,389294766209.25,388468491676.7
2026-02-13,HON,2026-02-13,2026-02-12,False,tradability_policy,False,0.0064629112287870605,80361339416.38174,79845306289.79549
2026-02-13,IBM,2026-02-13,2026-02-12,True,,False,0.0110203452527744,245255823350.28,242582480661.12
2026-02-13,JNJ,2026-02-13,2026-02-12,True,,False,-0.004498057656921017,586542892581.9,589193117194.1
2026-02-13,JPM,2026-02-13,2026-02-12,True,,False,-0.00029738302934168015,823620457352.25,823865460958.7999
2026-02-13,KO,2026-02-13,2026-02-12,True,,False,-0.004050632911392293,338450583924.60004,339827098755.0
2026-02-13,MCD,2026-02-13,2026-02-12,True,,False,-0.013550951577933068,233287521973.0,236492216548.0
2026-02-13,MMM,2026-02-13,2026-02-12,False,tradability_policy,False,-0.011511368191970739,91275087747.36,92757205631.28001
2026-02-13,MRK,2026-02-13,2026-02-12,True,,False,0.01819859107681987,301342356095.76,295956367192.64
2026-02-13,MSFT,2026-02-13,2026-02-12,True,,False,-0.0012940473820425291,2982761800504.6,2986626636885.1997
2026-02-13,NKE,2026-02-13,2026-02-12,False,tradability_policy,False,0.03322422258592472,93318852046.19,90318103279.3
2026-02-13,PG,2026-02-13,2026-02-12,True,,False,-0.007071521617765697,374040939188.43,376704815434.29004
2026-02-13,TRV,2026-02-13,2026-02-12,False,tradability_policy,False,-0.010826076723935096,65627487915.56999,66345752118.310005
2026-02-13,UNH,2026-02-13,2026-02-12,True,,False,0.031015929950416687,265582824997.8,257593328369.4
2026-02-13,V,2026-02-13,2026-02-12,True,,False,-0.031155530877907456,580755576172.4807,599431172578.9442
2026-02-13,WMT,2026-02-13,2026-02-12,True,,False,0.0018706973959892181,1067125654809.9598,1065133113068.9598
2026-02-17,AAPL,2026-02-17,2026-02-13,True,,False,0.03166783954961283,3899184029640.0,3779495570340.0
2026-02-17,AMGN,2026-02-17,2026-02-13,False,tradability_policy,False,0.01129499715593596,201047143324.56,198801678926.49
2026-02-17,AXP,2026-02-17,2026-02-13,True,,False,0.02082962962962953,237330060008.09,232487432887.5
2026-02-17,BA,2026-02-17,2026-02-13,False,tradability_policy,False,0.004445176160684738,185493698010.72,184672794905.28
2026-02-17,CAT,2026-02-17,2026-02-13,True,,False,-0.012193231723069076,357892075836.96,362309803223.2
2026-02-17,CRM,2026-02-17,2026-02-13,False,tradability_policy,False,-0.02862112586970278,172679730000.0,177767640000.0
2026-02-17,CSCO,2026-02-17,2026-02-13,True,,False,0.0,303641617166.55,303641617166.55
2026-02-17,CVX,2026-02-17,2026-02-13,True,,False,-0.007673887014259306,363541324338.35004,369964458232.78
2026-02-17,DIS,2026-02-17,2026-02-13,False,tradability_policy,False,-9.483167377910551e-05,188240855922.24,188258708810.7
2026-02-17,GS,2026-02-17,2026-02-13,True,,False,0.012042335992222153,274746513216.44,271477292446.54
2026-02-17,HD,2026-02-17,2026-02-13,True,,False,-0.02048331415420024,381320719214.4,389294766209.25
2026-02-17,HON,2026-02-17,2026-02-13,False,tradability_policy,False,0.005261413538818482,80784153655.58469,80361339416.38174
2026-02-17,IBM,2026-02-17,2026-02-13,True,,False,-0.01551185303757907,241451451061.86002,245255823350.28
2026-02-17,JNJ,2026-02-17,2026-02-13,True,,False,-0.0004929143561305249,586253777169.66,586542892581.9
2026-02-17,JPM,2026-02-17,2026-02-13,True,,False,0.015137993720046206,836088418663.35,823620457352.25
2026-02-17,KO,2026-02-17,2026-02-13,True,,False,0.011184544992374201,342235999708.2,338450583924.60004
2026-02-17,MCD,2026-02-17,2026-02-13,True,,False,0.0001221075767752211,233316008147.0,233287521973.0
2026-02-17,MMM,2026-02-17,2026-02-13,False,tradability_policy,False,-0.024444185775811866,89043942545.76001,91275087747.36
2026-02-17,MRK,2026-02-17,2026-02-13,True,,False,0.0013178486121405708,301739479701.51996,301342356095.76
2026-02-17,MSFT,2026-02-17,2026-02-13,True,,False,-0.011113326024120407,2949613396163.3003,2982761800504.6
2026-02-17,NKE,2026-02-17,2026-02-13,False,tradability_policy,False,0.02677015681926176,95817012349.65999,93318852046.19
2026-02-17,PG,2026-02-17,2026-02-13,True,,False,-0.003248578746798181,372825837742.95,374040939188.43
2026-02-17,TRV,2026-02-17,2026-02-13,False,tradability_policy,False,0.01706264233030841,66747266268.91,65627487915.56999
2026-02-17,UNH,2026-02-17,2026-02-13,True,,False,-0.013984105869913832,261868886655.8,265582824997.8
2026-02-17,V,2026-02-17,2026-02-13,True,,False,0.017256749872643917,590777529887.6324,580755576172.4807
2026-02-17,WMT,2026-02-17,2026-02-13,True,,False,-0.037642841138247785,1026956013311.3999,1067125654809.9598
2026-02-18,AAPL,2026-02-18,2026-02-17,True,,False,0.0017811126269517974,3906128915550.0005,3899184029640.0
2026-02-18,AMGN,2026-02-18,2026-02-17,False,tradability_policy,False,0.01706128133704743,204477265198.83002,201047143324.56
2026-02-18,AXP,2026-02-18,2026-02-17,True,,False,0.0049632833134996,238507996334.72,237330060008.09
2026-02-18,BA,2026-02-18,2026-02-17,False,tradability_policy,False,-0.020939190296672572,181609610169.24,185493698010.72
2026-02-18,CAT,2026-02-18,2026-02-17,True,,False,-0.0167242010565406,351906616804.12,357892075836.96
2026-02-18,CRM,2026-02-18,2026-02-17,False,tradability_policy,False,0.01899180639209952,175959230000.0,172679730000.0
2026-02-18,CSCO,2026-02-18,2026-02-17,True,,False,0.01730644111906332,308896572935.34,303641617166.55
2026-02-18,CVX,2026-02-18,2026-02-17,True,,False,0.018388258100249244,370226216040.39,363541324338.35004
2026-02-18,DIS,2026-02-18,2026-02-17,False,tradability_policy,False,0.015743550834597775,191204435406.59998,188240855922.24
2026-02-18,GS,2026-02-18,2026-02-17,True,,False,0.01931138378236774,280052248576.03,274746513216.44
2026-02-18,HD,2026-02-18,2026-02-17,True,,False,0.0012531328320801727,381798564727.2,381320719214.4
2026-02-18,HON,2026-02-18,2026-02-17,False,tradability_policy,False,-0.006222954873274289,80281437512.91032,80784153655.58469
2026-02-18,IBM,2026-02-18,2026-02-17,True,,False,0.009600867175099781,243769594372.74002,241451451061.86002
2026-02-18,JNJ,2026-02-18,2026-02-17,True,,False,0.006822011260428251,590253207038.98,586253777169.66
2026-02-18,JPM,2026-02-18,2026-02-17,True,,False,0.005372317910982138,840580151450.1,836088418663.35
2026-02-18,KO,2026-02-18,2026-02-17,True,,False,-0.0008798391151333407,341934887089.05,342235999708.2
2026-02-18,MCD,2026-02-18,2026-02-17,True,,False,0.0008241255112630963,233508289821.5,233316008147.0
2026-02-18,MMM,2026-02-18,2026-02-17,False,tradability_policy,False,-0.020582269418923826,87211216130.15999,89043942545.76001
2026-02-18,MRK,2026-02-18,2026-02-17,True,,False,0.0007403142222588421,301962861729.76,301739479701.51996
2026-02-18,MSFT,2026-02-18,2026-02-17,True,,False,0.0069041979539383735,2969978110938.0,2949613396163.3003
2026-02-18,NKE,2026-02-18,2026-02-17,False,tradability_policy,False,0.011261956186362276,96896099344.65,95817012349.65999
2026-02-18,PG,2026-02-18,2026-02-17,True,,False,-0.0168599185208399,366540024496.14,372825837742.95
2026-02-18,TRV,2026-02-18,2026-02-17,False,tradability_policy,False,-0.0025732713965846976,66575507437.81999,66747266268.91
2026-02-18,UNH,2026-02-18,2026-02-17,True,,False,-0.0030786260334151327,261062690284.0,261868886655.8
2026-02-18,V,2026-02-18,2026-02-17,True,,False,0.00250391236306724,592256785048.5404,590777529887.6324
2026-02-18,WMT,2026-02-18,2026-02-17,True,,False,-0.017306946061311557,1009182540981.68,1026956013311.3999
2026-02-19,AAPL,2026-02-19,2026-02-18,True,,False,-0.01426139587667874,3850422064740.0,3906128915550.0005
2026-02-19,AMGN,2026-02-19,2026-02-18,False,tradability_policy,False,-0.011139493850894078,202199491960.5,204477265198.83002
2026-02-19,AXP,2026-02-19,2026-02-18,True,,False,-0.010368530499075823,236035018900.44998,238507996334.72
2026-02-19,BA,2026-02-19,2026-02-18,False,tradability_policy,False,-0.02184740300506427,177641911826.28,181609610169.24
2026-02-19,CAT,2026-02-19,2026-02-18,True,,False,0.011383432849714659,355912522145.88,351906616804.12
2026-02-19,CRM,2026-02-19,2026-02-18,False,tradability_policy,False,-0.01331274295755902,173616730000.0,175959230000.0
2026-02-19,CSCO,2026-02-19,2026-02-18,True,,False,0.004860578152980244,310397988869.28,308896572935.34
2026-02-19,CVX,2026-02-19,2026-02-18,True,,False,0.004949148855169394,372058520693.66,370226216040.39
2026-02-19,DIS,2026-02-19,2026-02-18,False,tradability_policy,False,-0.010270774976657293,189240617676.0,191204435406.59998
2026-02-19,GS,2026-02-19,2026-02-18,True,,False,-0.018292225804033335,274929469608.14996,280052248576.03
2026-02-19,HD,2026-02-19,2026-02-18,True,,False,-0.012880684188569025,376880737991.3,381798564727.2
2026-02-19,HON,2026-02-19,2026-02-18,False,tradability_policy,False,-0.0015343783694118374,80158255411.72523,80281437512.91032
2026-02-19,IBM,2026-02-19,2026-02-18,True,,False,-0.017293607883738016,239553938593.67996,243769594372.74002
2026-02-19,JNJ,2026-02-19,2026-02-18,True,,False,0.00783705457365591,594879053634.82,590253207038.98
2026-02-19,JPM,2026-02-19,2026-02-18,True,,False,-0.0023641427553596772,838592899974.75,840580151450.1
2026-02-19,KO,2026-02-19,2026-02-18,True,,False,-0.007296515284941463,339439953958.95,341934887089.05
2026-02-19,MCD,2026-02-19,2026-02-18,True,,False,-0.002378846564396464,232952809428.5,233508289821.5
2026-02-19,MMM,2026-02-19,2026-02-18,False,tradability_policy,False,0.005360297252847701,87678694172.40001,87211216130.15999
2026-02-19,MRK,2026-02-19,2026-02-18,True,,False,0.0016439256945586234,302459266236.96,301962861729.76
2026-02-19,MSFT,2026-02-19,2026-02-18,True,,False,-0.0005755755755757486,2961505200411.3,2969978110938.0
2026-02-19,NKE,2026-02-19,2026-02-18,False,tradability_policy,False,0.0009153318077803618,96984791426.43,96896099344.65
2026-02-19,PG,2026-02-19,2026-02-18,True,,False,0.010837689659568994,370512471529.44,366540024496.14
2026-02-19,TRV,2026-02-19,2026-02-18,False,tradability_policy,False,0.004824767137974861,66896718758.299995,66575507437.81999
2026-02-19,UNH,2026-02-19,2026-02-18,True,,False,0.006002775850104225,262629791096.6,261062690284.0
2026-02-19,V,2026-02-19,2026-02-18,True,,False,-0.004277240087418033,589723560585.4855,592256785048.5404
2026-02-19,WMT,2026-02-19,2026-02-18,True,,False,-0.013820881377349603,995234748794.68,1009182540981.68
2026-02-20,AAPL,2026-02-20,2026-02-19,True,,False,0.015350372246526911,3909527476740.0,3850422064740.0
2026-02-20,AMGN,2026-02-20,2026-02-19,False,tradability_policy,False,-0.001997336884154488,201795631457.25,202199491960.5
2026-02-20,AXP,2026-02-20,2026-02-19,True,,False,0.010302057493068784,238466665235.54,236035018900.44998
2026-02-20,BA,2026-02-20,2026-02-19,False,tradability_policy,False,-0.007188395875230014,176364951440.04,177641911826.28
2026-02-20,CAT,2026-02-20,2026-02-19,True,,False,-0.0010387492932559805,355542818265.04,355912522145.88
2026-02-20,CRM,2026-02-20,2026-02-19,False,tradability_policy,False,-0.000701602892762665,173494920000.0,173616730000.0
2026-02-20,CSCO,2026-02-20,2026-02-19,True,,False,0.008146639511201537,312926689389.60004,310397988869.28
2026-02-20,CVX,2026-02-20,2026-02-19,True,,False,-0.004600064942093307,370347027336.21,372058520693.66
2026-02-20,DIS,2026-02-20,2026-02-19,False,tradability_policy,False,-0.003962264150943362,188490796360.68,189240617676.0
2026-02-20,GS,2026-02-20,2026-02-19,True,,False,0.006098292696230967,276606069984.64,274929469608.14996
2026-02-20,HD,2026-02-20,2026-02-19,True,,False,0.009694120133129092,380534265141.25,376880737991.3
2026-02-20,HON,2026-02-20,2026-02-19,False,tradability_policy,False,0.013290692362005085,81223614124.6775,80158255411.72523
2026-02-20,IBM,2026-02-20,2026-02-19,True,,False,0.003433744342125955,240376505574.96002,239553938593.67996
2026-02-20,JNJ,2026-02-20,2026-02-19,True,,False,-0.017901259568263717,584229969283.98,594879053634.82
2026-02-20,JPM,2026-02-20,2026-02-19,True,,False,0.008894659957799034,846051898663.05,838592899974.75
2026-02-20,KO,2026-02-20,2026-02-19,True,,False,0.01178557850716011,343440450184.8,339439953958.95
2026-02-20,MCD,2026-02-20,2026-02-19,True,,False,0.006481000275136761,234462576650.5,232952809428.5
2026-02-20,MMM,2026-02-20,2026-02-19,False,tradability_policy,False,0.012178127840048347,88746456518.88,87678694172.40001
2026-02-20,MRK,2026-02-20,2026-02-19,True,,False,0.003282455276546914,303452075251.36,302459266236.96
2026-02-20,MSFT,2026-02-20,2026-02-19,True,,False,-0.003086884505345444,2952363375895.65,2961505200411.3
2026-02-20,NKE,2026-02-20,2026-02-19,False,tradability_policy,False,-0.0032007315957932603,96674369140.20001,96984791426.43
2026-02-20,PG,2026-02-20,2026-02-19,True,,False,0.014001009081735516,375700020008.22003,370512471529.44
2026-02-20,TRV,2026-02-20,2026-02-19,False,tradability_policy,False,0.01677225741913979,68018727745.810005,66896718758.299995
2026-02-20,UNH,2026-02-20,2026-02-19,True,,False,0.00024143758838346407,262693199800.0,262629791096.6
2026-02-20,V,2026-02-20,2026-02-19,True,,False,0.00633367823660369,593458679866.7782,589723560585.4855
2026-02-20,WMT,2026-02-20,2026-02-19,True,,False,-0.015055657884199602,980250834902.36,995234748794.68
2026-02-23,AAPL,2026-02-23,2026-02-20,True,,False,0.0060473202812005855,3933169641540.0,3909527476740.0
2026-02-23,AMGN,2026-02-23,2026-02-20,False,tradability_policy,False,0.01246164109406278,204310336190.82,201795631457.25
2026-02-23,AXP,2026-02-23,2026-02-20,True,,False,-0.07204344560633191,221286705009.72,238466665235.54
2026-02-23,BA,2026-02-23,2026-02-20,False,tradability_policy,False,-0.006852562168685128,175156399645.92,176364951440.04
2026-02-23,CAT,2026-02-23,2026-02-20,True,,False,-0.004304104035591116,354012524986.12,355542818265.04
2026-02-23,CRM,2026-02-23,2026-02-20,False,tradability_policy,False,-0.037805141499243855,166935920000.0,173494920000.0
2026-02-23,CSCO,2026-02-23,2026-02-20,True,,False,-0.01843434343434358,307158091327.62,312926689389.60004
2026-02-23,CVX,2026-02-23,2026-02-20,True,,False,0.005328113956396319,372320278501.27,370347027336.21
2026-02-23,DIS,2026-02-23,2026-02-20,False,tradability_policy,False,-0.011081644250805045,186402008410.86,188490796360.68
2026-02-23,GS,2026-02-23,2026-02-20,True,,False,-0.03245359125607228,267629209650.40997,276606069984.64
2026-02-23,HD,2026-02-23,2026-02-20,True,,False,-0.013760627861347241,375297874730.15,380534265141.25
2026-02-23,HON,2026-02-23,2026-02-20,False,tradability_policy,False,-0.0037299667991965713,80920652740.6817,81223614124.6775
2026-02-23,IBM,2026-02-23,2026-02-20,True,,False,-0.13147456836210925,208773108260.1,240376505574.96002
2026-02-23,JNJ,2026-02-23,2026-02-20,True,,False,0.013815002680522825,592301107875.68,584229969283.98
2026-02-23,JPM,2026-02-23,2026-02-20,True,,False,-0.04221500048264104,810335817352.65,846051898663.05
2026-02-23,KO,2026-02-23,2026-02-20,True,,False,0.009018036072144353,346537608553.2,343440450184.8
2026-02-23,MCD,2026-02-23,2026-02-20,True,,False,0.016189290161892744,238258359336.0,234462576650.5
2026-02-23,MMM,2026-02-23,2026-02-20,False,tradability_policy,False,-0.004309828804022531,88363974484.32,88746456518.88
2026-02-23,MRK,2026-02-23,2026-02-20,True,,False,0.012759692458694571,307324030407.51996,303452075251.36
2026-02-23,MSFT,2026-02-23,2026-02-20,True,,False,-0.03212244795206809,2857526237017.85,2952363375895.65
2026-02-23,NKE,2026-02-23,2026-02-20,False,tradability_policy,False,-0.035321100917431236,93259723991.67,96674369140.20001
2026-02-23,PG,2026-02-23,2026-02-20,True,,False,0.027304391093419422,385958280288.32996,375700020008.22003
2026-02-23,TRV,2026-02-23,2026-02-20,False,tradability_policy,False,0.001508542944282265,68121336917.63,68018727745.810005
2026-02-23,UNH,2026-02-23,2026-02-20,True,,False,-0.02641379310344838,255754475970.8,262693199800.0
2026-02-23,V,2026-02-23,2026-02-20,True,,False,-0.04496027418601034,566776614901.9001,593458679866.7782
2026-02-23,WMT,2026-02-23,2026-02-20,True,,False,0.0229286933897066,1002726705740.84,980250834902.36
2026-02-24,AAPL,2026-02-24,2026-02-23,True,,False,0.022390863325569166,4021236705420.0,3933169641540.0
2026-02-24,AMGN,2026-02-24,2026-02-23,False,tradability_policy,False,0.009092825892151213,206168094505.77,204310336190.82
2026-02-24,AXP,2026-02-24,2026-02-23,True,,False,-0.0023658323994520947,220763177753.44,221286705009.72
2026-02-24,BA,2026-02-24,2026-02-23,False,tradability_policy,False,0.012801596944974847,177398681276.52,175156399645.92
2026-02-24,CAT,2026-02-24,2026-02-23,True,,False,0.015545890782185712,359515965035.08,354012524986.12
2026-02-24,CRM,2026-02-24,2026-02-23,False,tradability_policy,False,0.04074988774135613,173738540000.0,166935920000.0
2026-02-24,CSCO,2026-02-24,2026-02-23,True,,False,0.005145356315924943,308738529152.82,307158091327.62
2026-02-24,CVX,2026-02-24,2026-02-23,True,,False,0.0023254556270617677,373186092787.98,372320278501.27
2026-02-24,DIS,2026-02-24,2026-02-23,False,tradability_policy,False,0.015707307729144748,189329882118.3,186402008410.86
2026-02-24,GS,2026-02-24,2026-02-23,True,,False,0.011162040098172232,270616497619.97,267629209650.40997
2026-02-24,HD,2026-02-24,2026-02-23,True,,False,0.019867901005331756,382754255752.8,375297874730.15
2026-02-24,HON,2026-02-24,2026-02-23,False,tradability_policy,False,0.002262815765654569,81103761269.47037,80920652740.6817
2026-02-24,IBM,2026-02-24,2026-02-23,True,,False,0.026729348556078003,214353477439.91998,208773108260.1
2026-02-24,JNJ,2026-02-24,2026-02-23,True,,False,0.0070777741620564605,593361197720.56,592301107875.68
2026-02-24,JPM,2026-02-24,2026-02-23,True,,False,-0.001242987200591239,809328580303.5,810335817352.65
2026-02-24,KO,2026-02-24,2026-02-23,True,,False,0.0019860973187686426,347225865968.4,346537608553.2
2026-02-24,MCD,2026-02-24,2026-02-23,True,,False,-0.0045133907221425185,237183006267.5,238258359336.0
2026-02-24,MMM,2026-02-24,2026-02-23,False,tradability_policy,False,0.0007214139713840328,88427721490.08,88363974484.32
2026-02-24,MRK,2026-02-24,2026-02-23,True,,False,0.000888386367307481,307597052886.48004,307324030407.51996
2026-02-24,MSFT,2026-02-24,2026-02-23,True,,False,0.01178245376752396,2891194907795.0,2857526237017.85
2026-02-24,NKE,2026-02-24,2026-02-23,False,tradability_policy,False,0.015850372483753317,94737925354.67,93259723991.67
2026-02-24,PG,2026-02-24,2026-02-23,True,,False,0.0006659805049344936,386215320978.72003,385958280288.32996
2026-02-24,TRV,2026-02-24,2026-02-23,False,tradability_policy,False,0.00013098005828626746,68130259454.310005,68121336917.63
2026-02-24,UNH,2026-02-24,2026-02-23,True,,False,-0.02971594531416022,248154489949.0,255754475970.8
2026-02-24,V,2026-02-24,2026-02-23,True,,False,0.0022837009004308406,568070963167.6947,566776614901.9001
2026-02-24,WMT,2026-02-24,2026-02-23,True,,False,0.00747158413480653,1010218662687.0,1002726705740.84
2026-02-25,AAPL,2026-02-25,2026-02-24,True,,False,0.007679870654810239,4052119283190.0005,4021236705420.0
2026-02-25,AMGN,2026-02-25,2026-02-24,False,tradability_policy,False,0.003813304777078308,206954276285.43,206168094505.77
2026-02-25,AXP,2026-02-25,2026-02-24,True,,False,0.020625312031951948,225316487179.77,220763177753.44
2026-02-25,BA,2026-02-25,2026-02-24,False,tradability_policy,False,-0.012982561377950952,175095592008.48,177398681276.52
2026-02-25,CAT,2026-02-25,2026-02-24,True,,False,-0.0021087434752613543,358757838089.56,359515965035.08
2026-02-25,CRM,2026-02-25,2026-02-24,False,tradability_policy,False,0.03413871211304076,179669750000.0,173738540000.0
2026-02-25,CSCO,2026-02-25,2026-02-24,True,,False,0.012541592014333247,312610601824.56,308738529152.82
2026-02-25,CVX,2026-02-25,2026-02-24,True,,False,-0.006042948095392298,370930948599.34,373186092787.98
2026-02-25,DIS,2026-02-25,2026-02-24,False,tradability_policy,False,-0.009429514380009385,187544593272.3,189329882118.3
2026-02-25,GS,2026-02-25,2026-02-24,True,,False,0.021179912886386543,276348131465.18,270616497619.97
2026-02-25,HD,2026-02-25,2026-02-24,True,,False,-0.0231741573033708,373884248421.45,382754255752.8
2026-02-25,HON,2026-02-25,2026-02-24,False,tradability_policy,False,-0.005787939739748005,80634337586.57578,81103761269.47037
2026-02-25,IBM,2026-02-25,2026-02-24,True,,False,0.035845107273678734,222037000833.24,214353477439.91998
2026-02-25,JNJ,2026-02-25,2026-02-24,True,,False,-0.004507065129121357,590686880157.34,593361197720.56
2026-02-25,JPM,2026-02-25,2026-02-24,True,,False,0.020181634712411745,825662154073.5,809328580303.5
2026-02-25,KO,2026-02-25,2026-02-24,True,,False,-0.0030971258671952384,346150463757.15,347225865968.4
2026-02-25,MCD,2026-02-25,2026-02-24,True,,False,-0.00012010208677382117,237154520093.5,237183006267.5
2026-02-25,MMM,2026-02-25,2026-02-24,False,tradability_policy,False,-0.005526853298089773,87938994445.92,88427721490.08
2026-02-25,MRK,2026-02-25,2026-02-24,True,,False,-0.011861534737351853,303948479758.56,307597052886.48004
2026-02-25,MSFT,2026-02-25,2026-02-24,True,,False,0.029820051413881776,2977410488593.0,2891194907795.0
2026-02-25,NKE,2026-02-25,2026-02-24,False,tradability_policy,False,-0.010766110157590991,93717966414.2,94737925354.67
2026-02-25,PG,2026-02-25,2026-02-24,True,,False,-0.011435140367860641,381798894571.11,386215320978.72003
2026-02-25,TRV,2026-02-25,2026-02-24,False,tradability_policy,False,-0.0021936286546836437,67980806964.92,68130259454.310005
2026-02-25,UNH,2026-02-25,2026-02-24,True,,False,0.03741558678590984,257439335804.0,248154489949.0
2026-02-25,V,2026-02-25,2026-02-24,True,,False,0.018781329340537667,578740091015.7435,568070963167.6947
2026-02-25,WMT,2026-02-25,2026-02-24,True,,False,-0.007889546351084853,1002248495723.0,1010218662687.0
2026-02-26,AAPL,2026-02-26,2026-02-25,True,,False,-0.00466761477591815,4033205551350.0,4052119283190.0005
2026-02-26,AMGN,2026-02-26,2026-02-25,False,tradability_policy,False,-0.013009653162646684,204261872930.43,206954276285.43
2026-02-26,AXP,2026-02-26,2026-02-25,True,,False,0.025161270598306418,230985736283.96,225316487179.77
2026-02-26,BA,2026-02-26,2026-02-25,False,tradability_policy,False,-0.004123979857614257,174373501313.88,175095592008.48
2026-02-26,CAT,2026-02-26,2026-02-25,True,,False,-0.017844797224142783,352355877216.27997,358757838089.56
2026-02-26,CRM,2026-02-26,2026-02-25,False,tradability_policy,False,0.040260756192959546,186903390000.0,179669750000.0
2026-02-26,CSCO,2026-02-26,2026-02-25,True,,False,-0.012891809908999075,308580485370.3,312610601824.56
2026-02-26,CVX,2026-02-26,2026-02-25,True,,False,-0.000325697535555336,370810137303.52,370930948599.34
2026-02-26,DIS,2026-02-26,2026-02-25,False,tradability_policy,False,0.004759638267491706,188437237695.3,187544593272.3
2026-02-26,GS,2026-02-26,2026-02-25,True,,False,0.008270203390566389,278633586719.0,276348131465.18
2026-02-26,HD,2026-02-26,2026-02-25,True,,False,-0.0012780573528237138,373406402908.64996,373884248421.45
2026-02-26,HON,2026-02-26,2026-02-25,False,tradability_policy,False,-0.005450041288191598,80194877117.48296,80634337586.57578
2026-02-26,IBM,2026-02-26,2026-02-25,True,,False,0.01881788330386458,226215267204.06,222037000833.24
2026-02-26,JNJ,2026-02-26,2026-02-25,True,,False,-0.006933964188114317,586591078483.94,590686880157.34
2026-02-26,JPM,2026-02-26,2026-02-25,True,,False,0.009330695680844103,833366156368.35,825662154073.5
2026-02-26,KO,2026-02-26,2026-02-25,True,,False,0.0003728097427613264,346279512022.5,346150463757.15
2026-02-26,MCD,2026-02-26,2026-02-25,True,,False,0.004564427494669676,238236994705.49997,237154520093.5
2026-02-26,MMM,2026-02-26,2026-02-25,False,tradability_policy,False,0.003805726712577062,88273666226.15999,87938994445.92
2026-02-26,MRK,2026-02-26,2026-02-25,True,,False,-0.02580434427568179,296105288544.8,303948479758.56
2026-02-26,MSFT,2026-02-26,2026-02-25,True,,False,0.0027958062905641956,2985734751566.6,2977410488593.0
2026-02-26,NKE,2026-02-26,2026-02-25,False,tradability_policy,False,0.00867507886435348,94530977163.85,93717966414.2
2026-02-26,PG,2026-02-26,2026-02-25,True,,False,0.0022033172164759307,382640118648.75,381798894571.11
2026-02-26,TRV,2026-02-26,2026-02-25,False,tradability_policy,False,0.004856280351752229,68310940822.08,67980806964.92
2026-02-26,UNH,2026-02-26,2026-02-25,True,,False,0.008655876143560892,259667698809.2,257439335804.0
2026-02-26,V,2026-02-26,2026-02-25,True,,False,0.011853413847087602,585600136824.4543,578740091015.7435
2026-02-26,WMT,2026-02-26,2026-02-25,True,,False,-0.010576540755467212,991648173660.88,1002248495723.0
2026-02-27,AAPL,2026-02-27,2026-02-26,True,,False,-0.03213042681809852,3903616935540.0,4033205551350.0
2026-02-27,AMGN,2026-02-27,2026-02-26,False,tradability_policy,False,0.023277884691429662,209016657255.36002,204261872930.43
2026-02-27,AXP,2026-02-27,2026-02-26,True,,False,-0.07879040916139812,212786275611.69998,230985736283.96
2026-02-27,BA,2026-02-27,2026-02-26,False,tradability_policy,False,-0.008194934832832068,172944521834.04,174373501313.88
2026-02-27,CAT,2026-02-27,2026-02-26,True,,False,-0.013414261617945789,347629283296.68,352355877216.27997
2026-02-27,CRM,2026-02-27,2026-02-26,False,tradability_policy,False,-0.02346217476312229,182518230000.0,186903390000.0
2026-02-27,CSCO,2026-02-27,2026-02-26,True,,False,0.017413572343149886,313953973975.98,308580485370.3
2026-02-27,CVX,2026-02-27,2026-02-26,True,,False,0.014118158123370916,376045293455.72,370810137303.52
2026-02-27,DIS,2026-02-27,2026-02-26,False,tradability_policy,False,0.004642349597347328,189312029229.84,188437237695.3
2026-02-27,GS,2026-02-27,2026-02-26,True,,False,-0.07473627556512374,257809550200.27002,278633586719.0
2026-02-27,HD,2026-02-27,2026-02-26,True,,False,0.015009730997894044,379011132569.2,373406402908.64996
2026-02-27,HON,2026-02-27,2026-02-26,False,tradability_policy,False,0.016190634340750742,81097102777.51442,80194877117.48296
2026-02-27,IBM,2026-02-27,2026-02-26,True,,False,-0.00743770918557074,224532743833.26,226215267204.06
2026-02-27,JNJ,2026-02-27,2026-02-26,True,,False,0.020372119768349295,598541182189.86,586591078483.94
2026-02-27,JPM,2026-02-27,2026-02-26,True,,False,-0.01904419690980952,817495367188.5,833366156368.35
2026-02-27,KO,2026-02-27,2026-02-26,True,,False,0.013167701863354031,350839217398.2,346279512022.5
2026-02-27,MCD,2026-02-27,2026-02-26,True,,False,0.019519923474725864,242887362611.0,238236994705.49997
2026-02-27,MMM,2026-02-27,2026-02-26,False,tradability_policy,False,-0.005115243425407701,87822124935.36,88273666226.15999
2026-02-27,MRK,2026-02-27,2026-02-26,True,,False,0.037887678122380475,307324030407.51996,296105288544.8
2026-02-27,MSFT,2026-02-27,2026-02-26,True,,False,-0.02235387832321023,2918992000224.7,2985734751566.6
2026-02-27,NKE,2026-02-27,2026-02-26,False,tradability_policy,False,-0.027677873338545766,91914560751.34,94530977163.85
2026-02-27,PG,2026-02-27,2026-02-26,True,,False,0.02106870229007618,390701849392.8,382640118648.75
2026-02-27,TRV,2026-02-27,2026-02-26,False,tradability_policy,False,0.00783699059561127,68846293022.87999,68310940822.08
2026-02-27,UNH,2026-02-27,2026-02-26,True,,False,0.02305867578315768,265655292087.4,259667698809.2
2026-02-27,V,2026-02-27,2026-02-26,True,,False,0.010862014524786856,591960934016.3588,585600136824.4543
2026-02-27,WMT,2026-02-27,2026-02-26,True,,False,0.02837164443015583,1019782863043.8,991648173660.88
2026-03-02,AAPL,2026-03-02,2026-02-27,True,,False,0.002044060867590458,3911596166160.0005,3903616935540.0
2026-03-02,AMGN,2026-03-02,2026-02-27,False,tradability_policy,False,-0.006337592745259801,207691994804.69998,209016657255.36002
2026-03-02,AXP,2026-03-02,2026-02-27,True,,False,-0.004758821625121312,211773663681.79,212786275611.69998
2026-03-02,BA,2026-03-02,2026-02-27,False,tradability_policy,False,0.009713004878477705,174624332818.32,172944521834.04
2026-03-02,CAT,2026-03-02,2026-02-27,True,,False,0.012775466795902135,352070409662.72003,347629283296.68
2026-03-02,CRM,2026-03-02,2026-02-27,False,tradability_policy,False,-0.009446070126803208,180794150000.0,182518230000.0
2026-03-02,CSCO,2026-03-02,2026-02-27,True,,False,-0.0005033979360683505,313795930193.46,313953973975.98
2026-03-02,CVX,2026-03-02,2026-02-27,True,,False,0.01520668237309919,381763694791.2,376045293455.72
2026-03-02,DIS,2026-03-02,2026-02-27,False,tradability_policy,False,-0.016125990192380257,186259185303.18,189312029229.84
2026-03-02,GS,2026-03-02,2026-02-27,True,,False,0.007713158905034101,258448397928.7,257809550200.27002
2026-03-02,HD,2026-03-02,2026-02-27,True,,False,-0.0260296280731247,369145613752.85,379011132569.2
2026-03-02,HON,2026-03-02,2026-02-27,False,tradability_policy,False,0.018268401822734814,82578617237.71368,81097102777.51442
2026-03-02,IBM,2026-03-02,2026-02-27,True,,False,-0.0034969401773448094,223747566260.22,224532743833.26
2026-03-02,JNJ,2026-03-02,2026-02-27,True,,False,0.0005232862375719183,598854390553.12,598541182189.86
2026-03-02,JPM,2026-03-02,2026-02-27,True,,False,-0.009124209124209193,810036368500.2,817495367188.5
2026-03-02,KO,2026-03-02,2026-02-27,True,,False,-0.016429622363903884,345075061545.9,350839217398.2
2026-03-02,MCD,2026-03-02,2026-02-27,True,,False,-0.018295901014484306,238443519467.0,242887362611.0
2026-03-02,MMM,2026-03-02,2026-02-27,False,tradability_policy,False,-0.02334865714977008,85771596250.08,87822124935.36
2026-03-02,MRK,2026-03-02,2026-02-27,True,,False,-0.01946373768373444,301342356095.76,307324030407.51996
2026-03-02,MSFT,2026-03-02,2026-02-27,True,,False,0.01479350206243324,2962174114400.25,2918992000224.7
2026-03-02,NKE,2026-03-02,2026-02-27,False,tradability_policy,False,-0.012222579607590878,90318191356.02,91914560751.34
2026-03-02,PG,2026-03-02,2026-02-27,True,,False,-0.022069377990430628,382079302596.99,390701849392.8
2026-03-02,TRV,2026-03-02,2026-02-27,False,tradability_policy,False,0.006577242094349511,69299111759.39,68846293022.87999
2026-03-02,UNH,2026-03-02,2026-02-27,True,,False,0.00566031302212977,267158984196.6,265655292087.4
2026-03-02,V,2026-03-02,2026-02-27,True,,False,0.0011557443618417373,592645089528.2788,591960934016.3588
2026-03-02,WMT,2026-03-02,2026-02-27,True,,False,-0.006643220007815587,1013008221124.3999,1019782863043.8
2026-03-03,AAPL,2026-03-03,2026-03-02,True,,False,-0.0036642490178302456,3897263103750.0,3911596166160.0005
2026-03-03,AMGN,2026-03-03,2026-03-02,False,tradability_policy,False,-0.022556390977443552,203007212967.0,207691994804.69998
2026-03-03,AXP,2026-03-03,2026-03-02,True,,False,0.0012685814656994143,212042315826.46,211773663681.79
2026-03-03,BA,2026-03-03,2026-03-02,False,tradability_policy,False,-0.024462435796987925,170352596288.16,174624332818.32
2026-03-03,CAT,2026-03-03,2026-03-02,True,,False,-0.04006273925988957,337965504639.27997,352070409662.72003
2026-03-03,CRM,2026-03-03,2026-03-02,False,tradability_policy,False,0.01606633842964511,183698850000.0,180794150000.0
2026-03-03,CSCO,2026-03-03,2026-03-02,True,,False,-0.005791991941576535,311978426694.48,313795930193.46
2026-03-03,CVX,2026-03-03,2026-03-02,True,,False,-0.004377637130801637,380092471865.69,381763694791.2
2026-03-03,DIS,2026-03-03,2026-03-02,False,tradability_policy,False,-0.009872519888814324,184420337791.8,186259185303.18
2026-03-03,GS,2026-03-03,2026-03-02,True,,False,0.001021237089474214,258712335018.38,258448397928.7
2026-03-03,HD,2026-03-03,2026-03-02,True,,False,-0.010490547719856469,365273074076.2,369145613752.85
2026-03-03,HON,2026-03-03,2026-03-02,False,tradability_policy,False,-0.016892436703757396,81183663172.94179,82578617237.71368
2026-03-03,IBM,2026-03-03,2026-03-02,True,,False,0.02468981075322718,229271851327.68,223747566260.22
2026-03-03,JNJ,2026-03-03,2026-03-02,True,,False,-0.007281943997425211,594493566418.5,598854390553.12
2026-03-03,JPM,2026-03-03,2026-03-02,True,,False,0.009073800241967911,817386476696.7,810036368500.2
2026-03-03,KO,2026-03-03,2026-03-02,True,,False,-0.010969832959361714,341289645762.3,345075061545.9
2026-03-03,MCD,2026-03-03,2026-03-02,True,,False,-0.0023594767337673517,236556310439.5,238443519467.0
2026-03-03,MMM,2026-03-03,2026-03-02,False,tradability_policy,False,-0.01845658367397507,84188545607.04,85771596250.08
2026-03-03,MRK,2026-03-03,2026-03-02,True,,False,-0.01301375504488922,297420760488.88,301342356095.76
2026-03-03,MSFT,2026-03-03,2026-03-02,True,,False,0.01349893363442467,3002160306184.15,2962174114400.25
2026-03-03,NKE,2026-03-03,2026-03-02,False,tradability_policy,False,-0.026553024094410738,87919970244.78,90318191356.02
2026-03-03,PG,2026-03-03,2026-03-02,True,,False,-0.02317901045807591,373223082446.27997,382079302596.99
2026-03-03,TRV,2026-03-03,2026-03-02,False,tradability_policy,False,0.0009656548749477079,69366030784.49,69299111759.39
2026-03-03,UNH,2026-03-03,2026-03-02,True,,False,-0.019394432577221843,261977587290.19998,267158984196.6
2026-03-03,V,2026-03-03,2026-03-02,True,,False,0.000998408785997329,593236791592.642,592645089528.2788
2026-03-03,WMT,2026-03-03,2026-03-02,True,,False,0.006372934697088883,1019464056365.24,1013008221124.3999
2026-03-04,AAPL,2026-03-04,2026-03-03,True,,False,-0.004663507109004761,3879088189559.9995,3897263103750.0
2026-03-04,AMGN,2026-03-04,2026-03-03,False,tradability_policy,False,0.006021220159151186,204229564090.16998,203007212967.0
2026-03-04,AXP,2026-03-04,2026-03-03,True,,False,0.011012929634201862,214377522930.12997,212042315826.46
2026-03-04,BA,2026-03-04,2026-03-03,False,tradability_policy,False,0.014233446368017155,172777300831.08,170352596288.16
2026-03-04,CAT,2026-03-04,2026-03-03,True,,False,0.013556177130355396,342547024884.12,337965504639.27997
2026-03-04,CRM,2026-03-04,2026-03-03,False,tradability_policy,False,-0.015149196633511886,180915960000.0,183698850000.0
2026-03-04,CSCO,2026-03-04,2026-03-03,True,,False,0.02418946301925029,319525017309.81,311978426694.48
2026-03-04,CVX,2026-03-04,2026-03-03,True,,False,-0.014515018276209157,374575422689.91,380092471865.69
2026-03-04,DIS,2026-03-04,2026-03-03,False,tradability_policy,False,-0.002516940948693036,183956162691.84,184420337791.8
2026-03-04,GS,2026-03-04,2026-03-03,True,,False,0.005413990586380368,260113001164.75,258712335018.38
2026-03-04,HD,2026-03-04,2026-03-03,True,,False,0.005968603510301929,367453244228.35004,365273074076.2
2026-03-04,HON,2026-03-04,2026-03-03,False,tradability_policy,False,0.008693869181874092,81889463320.27269,81183663172.94179
2026-03-04,IBM,2026-03-04,2026-03-03,True,,False,0.019487932159165,233739885612.36002,229271851327.68
2026-03-04,JNJ,2026-03-04,2026-03-03,True,,False,-0.00587639311043564,591000088520.6,594493566418.5
2026-03-04,JPM,2026-03-04,2026-03-03,True,,False,-0.0028974888430027823,815018108500.0499,817386476696.7
2026-03-04,KO,2026-03-04,2026-03-03,True,,False,-0.01562893874464344,335955650794.5,341289645762.3
2026-03-04,MCD,2026-03-04,2026-03-03,True,,False,-0.0012945178673571256,236250084069.0,236556310439.5
2026-03-04,MMM,2026-03-04,2026-03-03,False,tradability_policy,False,0.015206966178697545,85468797972.71999,84188545607.04
2026-03-04,MRK,2026-03-04,2026-03-03,True,,False,0.0037553200367186346,298537670630.08,297420760488.88
2026-03-04,MSFT,2026-03-04,2026-03-03,True,,False,0.003144109127819039,3011599425806.0,3002160306184.15
2026-03-04,NKE,2026-03-04,2026-03-03,False,tradability_policy,False,-0.012628388617612396,86809682693.28,87919970244.78
2026-03-04,PG,2026-03-04,2026-03-03,True,,False,-0.00889055847733522,369904920806.7,373223082446.27997
2026-03-04,TRV,2026-03-04,2026-03-03,False,tradability_policy,False,0.0034086889410551713,69602478006.51,69366030784.49
2026-03-04,UNH,2026-03-04,2026-03-03,True,,False,0.009508661526226536,264468643495.19998,261977587290.19998
2026-03-04,V,2026-03-04,2026-03-03,True,,False,-0.0011220895801513642,592571126770.2334,593236791592.642
2026-03-04,WMT,2026-03-04,2026-03-03,True,,False,-0.0007817997029160306,1018667039668.84,1019464056365.24
2026-03-05,AAPL,2026-03-05,2026-03-04,True,,False,-0.00849459088831317,3846136922370.0005,3879088189559.9995
2026-03-05,AMGN,2026-03-05,2026-03-04,False,tradability_policy,False,-0.03076963640678132,197945494659.6,204229564090.16998
2026-03-05,AXP,2026-03-05,2026-03-04,True,,False,-0.012853057421034042,211622116318.12997,214377522930.12997
2026-03-05,BA,2026-03-05,2026-03-04,False,tradability_policy,False,-0.023096212221195733,168786799624.08,172777300831.08
2026-03-05,CAT,2026-03-05,2026-03-04,True,,False,-0.03537030206155989,330431033143.68,342547024884.12
2026-03-05,CRM,2026-03-05,2026-03-04,False,tradability_policy,False,0.043039154754505704,188702430000.0,180915960000.0
2026-03-05,CSCO,2026-03-05,2026-03-04,True,,False,-0.010634351428218114,316127075985.63,319525017309.81
2026-03-05,CVX,2026-03-05,2026-03-04,True,,False,0.020803096274794486,382367751270.3,374575422689.91
2026-03-05,DIS,2026-03-05,2026-03-04,False,tradability_policy,False,-0.006114130434782705,182831430718.86,183956162691.84
2026-03-05,GS,2026-03-05,2026-03-04,True,,False,-0.03665609685788407,250578273800.06,260113001164.75
2026-03-05,HD,2026-03-05,2026-03-04,True,,False,-0.020129500690850954,360056593894.8,367453244228.35004
2026-03-05,HON,2026-03-05,2026-03-04,False,tradability_policy,False,-0.030857421636784954,79362565622.98898,81889463320.27269
2026-03-05,IBM,2026-03-05,2026-03-04,True,,False,0.02595377109493735,239806317099.30002,233739885612.36002
2026-03-05,JNJ,2026-03-05,2026-03-04,True,,False,-0.023114553607827215,577339385292.26,591000088520.6
2026-03-05,JPM,2026-03-05,2026-03-04,True,,False,-0.019506329536724598,799120096697.25,815018108500.0499
2026-03-05,KO,2026-03-05,2026-03-04,True,,False,-0.013700384122919296,331352929330.35,335955650794.5
2026-03-05,MCD,2026-03-05,2026-03-04,True,,False,-0.01293181407126065,233194941907.5,236250084069.0
2026-03-05,MMM,2026-03-05,2026-03-04,False,tradability_policy,False,-0.029088196904717423,82982664748.08,85468797972.71999
2026-03-05,MRK,2026-03-05,2026-03-04,True,,False,-0.03500166278683081,288088355753.51996,298537670630.08
2026-03-05,MSFT,2026-03-05,2026-03-04,True,,False,0.013524185587364235,3052328855355.4,3011599425806.0
2026-03-05,NKE,2026-03-05,2026-03-04,False,tradability_policy,False,-0.010572987721691685,85891844984.04001,86809682693.28
2026-03-05,PG,2026-03-05,2026-03-04,True,,False,-0.027226784586228736,359833599210.51,369904920806.7
2026-03-05,TRV,2026-03-05,2026-03-04,False,tradability_policy,False,-0.017273980066019212,68400166188.88,69602478006.51
2026-03-05,UNH,2026-03-05,2026-03-04,True,,False,-0.010926154267707933,261579018297.4,264468643495.19998
2026-03-05,V,2026-03-05,2026-03-04,True,,False,-0.002090679314756483,591332250572.9729,592571126770.2334
2026-03-05,WMT,2026-03-05,2026-03-04,True,,False,-0.035208512635943934,982801288330.84,1018667039668.84
2026-03-06,AAPL,2026-03-06,2026-03-05,True,,False,-0.010872488378347422,3804319843379.9995,3846136922370.0005
2026-03-06,AMGN,2026-03-06,2026-03-05,False,tradability_policy,False,0.005250272034820425,198984762354.62997,197945494659.6
2026-03-06,AXP,2026-03-06,2026-03-05,True,,False,-0.02021418573614131,207344347553.0,211622116318.12997
2026-03-06,BA,2026-03-06,2026-03-05,False,tradability_policy,False,0.04075475096820691,175665663609.48,168786799624.08
2026-03-06,CAT,2026-03-06,2026-03-05,True,,False,-0.03566168139587589,318647306916.39996,330431033143.68
2026-03-06,CRM,2026-03-06,2026-03-05,False,tradability_policy,False,0.0035751526888128105,189377070000.0,188702430000.0
2026-03-06,CSCO,2026-03-06,2026-03-05,True,,False,-0.017122859642544785,310714076434.32,316127075985.63
2026-03-06,CVX,2026-03-06,2026-03-05,True,,False,0.0002106371774617255,382448292134.18,382367751270.3
2026-03-06,DIS,2026-03-06,2026-03-05,False,tradability_policy,False,-0.008495264134361746,181278229422.84,182831430718.86
2026-03-06,GS,2026-03-06,2026-03-05,True,,False,-0.016805113350728984,246367277505.62,250578273800.06
2026-03-06,HD,2026-03-06,2026-03-05,True,,False,-0.010395930103959228,356313470711.2,360056593894.8
2026-03-06,HON,2026-03-06,2026-03-05,False,tradability_policy,False,-0.01296249685376294,78333828615.79443,79362565622.98898
2026-03-06,IBM,2026-03-06,2026-03-05,True,,False,0.00896511401286304,241956208073.1,239806317099.30002
2026-03-06,JNJ,2026-03-06,2026-03-05,True,,False,0.0032132871510246463,579194542520.8,577339385292.26
2026-03-06,JPM,2026-03-06,2026-03-05,True,,False,-0.013864758984840742,788040489156.6001,799120096697.25
2026-03-06,KO,2026-03-06,2026-03-05,True,,False,0.00012981955082436158,331395945418.80005,331352929330.35
2026-03-06,MCD,2026-03-06,2026-03-05,True,,False,0.0018628798289814785,233629356061.0,233194941907.5
2026-03-06,MMM,2026-03-06,2026-03-05,False,tradability_policy,False,-0.017924588694705923,81495234613.68,82982664748.08
2026-03-06,MRK,2026-03-06,2026-03-05,True,,False,-0.002412337382613816,287393389443.44,288088355753.51996
2026-03-06,MSFT,2026-03-06,2026-03-05,True,,False,-0.004188175708580988,3039545165788.8,3052328855355.4
2026-03-06,NKE,2026-03-06,2026-03-05,False,tradability_policy,False,-0.017407790417097613,84396657748.02,85891844984.04001
2026-03-06,PG,2026-03-06,2026-03-05,True,,False,-0.0023378141437756517,358992375132.87,359833599210.51
2026-03-06,TRV,2026-03-06,2026-03-05,False,tradability_policy,False,-0.0010761805374379652,68326555261.270004,68400166188.88
2026-03-06,UNH,2026-03-06,2026-03-05,True,,False,-0.007930186653738125,259504647857.6,261579018297.4
2026-03-06,V,2026-03-06,2026-03-05,True,,False,-0.00762976860537834,586820522332.2035,591332250572.9729
2026-03-06,WMT,2026-03-06,2026-03-05,True,,False,0.00397372475873814,986706670143.2,982801288330.84
2026-03-09,AAPL,2026-03-09,2026-03-06,True,,False,0.009399518371785875,3840078617640.0,3804319843379.9995
2026-03-09,AMGN,2026-03-09,2026-03-06,False,tradability_policy,False,0.02013368332747012,202991058546.87003,198984762354.62997
2026-03-09,AXP,2026-03-09,2026-03-06,True,,False,0.014551495016611238,210361517793.13998,207344347553.0
2026-03-09,BA,2026-03-09,2026-03-06,False,tradability_policy,False,-0.02643762710397657,171021480300.0,175665663609.48
2026-03-09,CAT,2026-03-09,2026-03-06,True,,False,0.035129975033044714,329841378852.72003,318647306916.39996
2026-03-09,CRM,2026-03-09,2026-03-06,False,tradability_policy,False,-0.01642669833259125,186266230000.0,189377070000.0
2026-03-09,CSCO,2026-03-09,2026-03-06,True,,False,-0.03090030518819953,301112916646.23,310714076434.32
2026-03-09,CVX,2026-03-09,2026-03-06,True,,False,-0.002632410234810978,381441531335.68,382448292134.18
2026-03-09,DIS,2026-03-09,2026-03-06,False,tradability_policy,False,0.0011818002757533197,181492464084.36,181278229422.84
2026-03-09,GS,2026-03-09,2026-03-06,True,,False,0.012916656521633207,249549519007.33,246367277505.62
2026-03-09,HD,2026-03-09,2026-03-06,True,,False,-0.01218149307107741,351973040636.6,356313470711.2
2026-03-09,HON,2026-03-09,2026-03-06,False,tradability_policy,False,0.009775171065493637,79099555190.7289,78333828615.79443
2026-03-09,IBM,2026-03-09,2026-03-06,True,,False,-0.02132509175197994,236796469735.98,241956208073.1
2026-03-09,JNJ,2026-03-09,2026-03-06,True,,False,0.009109816971713869,584470898794.18,579194542520.8
2026-03-09,JPM,2026-03-09,2026-03-06,True,,False,0.0015199668370871056,789238284566.4,788040489156.6001
2026-03-09,KO,2026-03-09,2026-03-06,True,,False,0.009865005192107867,334665168141.0,331395945418.80005
2026-03-09,MCD,2026-03-09,2026-03-06,True,,False,0.00835213070779739,235580658980.0,233629356061.0
2026-03-09,MMM,2026-03-09,2026-03-06,False,tradability_policy,False,-0.011602894205071435,80549654028.23999,81495234613.68
2026-03-09,MRK,2026-03-09,2026-03-06,True,,False,0.011399948182053699,290669659190.96,287393389443.44
2026-03-09,MSFT,2026-03-09,2026-03-06,True,,False,0.0011003521126762283,3042889735733.5503,3039545165788.8
2026-03-09,NKE,2026-03-09,2026-03-06,False,tradability_policy,False,-0.008419575513067823,83686073715.06,84396657748.02
2026-03-09,PG,2026-03-09,2026-03-06,True,,False,0.01034954110525299,362707781475.77997,358992375132.87
2026-03-09,TRV,2026-03-09,2026-03-06,False,tradability_policy,False,-0.010185759524664606,67630597400.229996,68326555261.270004
2026-03-09,UNH,2026-03-09,2026-03-06,True,,False,0.00314158056408842,258317999265.40002,259504647857.6
2026-03-09,V,2026-03-09,2026-03-06,True,,False,-0.004379884043357651,584250316490.126,586820522332.2035
2026-03-09,WMT,2026-03-09,2026-03-06,True,,False,0.004361873990307075,991010560303.76,986706670143.2
2026-03-10,AAPL,2026-03-10,2026-03-09,True,,False,0.003655533323072113,3854116152990.0,3840078617640.0
2026-03-10,AMGN,2026-03-10,2026-03-09,False,tradability_policy,False,-0.004085205719288054,202161798313.53,202991058546.87003
2026-03-10,AXP,2026-03-10,2026-03-09,True,,False,-0.0073023773659048885,208825378606.94998,210361517793.13998
2026-03-10,BA,2026-03-10,2026-03-09,False,tradability_policy,False,-0.03217777777777786,165518389111.68,171021480300.0
2026-03-10,CAT,2026-03-10,2026-03-09,True,,False,0.016826991288555693,335391616861.27997,329841378852.72003
2026-03-10,CRM,2026-03-10,2026-03-09,False,tradability_policy,False,-0.01951808441068459,182630670000.0,186266230000.0
2026-03-10,CSCO,2026-03-10,2026-03-09,True,,False,0.0195512399947515,307000047545.10004,301112916646.23
2026-03-10,CVX,2026-03-10,2026-03-09,True,,False,-0.01662795608108114,375098938305.13,381441531335.68
2026-03-10,DIS,2026-03-10,2026-03-09,False,tradability_policy,False,-0.0033444816053511683,180885465876.72,181492464084.36
2026-03-10,GS,2026-03-10,2026-03-09,True,,False,0.002139345937045567,250083391756.90997,249549519007.33
2026-03-10,HD,2026-03-10,2026-03-09,True,,False,0.010153863559225984,355546926867.75,351973040636.6
2026-03-10,HON,2026-03-10,2026-03-09,False,tradability_policy,False,0.012710972684035537,80104987476.0776,79099555190.7289
2026-03-10,IBM,2026-03-10,2026-03-09,True,,False,-0.012355425729286051,233870748541.19998,236796469735.98
2026-03-10,JNJ,2026-03-10,2026-03-09,True,,False,0.0046168432334392495,587169309308.42,584470898794.18
2026-03-10,JPM,2026-03-10,2026-03-09,True,,False,-0.004104580573951466,785998792435.3501,789238284566.4
2026-03-10,KO,2026-03-10,2026-03-09,True,,False,0.0010282776349614942,335009296848.6,334665168141.0
2026-03-10,MCD,2026-03-10,2026-03-09,True,,False,-0.008645707376058076,233543897539.0,235580658980.0
2026-03-10,MMM,2026-03-10,2026-03-09,False,tradability_policy,False,0.023873903581085543,82472688702.0,80549654028.23999
2026-03-10,MRK,2026-03-10,2026-03-09,True,,False,-0.00017077960891465072,290620018740.24,290669659190.96
2026-03-10,MSFT,2026-03-10,2026-03-09,True,,False,-0.008915268312938207,3015761557292.8,3042889735733.5503
2026-03-10,NKE,2026-03-10,2026-03-09,False,tradability_policy,False,-0.00796037502211222,83019901184.16,83686073715.06
2026-03-10,PG,2026-03-10,2026-03-09,True,,False,0.005089550315680924,364553800979.49,362707781475.77997
2026-03-10,TRV,2026-03-10,2026-03-09,False,tradability_policy,False,0.001154391635608043,67463299837.479996,67630597400.229996
2026-03-10,UNH,2026-03-10,2026-03-09,True,,False,-0.009923905039099679,255754475970.8,258317999265.40002
2026-03-10,V,2026-03-10,2026-03-09,True,,False,-0.0048738804316865725,581402750305.3779,584250316490.126
2026-03-10,WMT,2026-03-10,2026-03-09,True,,False,0.006273122084606841,997227290535.68,991010560303.76
2026-03-11,AAPL,2026-03-11,2026-03-10,True,,False,-7.66782962081658e-05,3853820625930.0,3854116152990.0
2026-03-11,AMGN,2026-03-11,2026-03-10,False,tradability_policy,False,0.005886583384385746,203351840596.44,202161798313.53
2026-03-11,AXP,2026-03-11,2026-03-10,True,,False,0.00936829952168905,210781717301.47,208825378606.94998
2026-03-11,BA,2026-03-11,2026-03-10,False,tradability_policy,False,-0.016807494489346042,162736439698.8,165518389111.68
2026-03-11,CAT,2026-03-11,2026-03-10,True,,False,-0.012683484958419311,331137682333.64,335391616861.27997
2026-03-11,CRM,2026-03-11,2026-03-10,False,tradability_policy,False,-0.004001847006310566,181899810000.0,182630670000.0
2026-03-11,CSCO,2026-03-11,2026-03-10,True,,False,0.005148005148005064,308580485370.3,307000047545.10004
2026-03-11,CVX,2026-03-11,2026-03-10,True,,False,0.029523860647377775,386173307088.63,375098938305.13
2026-03-11,DIS,2026-03-11,2026-03-10,False,tradability_policy,False,-0.004243979470982984,180117791672.94,180885465876.72
2026-03-11,GS,2026-03-11,2026-03-10,True,,False,-0.012053105623583305,247069110221.36,250083391756.90997
2026-03-11,HD,2026-03-11,2026-03-10,True,,False,-0.017667646647067103,349265249397.39996,355546926867.75
2026-03-11,HON,2026-03-11,2026-03-10,False,tradability_policy,False,-0.004862640787997252,79715465696.65442,80104987476.0776
2026-03-11,IBM,2026-03-11,2026-03-10,True,,False,-0.005315747402078297,232627550717.22,233870748541.19998
2026-03-11,JNJ,2026-03-11,2026-03-10,True,,False,-0.0029543309671330453,585434616834.98,587169309308.42
2026-03-11,JPM,2026-03-11,2026-03-10,True,,False,-0.004190766460014705,782704855058.3999,785998792435.3501
2026-03-11,KO,2026-03-11,2026-03-10,True,,False,-0.003210066769388842,333933894637.35,335009296848.6
2026-03-11,MCD,2026-03-11,2026-03-10,True,,False,-0.00832469354150156,231599716163.5,233543897539.0
2026-03-11,MMM,2026-03-11,2026-03-10,False,tradability_policy,False,-0.0005152979066023189,82430190698.15999,82472688702.0
2026-03-11,MRK,2026-03-11,2026-03-10,True,,False,-0.0075155863011359125,288435838908.56,290620018740.24
2026-03-11,MSFT,2026-03-11,2026-03-10,True,,False,-0.00216876971608837,3009221064956.4,3015761557292.8
2026-03-11,NKE,2026-03-11,2026-03-10,False,tradability_policy,False,-0.006776034236804507,82457355491.40001,83019901184.16
2026-03-11,PG,2026-03-11,2026-03-10,True,,False,-0.01724248445612464,358267987732.68,364553800979.49
2026-03-11,TRV,2026-03-11,2026-03-10,False,tradability_policy,False,-0.010051580478772748,66785187049.799995,67463299837.479996
2026-03-11,UNH,2026-03-11,2026-03-10,True,,False,0.010306722391443035,258390466355.0,255754475970.8
2026-03-11,V,2026-03-11,2026-03-10,True,,False,-0.01739655885252689,571288343142.6694,581402750305.3779
2026-03-11,WMT,2026-03-11,2026-03-10,True,,False,-0.013027493606138196,984235918384.36,997227290535.68
2026-03-12,AAPL,2026-03-12,2026-03-11,True,,False,-0.01936275449560987,3779200043280.0,3853820625930.0
2026-03-12,AMGN,2026-03-12,2026-03-11,False,tradability_policy,False,-0.026083042050630167,198047805987.09,203351840596.44
2026-03-12,AXP,2026-03-12,2026-03-11,True,,False,-0.013399130690545547,207957425524.16998,210781717301.47
2026-03-12,BA,2026-03-12,2026-03-11,False,tradability_policy,False,-0.043624474544605385,155637148027.68,162736439698.8
2026-03-12,CAT,2026-03-12,2026-03-11,True,,False,-0.00975140971466526,327908623121.24005,331137682333.64
2026-03-12,CRM,2026-03-12,2026-03-11,False,tradability_policy,False,0.026528614845722,186725360000.0,181899810000.0
2026-03-12,CSCO,2026-03-12,2026-03-11,True,,False,-0.004609475032010257,307158091327.62,308580485370.3
2026-03-12,CVX,2026-03-12,2026-03-11,True,,False,0.027008707440429713,396603348961.09,386173307088.63
2026-03-12,DIS,2026-03-12,2026-03-11,False,tradability_policy,False,-0.014471206264248138,177511269957.78,180117791672.94
2026-03-12,GS,2026-03-12,2026-03-11,True,,False,-0.04399339613479658,236199700982.72,247069110221.36
2026-03-12,HD,2026-03-12,2026-03-11,True,,False,-0.02730589442480902,337408707611.05,349265249397.39996
2026-03-12,HON,2026-03-12,2026-03-11,False,tradability_policy,False,-0.025225526227865003,77704601125.957,79715465696.65442
2026-03-12,IBM,2026-03-12,2026-03-11,True,,False,-0.00478161289026402,231515215822.08002,232627550717.22
2026-03-12,JNJ,2026-03-12,2026-03-11,True,,False,-0.003909625910531345,583145786488.08,585434616834.98
2026-03-12,JPM,2026-03-12,2026-03-11,True,,False,-0.016103227601558134,770100780632.5499,782704855058.3999
2026-03-12,KO,2026-03-12,2026-03-11,True,,False,-0.00025763235862419354,333847862460.45,333933894637.35
2026-03-12,MCD,2026-03-12,2026-03-11,True,,False,-0.00399741705359602,230673915508.50003,231599716163.5
2026-03-12,MMM,2026-03-12,2026-03-11,False,tradability_policy,False,-0.03911838628600883,79205654656.8,82430190698.15999
2026-03-12,MRK,2026-03-12,2026-03-11,True,,False,-0.002581533430857874,287691232147.76,288435838908.56
2026-03-12,MSFT,2026-03-12,2026-03-11,True,,False,-0.007459000197589383,2986775284438.3003,3009221064956.4
2026-03-12,NKE,2026-03-12,2026-03-11,False,tradability_policy,False,-0.02818671454219035,80133153550.26001,82457355491.40001
2026-03-12,PG,2026-03-12,2026-03-11,True,,False,-0.01839290373075919,351678399124.5,358267987732.68
2026-03-12,TRV,2026-03-12,2026-03-11,False,tradability_policy,False,0.008717434869739416,67367382568.17,66785187049.799995
2026-03-12,UNH,2026-03-12,2026-03-11,True,,False,-0.028746713409290026,250962589671.0,258390466355.0
2026-03-12,V,2026-03-12,2026-03-11,True,,False,-0.007962195753495549,566739633522.8774,571288343142.6694
2026-03-12,WMT,2026-03-12,2026-03-11,True,,False,0.014899991902178389,998901025598.12,984235918384.36
2026-03-13,AAPL,2026-03-13,2026-03-12,True,,False,-0.02205192367844855,3695861412360.0,3779200043280.0
2026-03-13,AMGN,2026-03-13,2026-03-12,False,tradability_policy,False,-0.004295929742516247,197197006526.91,198047805987.09
2026-03-13,AXP,2026-03-13,2026-03-12,True,,False,-0.006393057073768582,206627941833.87997,207957425524.16998
2026-03-13,BA,2026-03-13,2026-03-12,False,tradability_policy,False,0.02505372142996687,159536437778.52,155637148027.68
2026-03-13,CAT,2026-03-13,2026-03-12,True,,False,-0.009562003168305577,324773159828.04,327908623121.24005
2026-03-13,CRM,2026-03-13,2026-03-12,False,tradability_policy,False,-0.03236651947009228,180681710000.0,186725360000.0
2026-03-13,CSCO,2026-03-13,2026-03-12,True,,False,0.007589400565989335,309489237119.79,307158091327.62
2026-03-13,CVX,2026-03-13,2026-03-12,True,,False,-0.0007615372899426598,396301320721.54,396603348961.09
2026-03-13,DIS,2026-03-13,2026-03-12,False,tradability_policy,False,-0.0014080257467564694,177261329519.34,177511269957.78
2026-03-13,GS,2026-03-13,2026-03-12,True,,False,-0.006742685900040568,234607080589.31,236199700982.72
2026-03-13,HD,2026-03-13,2026-03-12,True,,False,0.000295046174726199,337508258759.55,337408707611.05
2026-03-13,HON,2026-03-13,2026-03-12,False,tradability_policy,False,0.0047129391602398485,78070818183.53435,77704601125.957
2026-03-13,IBM,2026-03-13,2026-03-12,True,,False,-0.005652454780361804,230206586533.68,231515215822.08002
2026-03-13,JNJ,2026-03-13,2026-03-12,True,,False,-0.0021484052222772165,581892953035.04,583145786488.08
2026-03-13,JPM,2026-03-13,2026-03-12,True,,False,0.0019442186008695739,771598024894.8,770100780632.5499
2026-03-13,KO,2026-03-13,2026-03-12,True,,False,0.003350083752093891,332686428072.3,333847862460.45
2026-03-13,MCD,2026-03-13,2026-03-12,True,,False,0.007872557191812346,232489909101.0,230673915508.50003
2026-03-13,MMM,2026-03-13,2026-03-12,False,tradability_policy,False,0.01247484909456742,80193733246.08,79205654656.8
2026-03-13,MRK,2026-03-13,2026-03-12,True,,False,-0.002588214994392213,286946625386.96,287691232147.76
2026-03-13,MSFT,2026-03-13,2026-03-12,True,,False,-0.0157019857661872,2939876981435.25,2986775284438.3003
2026-03-13,NKE,2026-03-13,2026-03-12,False,tradability_policy,False,-0.00277110659523383,79911096039.95999,80133153550.26001
2026-03-13,PG,2026-03-13,2026-03-12,True,,False,0.0009966777408638716,352028909156.85004,351678399124.5
2026-03-13,TRV,2026-03-13,2026-03-12,False,tradability_policy,False,0.0015893513459819264,67474453008.33,67367382568.17
2026-03-13,UNH,2026-03-13,2026-03-12,True,,False,0.018191662154845467,255528016315.8,250962589671.0
2026-03-13,V,2026-03-13,2026-03-12,True,,False,0.0020880913539966794,567923037651.6038,566739633522.8774
2026-03-13,WMT,2026-03-13,2026-03-12,True,,False,0.009494933375887582,1008385524285.28,998901025598.12
2026-03-16,AAPL,2026-03-16,2026-03-13,True,,False,0.010794818487126046,3735757565460.0,3695861412360.0
2026-03-16,AMGN,2026-03-16,2026-03-13,False,tradability_policy,False,0.00010922694628767715,197218545753.75,197197006526.91
2026-03-16,AXP,2026-03-16,2026-03-13,True,,False,-0.00586744899319902,205415562924.6,206627941833.87997
2026-03-16,BA,2026-03-16,2026-03-13,False,tradability_policy,False,0.017056553432750476,162257579553.96,159536437778.52
2026-03-16,CAT,2026-03-16,2026-03-13,True,,False,0.008343059698266542,327482761688.88,324773159828.04
2026-03-16,CRM,2026-03-16,2026-03-13,False,tradability_policy,False,0.028574391951459832,185844580000.0,180681710000.0
2026-03-16,CSCO,2026-03-16,2026-03-13,True,,False,0.0072769054002299605,311741361020.7,309489237119.79
2026-03-16,CVX,2026-03-16,2026-03-13,True,,False,0.00010161568946243094,396341591153.48,396301320721.54
2026-03-16,DIS,2026-03-16,2026-03-13,False,tradability_policy,False,-0.006345049853963225,176136597546.36,177261329519.34
2026-03-16,GS,2026-03-16,2026-03-13,True,,False,0.016057069073522445,238374182687.47,234607080589.31
2026-03-16,HD,2026-03-16,2026-03-13,True,,False,0.01047104975960833,341042324531.3,337508258759.55
2026-03-16,HON,2026-03-16,2026-03-13,False,tradability_policy,False,4.2643923240826e-05,78074147429.51231,78070818183.53435
2026-03-16,IBM,2026-03-16,2026-03-13,True,,False,0.012059444534676,232982750095.5,230206586533.68
2026-03-16,JNJ,2026-03-16,2026-03-13,True,,False,0.006914541238820737,585916475855.38,581892953035.04
2026-03-16,JPM,2026-03-16,2026-03-13,True,,False,0.009596387242450044,779002578337.2001,771598024894.8
2026-03-16,KO,2026-03-16,2026-03-13,True,,False,0.006206361520558534,334751200317.89996,332686428072.3
2026-03-16,MCD,2026-03-16,2026-03-13,True,,False,0.0005820008576855606,232625218427.49997,232489909101.0
2026-03-16,MMM,2026-03-16,2026-03-13,False,tradability_policy,False,-0.006690514043455331,79657195947.59999,80193733246.08
2026-03-16,MRK,2026-03-16,2026-03-13,True,,False,0.005795346423319803,286499861330.48004,286946625386.96
2026-03-16,MSFT,2026-03-16,2026-03-13,True,,False,0.011123751738086218,2972579443117.25,2939876981435.25
2026-03-16,NKE,2026-03-16,2026-03-13,False,tradability_policy,False,0.015005557613931186,81110206595.58,79911096039.95999
2026-03-16,PG,2026-03-16,2026-03-13,True,,False,0.009757716561566543,355463907473.88,352028909156.85004
2026-03-16,TRV,2026-03-16,2026-03-13,False,tradability_policy,False,0.007107672980924962,67954039354.88,67474453008.33
2026-03-16,UNH,2026-03-16,2026-03-13,True,,False,0.012052890921337323,258607867623.80002,255528016315.8
2026-03-16,V,2026-03-16,2026-03-13,True,,False,0.009669857394022374,573414772436.4749,567923037651.6038
2026-03-16,WMT,2026-03-16,2026-03-13,True,,False,-0.0041890610180208565,1004161335794.36,1008385524285.28
2026-03-17,AAPL,2026-03-17,2026-03-16,True,,False,0.005577090420061603,3756592223190.0,3735757565460.0
2026-03-17,AMGN,2026-03-17,2026-03-16,False,tradability_policy,False,-0.01397952218430032,194461524718.23,197218545753.75
2026-03-17,AXP,2026-03-17,2026-03-16,True,,False,0.006941649899396385,206841485846.31,205415562924.6
2026-03-17,BA,2026-03-17,2026-03-16,False,tradability_policy,False,-0.012413922331006688,160243326563.76,162257579553.96
2026-03-17,CAT,2026-03-17,2026-03-16,True,,False,0.003172425619480501,328521676392.0,327482761688.88
2026-03-17,CRM,2026-03-17,2026-03-16,False,tradability_policy,False,-0.015276797418574128,183005470000.0,185844580000.0
2026-03-17,CSCO,2026-03-17,2026-03-16,True,,False,0.004689480354879372,313203266009.01,311741361020.7
2026-03-17,CVX,2026-03-17,2026-03-16,True,,False,0.005740703109124112,398616870558.09,396341591153.48
2026-03-17,DIS,2026-03-17,2026-03-16,False,tradability_policy,False,0.016622744780052656,179064471253.8,176136597546.36
2026-03-17,GS,2026-03-17,2026-03-16,True,,False,0.015438428727807985,242054305517.44,238374182687.47
2026-03-17,HD,2026-03-17,2026-03-16,True,,False,-0.003356880144783636,339897486323.55,341042324531.3
2026-03-17,HON,2026-03-17,2026-03-16,False,tradability_policy,False,-0.013176410387616744,77045410422.31778,78074147429.51231
2026-03-17,IBM,2026-03-17,2026-03-16,True,,False,0.027522567703109457,239395033608.66,232982750095.5
2026-03-17,JNJ,2026-03-17,2026-03-16,True,,False,-0.020889016818125716,573677256737.2201,585916475855.38
2026-03-17,JPM,2026-03-17,2026-03-16,True,,False,0.0025510204081631294,780989829812.5499,779002578337.2001
2026-03-17,KO,2026-03-17,2026-03-16,True,,False,-0.0030840400925211675,333718814195.1,334751200317.89996
2026-03-17,MCD,2026-03-17,2026-03-16,True,,False,-0.0010714832389406848,232375964405.0,232625218427.49997
2026-03-17,MMM,2026-03-17,2026-03-16,False,tradability_policy,False,-0.005935311770590146,79184405654.88,79657195947.59999
2026-03-17,MRK,2026-03-17,2026-03-16,True,,False,0.003811834011955284,287591951246.32,286499861330.48004
2026-03-17,MSFT,2026-03-17,2026-03-16,True,,False,-0.0013501687710962829,2968565959183.5503,2972579443117.25
2026-03-17,NKE,2026-03-17,2026-03-16,False,tradability_policy,False,0.0060229968972440595,81598733118.23999,81110206595.58
2026-03-17,PG,2026-03-17,2026-03-16,True,,False,-0.0042072048382856275,353968398002.51996,355463907473.88
2026-03-17,TRV,2026-03-17,2026-03-16,False,tradability_policy,False,0.005547531512605008,68331016529.60999,67954039354.88
2026-03-17,UNH,2026-03-17,2026-03-16,True,,False,0.0072857192896422784,260492011953.4,258607867623.80002
2026-03-17,V,2026-03-17,2026-03-16,True,,False,-0.0053206926574442814,570363808667.1019,573414772436.4749
2026-03-17,WMT,2026-03-17,2026-03-16,True,,False,-0.0072227954599570765,996908483857.12,1004161335794.36
2026-03-18,AAPL,2026-03-18,2026-03-17,True,,False,-0.016874483735200396,3693201668820.0,3756592223190.0
2026-03-18,AMGN,2026-03-18,2026-03-17,False,tradability_policy,False,-0.026721679173704715,189265186243.08002,194461524718.23
2026-03-18,AXP,2026-03-18,2026-03-17,True,,False,-0.0195823758617244,202791038126.66998,206841485846.31
2026-03-18,BA,2026-03-18,2026-03-17,False,tradability_policy,False,-0.022910539796983098,156572065453.32,160243326563.76
2026-03-18,CAT,2026-03-18,2026-03-17,True,,False,-0.011937321937321888,324600007377.52,328521676392.0
2026-03-18,CRM,2026-03-18,2026-03-17,False,tradability_policy,False,-0.004966463570733715,182096580000.0,183005470000.0
2026-03-18,CSCO,2026-03-18,2026-03-17,True,,False,-0.02106723855178505,306604938088.8,313203266009.01
2026-03-18,CVX,2026-03-18,2026-03-17,True,,False,0.003232813052482797,399905524380.17004,398616870558.09
2026-03-18,DIS,2026-03-18,2026-03-17,False,tradability_policy,False,-0.008773678963110654,177493417069.32,179064471253.8
2026-03-18,GS,2026-03-18,2026-03-17,True,,False,-0.0019329896907215316,241586417040.28,242054305517.44
2026-03-18,HD,2026-03-18,2026-03-17,True,,False,-0.03075300940163428,329444615731.05,339897486323.55
2026-03-18,HON,2026-03-18,2026-03-17,False,tradability_policy,False,-0.006481721545242403,76546023525.62138,77045410422.31778
2026-03-18,IBM,2026-03-18,2026-03-17,True,,False,-0.017609620866034237,235179377829.6,239395033608.66
2026-03-18,JNJ,2026-03-18,2026-03-17,True,,False,-0.003485783881399418,571677541802.56,573677256737.2201
2026-03-18,JPM,2026-03-18,2026-03-17,True,,False,0.0029628080448953487,783303752763.3,780989829812.5499
2026-03-18,KO,2026-03-18,2026-03-17,True,,False,-0.02075277133281772,326793223954.65,333718814195.1
2026-03-18,MCD,2026-03-18,2026-03-17,True,,False,-0.03239350291143117,224848492925.5,232375964405.0
2026-03-18,MMM,2026-03-18,2026-03-17,False,tradability_policy,False,-0.026700657453374466,77070129963.84001,79184405654.88
2026-03-18,MRK,2026-03-18,2026-03-17,True,,False,-0.011823595408647636,284191580372.0,287591951246.32
2026-03-18,MSFT,2026-03-18,2026-03-17,True,,False,-0.019078140256878928,2911931241452.45,2968565959183.5503
2026-03-18,NKE,2026-03-18,2026-03-17,False,tradability_policy,False,-0.029934687953555805,79156100504.94,81598733118.23999
2026-03-18,PG,2026-03-18,2026-03-17,True,,False,-0.031489305518880295,342822178973.79004,353968398002.51996
2026-03-18,TRV,2026-03-18,2026-03-17,False,tradability_policy,False,-0.02311232984036815,66751727537.25,68331016529.60999
2026-03-18,UNH,2026-03-18,2026-03-17,True,,False,-0.011266821991167353,257557094824.59998,260492011953.4
2026-03-18,V,2026-03-18,2026-03-17,True,,False,-0.030603643908448386,552908597768.3876,570363808667.1019
2026-03-18,WMT,2026-03-18,2026-03-17,True,,False,-0.02478413815158298,972200966268.72,996908483857.12
2026-03-19,AAPL,2026-03-19,2026-03-18,True,,False,-0.00392094102584617,3678720842880.0,3693201668820.0
2026-03-19,AMGN,2026-03-19,2026-03-18,False,tradability_policy,False,-0.004438374871969963,188425156396.32,189265186243.08002
2026-03-19,AXP,2026-03-19,2026-03-18,True,,False,0.0018343014368695787,203163018019.29,202791038126.66998
2026-03-19,BA,2026-03-19,2026-03-18,False,tradability_policy,False,-0.0233506480897131,152916006252.24,156572065453.32
2026-03-19,CAT,2026-03-19,2026-03-18,True,,False,-0.0071653066520573905,322274148785.39996,324600007377.52
2026-03-19,CRM,2026-03-19,2026-03-18,False,tradability_policy,False,0.003344653699701494,182705630000.0,182096580000.0
2026-03-19,CSCO,2026-03-19,2026-03-18,True,,False,0.01172680412371152,310200434141.13,306604938088.8
2026-03-19,CVX,2026-03-19,2026-03-18,True,,False,0.014249030763808346,405603790499.68,399905524380.17004
2026-03-19,DIS,2026-03-19,2026-03-18,False,tradability_policy,False,-0.0022128344397505106,177100653523.2,177493417069.32
2026-03-19,GS,2026-03-19,2026-03-18,True,,False,0.004990812931419786,242792129654.5,241586417040.28
2026-03-19,HD,2026-03-19,2026-03-18,True,,False,-0.008219260870879097,326736824491.85,329444615731.05
2026-03-19,HON,2026-03-19,2026-03-18,False,tradability_policy,False,-0.0038709116214334927,76249720633.58154,76546023525.62138
2026-03-19,IBM,2026-03-19,2026-03-18,True,,False,-0.004888712241653326,234029653526.22,235179377829.6
2026-03-19,JNJ,2026-03-19,2026-03-18,True,,False,0.0013486176668913163,572448516235.2,571677541802.56
2026-03-19,JPM,2026-03-19,2026-03-18,True,,False,0.0007993327309376852,783929873091.15,783303752763.3
2026-03-19,KO,2026-03-19,2026-03-18,True,,False,-0.005528498091351919,324986548239.75,326793223954.65
2026-03-19,MCD,2026-03-19,2026-03-18,True,,False,-0.0194786684825643,220468743673.0,224848492925.5
2026-03-19,MMM,2026-03-19,2026-03-18,False,tradability_policy,False,-0.016335814722911568,75811126600.08,77070129963.84001
2026-03-19,MRK,2026-03-19,2026-03-18,True,,False,-0.0026200873362445254,283446973611.2,284191580372.0
2026-03-19,MSFT,2026-03-19,2026-03-18,True,,False,-0.00707011409173286,2891343555348.1,2911931241452.45
2026-03-19,NKE,2026-03-19,2026-03-18,False,tradability_policy,False,-0.0005610622779128605,79111689002.87999,79156100504.94
2026-03-19,PG,2026-03-19,2026-03-18,True,,False,-0.01274623406720743,338452487237.16003,342822178973.79004
2026-03-19,TRV,2026-03-19,2026-03-18,False,tradability_policy,False,-0.008053467000835535,66214144702.27999,66751727537.25
2026-03-19,UNH,2026-03-19,2026-03-18,True,,False,-0.013681285829845513,254033382592.8,257557094824.59998
2026-03-19,V,2026-03-19,2026-03-18,True,,False,0.002307537957327188,554184455344.6708,552908597768.3876
2026-03-19,WMT,2026-03-19,2026-03-18,True,,False,-0.007296278078373519,965107517670.76,972200966268.72
2026-03-20,AAPL,2026-03-20,2026-03-19,True,,False,-0.003896208226221054,3664387780470.0,3678720842880.0
2026-03-20,AMGN,2026-03-20,2026-03-19,False,tradability_policy,False,-0.006058527663465929,187283577373.80002,188425156396.32
2026-03-20,AXP,2026-03-20,2026-03-19,True,,False,0.001932661987590345,203555663461.5,203163018019.29
2026-03-20,BA,2026-03-20,2026-03-19,False,tradability_policy,False,-0.030122278556516613,148309827716.16,152916006252.24
2026-03-20,CAT,2026-03-20,2026-03-19,True,,False,-0.011282944892180291,318637947324.48,322274148785.39996
2026-03-20,CRM,2026-03-20,2026-03-19,False,tradability_policy,False,0.0020001025693625607,183071060000.0,182705630000.0
2026-03-20,CSCO,2026-03-20,2026-03-19,True,,False,-0.01095401859635714,306802492816.95,310200434141.13
2026-03-20,CVX,2026-03-20,2026-03-19,True,,False,0.0014396346306591035,406187711762.81,405603790499.68
2026-03-20,DIS,2026-03-20,2026-03-19,False,tradability_policy,False,0.0031250000000000444,177654093065.46002,177100653523.2
2026-03-20,GS,2026-03-20,2026-03-19,True,,False,0.004978381717109404,244000841553.83,242792129654.5
2026-03-20,HD,2026-03-20,2026-03-19,True,,False,-0.022729350111209246,319310308813.75,326736824491.85
2026-03-20,HON,2026-03-20,2026-03-19,False,tradability_policy,False,-0.03287778893594728,73742798412.16571,76249720633.58154
2026-03-20,IBM,2026-03-20,2026-03-19,True,,False,-0.03434916323840709,225990930754.62,234029653526.22
2026-03-20,JNJ,2026-03-20,2026-03-19,True,,False,-0.009385521885521886,567075788157.74,572448516235.2
2026-03-20,JPM,2026-03-20,2026-03-19,True,,False,-0.004896343369101053,780091483255.2,783929873091.15
2026-03-20,KO,2026-03-20,2026-03-19,True,,False,-0.010589013898080757,321545261163.75,324986548239.75
2026-03-20,MCD,2026-03-20,2026-03-19,True,,False,-0.002358033464693987,219948870997.50003,220468743673.0
2026-03-20,MMM,2026-03-20,2026-03-19,False,tradability_policy,False,-0.010580898325275201,75008976777.59999,75811126600.08
2026-03-20,MRK,2026-03-20,2026-03-19,True,,False,-0.00017513134851132595,283397333160.48004,283446973611.2
2026-03-20,MSFT,2026-03-20,2026-03-19,True,,False,-0.018379517762582842,2838202055114.85,2891343555348.1
2026-03-20,NKE,2026-03-20,2026-03-19,False,tradability_policy,False,-0.020022455089820368,77527678762.73999,79111689002.87999
2026-03-20,PG,2026-03-20,2026-03-19,True,,False,-0.003866335266500931,337143916449.72003,338452487237.16003
2026-03-20,TRV,2026-03-20,2026-03-19,False,tradability_policy,False,-0.0008085163724563804,66160609482.200005,66214144702.27999
2026-03-20,UNH,2026-03-20,2026-03-19,True,,False,-0.017294251889887424,249640065285.8,254033382592.8
2026-03-20,V,2026-03-20,2026-03-19,True,,False,0.006372827066164044,557716177041.3386,554184455344.6708
2026-03-20,WMT,2026-03-20,2026-03-19,True,,False,-0.015050788669584647,948609272055.28,965107517670.76
2026-03-23,AAPL,2026-03-23,2026-03-20,True,,False,0.014113472317432096,3716105015970.0,3664387780470.0
2026-03-23,AMGN,2026-03-23,2026-03-20,False,tradability_policy,False,0.005664174813110989,188344384295.66998,187283577373.80002
2026-03-23,AXP,2026-03-23,2026-03-20,True,,False,0.02169204737732655,207971202557.23,203555663461.5
2026-03-23,BA,2026-03-23,2026-03-20,False,tradability_policy,False,0.016861418614185997,150810541805.88,148309827716.16
2026-03-23,CAT,2026-03-23,2026-03-20,True,,False,0.03057807543179414,328381282513.2,318637947324.48
2026-03-23,CRM,2026-03-23,2026-03-20,False,tradability_policy,False,-0.0010236462278635505,182883660000.0,183071060000.0
2026-03-23,CSCO,2026-03-23,2026-03-20,True,,False,0.015067611075337828,311425273455.66,306802492816.95
2026-03-23,CVX,2026-03-23,2026-03-20,True,,False,0.017250780746542516,413194766920.37,406187711762.81
2026-03-23,DIS,2026-03-23,2026-03-20,False,tradability_policy,False,-0.01567681640036178,174869042465.7,177654093065.46002
2026-03-23,GS,2026-03-23,2026-03-20,True,,False,0.021806202598551927,249321573338.97,244000841553.83
2026-03-23,HD,2026-03-23,2026-03-20,True,,False,0.031644583008573646,329414750386.5,319310308813.75
2026-03-23,HON,2026-03-23,2026-03-20,False,tradability_policy,False,0.00681715575620756,74245514554.84006,73742798412.16571
2026-03-23,IBM,2026-03-23,2026-03-20,True,,False,0.027588203664639988,232225614578.63998,225990930754.62
2026-03-23,JNJ,2026-03-23,2026-03-20,True,,False,0.000212431490844045,567196252912.84,567075788157.74
2026-03-23,JPM,2026-03-23,2026-03-20,True,,False,0.01169039642657732,789211061943.4501,780091483255.2
2026-03-23,KO,2026-03-23,2026-03-20,True,,False,0.004816053511705665,323093840347.95,321545261163.75
2026-03-23,MCD,2026-03-23,2026-03-20,True,,False,-0.0012303707301278832,219678252344.50003,219948870997.50003
2026-03-23,MMM,2026-03-23,2026-03-20,False,tradability_policy,False,0.0379603399433428,77856343034.88,75008976777.59999
2026-03-23,MRK,2026-03-23,2026-03-20,True,,False,0.013137151865475483,287120366964.48004,283397333160.48004
2026-03-23,MSFT,2026-03-23,2026-03-20,True,,False,0.0029591222143661167,2846600641865.0,2838202055114.85
2026-03-23,NKE,2026-03-23,2026-03-20,False,tradability_policy,False,0.006492266564827265,78031009119.42,77527678762.73999
2026-03-23,PG,2026-03-23,2026-03-20,True,,False,-0.0020099805932907167,336466263720.51,337143916449.72003
2026-03-23,TRV,2026-03-23,2026-03-20,False,tradability_policy,False,-0.0036412677006070204,65919700991.84,66160609482.200005
2026-03-23,UNH,2026-03-23,2026-03-20,True,,False,-0.0219529010486591,244159741634.80002,249640065285.8
2026-03-23,V,2026-03-23,2026-03-20,True,,False,0.009349512631788404,562930551483.5393,557716177041.3386
2026-03-23,WMT,2026-03-23,2026-03-20,True,,False,0.014283313728784996,962158555894.08,948609272055.28
2026-03-24,AAPL,2026-03-24,2026-03-23,True,,False,0.0005964451866873333,3718321468920.0,3716105015970.0
2026-03-24,AMGN,2026-03-24,2026-03-23,False,tradability_policy,False,-0.003831089001343657,187622820196.53,188344384295.66998
2026-03-24,AXP,2026-03-24,2026-03-23,True,,False,0.00029810208340230737,208033199206.0,207971202557.23
2026-03-24,BA,2026-03-24,2026-03-23,False,tradability_policy,False,-0.01002973640441518,149297951824.56,150810541805.88
2026-03-24,CAT,2026-03-24,2026-03-23,True,,False,0.02127689895966922,335368217881.48,328381282513.2
2026-03-24,CRM,2026-03-24,2026-03-23,False,tradability_policy,False,-0.06230146531406899,171489740000.0,182883660000.0
2026-03-24,CSCO,2026-03-24,2026-03-23,True,,False,0.02588175589951791,319485506364.18,311425273455.66
2026-03-24,CVX,2026-03-24,2026-03-23,True,,False,0.0076994298523462845,416376131043.63,413194766920.37
2026-03-24,DIS,2026-03-24,2026-03-23,False,tradability_policy,False,-0.015926493108728956,172083991865.94,174869042465.7
2026-03-24,GS,2026-03-24,2026-03-23,True,,False,0.005353254658534645,250656255212.92,249321573338.97
2026-03-24,HD,2026-03-24,2026-03-23,True,,False,3.0220610456543895e-05,329424705501.35004,329414750386.5
2026-03-24,HON,2026-03-24,2026-03-23,False,tradability_policy,False,-0.006457109546657125,73766103134.01154,74245514554.84006
2026-03-24,IBM,2026-03-24,2026-03-23,True,,False,-0.03159716631782317,224887943211.54,232225614578.63998
2026-03-24,JNJ,2026-03-24,2026-03-23,True,,False,-0.0006371591198707227,566834858647.54,567196252912.84
2026-03-24,JPM,2026-03-24,2026-03-23,True,,False,0.00858887240867845,795989495057.9999,789211061943.4501
2026-03-24,KO,2026-03-24,2026-03-23,True,,False,-0.005858074823592019,321201132456.15,323093840347.95
2026-03-24,MCD,2026-03-24,2026-03-23,True,,False,-0.0020423379907286154,219229595103.99997,219678252344.50003
2026-03-24,MMM,2026-03-24,2026-03-23,False,tradability_policy,False,0.0007505458515282282,77914777790.15999,77856343034.88
2026-03-24,MRK,2026-03-24,2026-03-23,True,,False,0.00596473029045641,288832962514.32,287120366964.48004
2026-03-24,MSFT,2026-03-24,2026-03-23,True,,False,-0.026788511749347266,2770344447124.7,2846600641865.0
2026-03-24,NKE,2026-03-24,2026-03-23,False,tradability_policy,False,0.014797951052931246,79185708172.98,78031009119.42
2026-03-24,PG,2026-03-24,2026-03-23,True,,False,-0.005764289186749205,334526774874.83997,336466263720.51
2026-03-24,TRV,2026-03-24,2026-03-23,False,tradability_policy,False,-0.008493502977801826,65359811815.17,65919700991.84
2026-03-24,UNH,2026-03-24,2026-03-23,True,,False,0.010165467092082547,246641739453.59998,244159741634.80002
2026-03-24,V,2026-03-24,2026-03-23,True,,False,-0.0022336092497701188,561673184596.7675,562930551483.5393
2026-03-24,WMT,2026-03-24,2026-03-23,True,,False,0.01101722995361154,972758877956.2,962158555894.08
2026-03-25,AAPL,2026-03-25,2026-03-24,True,,False,0.003894452392306569,3732802294860.0,3718321468920.0
2026-03-25,AMGN,2026-03-25,2026-03-24,False,tradability_policy,False,0.015785093132049566,190584463887.03,187622820196.53
2026-03-25,AXP,2026-03-25,2026-03-24,True,,False,-0.005827814569536405,206820820296.72,208033199206.0
2026-03-25,BA,2026-03-25,2026-03-24,False,tradability_policy,False,0.016240708685470118,151722656367.48,149297951824.56
2026-03-25,CAT,2026-03-25,2026-03-24,True,,False,0.0033629627562339337,336496048707.83997,335368217881.48
2026-03-25,CRM,2026-03-25,2026-03-24,False,tradability_policy,False,-0.005791716752267528,170496520000.0,171489740000.0
2026-03-25,CSCO,2026-03-25,2026-03-24,True,,False,0.011996042542666396,323318068090.29,319485506364.18
2026-03-25,CVX,2026-03-25,2026-03-24,True,,False,-0.007930751003433323,413073955624.55,416376131043.63
2026-03-25,DIS,2026-03-25,2026-03-24,False,tradability_policy,False,-0.004564788878514303,171298464773.7,172083991865.94
2026-03-25,GS,2026-03-25,2026-03-24,True,,False,0.007323026851098424,252491817700.24002,250656255212.92
2026-03-25,HD,2026-03-25,2026-03-24,True,,False,0.004835151551781269,331017523877.35,329424705501.35004
2026-03-25,HON,2026-03-25,2026-03-24,False,tradability_policy,False,0.019045899715665504,75171044936.71736,73766103134.01154
2026-03-25,IBM,2026-03-25,2026-03-24,True,,False,0.0033251589841638562,225635731376.34,224887943211.54
2026-03-25,JNJ,2026-03-25,2026-03-24,True,,False,0.019807030220597488,578062173822.86,566834858647.54
2026-03-25,JPM,2026-03-25,2026-03-24,True,,False,0.010328317373461182,804210727188.9,795989495057.9999
2026-03-25,KO,2026-03-25,2026-03-24,True,,False,0.007767510379000919,323696065586.25,321201132456.15
2026-03-25,MCD,2026-03-25,2026-03-24,True,,False,0.012538981288981343,221978510895.0,219229595103.99997
2026-03-25,MMM,2026-03-25,2026-03-24,False,tradability_policy,False,0.00940887707097593,78647868356.40001,77914777790.15999
2026-03-25,MRK,2026-03-25,2026-03-24,True,,False,0.025779840164990908,296279030122.32,288832962514.32
2026-03-25,MSFT,2026-03-25,2026-03-24,True,,False,-0.004560819874443234,2757709405111.2,2770344447124.7
2026-03-25,NKE,2026-03-25,2026-03-24,False,tradability_policy,False,-0.009534492428491359,78430712637.95999,79185708172.98
2026-03-25,PG,2026-03-25,2026-03-24,True,,False,0.005308745459625452,336302692372.07996,334526774874.83997
2026-03-25,TRV,2026-03-25,2026-03-24,False,tradability_policy,False,-0.008259103784853838,64819998346.02999,65359811815.17
2026-03-25,UNH,2026-03-25,2026-03-24,True,,False,-0.006353753489055203,245074638641.0,246641739453.59998
2026-03-25,V,2026-03-25,2026-03-24,True,,False,0.0037858835923099132,563799613890.5729,561673184596.7675
2026-03-25,WMT,2026-03-25,2026-03-24,True,,False,0.008275297009422422,980808746589.84,972758877956.2
2026-03-26,AAPL,2026-03-26,2026-03-25,True,,False,0.0010687989866200454,3736791910170.0,3732802294860.0
2026-03-26,AMGN,2026-03-26,2026-03-25,False,tradability_policy,False,-0.0021755714406802573,190169833770.36002,190584463887.03
2026-03-26,AXP,2026-03-26,2026-03-25,True,,False,-0.0028310684785505247,206235296391.66998,206820820296.72
2026-03-26,BA,2026-03-26,2026-03-25,False,tradability_policy,False,-0.026301287510645754,147732155160.48,151722656367.48
2026-03-26,CAT,2026-03-26,2026-03-25,True,,False,-0.022043279928793846,329078572111.24005,336496048707.83997
2026-03-26,CRM,2026-03-26,2026-03-25,False,tradability_policy,False,0.02022422510441846,173944680000.0,170496520000.0
2026-03-26,CSCO,2026-03-26,2026-03-25,True,,False,0.004032750824880749,324621929296.07996,323318068090.29
2026-03-26,CVX,2026-03-26,2026-03-25,True,,False,0.012868632707774719,418389652640.63,413073955624.55
2026-03-26,DIS,2026-03-26,2026-03-25,False,tradability_policy,False,-0.012506513809275699,169156118158.5,171298464773.7
2026-03-26,GS,2026-03-26,2026-03-25,True,,False,-0.022807184263042957,246733190289.04,252491817700.24002
2026-03-26,HD,2026-03-26,2026-03-25,True,,False,-0.012270307659919988,326955837018.55,331017523877.35
2026-03-26,HON,2026-03-26,2026-03-25,False,tradability_policy,False,-0.0027459143451880053,74964631686.08286,75171044936.71736
2026-03-26,IBM,2026-03-26,2026-03-25,True,,False,0.0011599486308464524,225897457234.02,225635731376.34
2026-03-26,JNJ,2026-03-26,2026-03-25,True,,False,-0.002875838786312701,576399760202.48,578062173822.86
2026-03-26,JPM,2026-03-26,2026-03-25,True,,False,-0.012727642001218564,793975020959.7001,804210727188.9
2026-03-26,KO,2026-03-26,2026-03-25,True,,False,-0.007441860465116301,321287164633.05,323696065586.25
2026-03-26,MCD,2026-03-26,2026-03-25,True,,False,-0.00888675008020523,220005843345.5,221978510895.0
2026-03-26,MMM,2026-03-26,2026-03-25,False,tradability_policy,False,-0.027423167848699803,76491094661.52,78647868356.40001
2026-03-26,MRK,2026-03-26,2026-03-25,True,,False,-0.003686018262544999,295186940206.48004,296279030122.32
2026-03-26,MSFT,2026-03-26,2026-03-25,True,,False,-0.013664294954721878,2720027250400.35,2757709405111.2
2026-03-26,NKE,2026-03-26,2026-03-25,False,tradability_policy,False,-0.017176292940732307,77083563742.14,78430712637.95999
2026-03-26,PG,2026-03-26,2026-03-25,True,,False,-0.010422456920511358,332797592048.57996,336302692372.07996
2026-03-26,TRV,2026-03-26,2026-03-25,False,tradability_policy,False,0.0018582883099900194,64940452591.21,64819998346.02999
2026-03-26,UNH,2026-03-26,2026-03-25,True,,False,-0.009240436148586162,242810042091.0,245074638641.0
2026-03-26,V,2026-03-26,2026-03-25,True,,False,0.002033386901052703,564946036640.2764,563799613890.5729
2026-03-26,WMT,2026-03-26,2026-03-25,True,,False,-0.0071509832601982515,973794999661.52,980808746589.84
2026-03-27,AAPL,2026-03-27,2026-03-26,True,,False,-0.016173039661512845,3676356626400.0,3736791910170.0
2026-03-27,AMGN,2026-03-27,2026-03-26,False,tradability_policy,False,-0.012430626344999585,187805903624.66998,190169833770.36002
2026-03-27,AXP,2026-03-27,2026-03-26,True,,False,-0.023781689435184883,201330672622.31,206235296391.66998
2026-03-27,BA,2026-03-27,2026-03-26,False,tradability_policy,False,-0.019757151677299856,144813388563.36002,147732155160.48
2026-03-27,CAT,2026-03-27,2026-03-26,True,,False,-0.011078087003512649,325433011058.39996,329078572111.24005
2026-03-27,CRM,2026-03-27,2026-03-26,False,tradability_policy,False,-0.03409825468648986,168013470000.0,173944680000.0
2026-03-27,CSCO,2026-03-27,2026-03-26,True,,False,-0.027263875365141077,315771477474.96,324621929296.07996
2026-03-27,CVX,2026-03-27,2026-03-26,True,,False,0.016170171808075562,425155085206.55,418389652640.63
2026-03-27,DIS,2026-03-27,2026-03-26,False,tradability_policy,False,-0.024591029023746658,164996395147.32,169156118158.5
2026-03-27,GS,2026-03-27,2026-03-26,True,,False,-0.02400807157444329,240809602196.79,246733190289.04
2026-03-27,HD,2026-03-27,2026-03-26,True,,False,-0.020643668361599254,320206269150.25,326955837018.55
2026-03-27,HON,2026-03-27,2026-03-26,False,tradability_policy,False,-0.009104232357774023,74282136260.59781,74964631686.08286
2026-03-27,IBM,2026-03-27,2026-03-26,True,,False,-0.022054868208714273,220915318586.04,225897457234.02
2026-03-27,JNJ,2026-03-27,2026-03-26,True,,False,0.005057682661762097,579315007275.9,576399760202.48
2026-03-27,JPM,2026-03-27,2026-03-26,True,,False,-0.03024069121579942,769964667517.7999,793975020959.7001
2026-03-27,KO,2026-03-27,2026-03-26,True,,False,0.013656446646137299,325674805654.94995,321287164633.05
2026-03-27,MCD,2026-03-27,2026-03-26,True,,False,-0.00980804713041794,217848015664.99997,220005843345.5
2026-03-27,MMM,2026-03-27,2026-03-26,False,tradability_policy,False,-0.00659768039447195,75986430865.92,76491094661.52
2026-03-27,MRK,2026-03-27,2026-03-26,True,,False,0.005885815185403098,296924355981.68,295186940206.48004
2026-03-27,MSFT,2026-03-27,2026-03-26,True,,False,-0.025138672568789877,2651649375974.35,2720027250400.35
2026-03-27,NKE,2026-03-27,2026-03-26,False,tradability_policy,False,-0.013443441521029387,76047295360.73999,77083563742.14
2026-03-27,PG,2026-03-27,2026-03-26,True,,False,0.0020362308664514384,333475244777.79004,332797592048.57996
2026-03-27,TRV,2026-03-27,2026-03-26,False,tradability_policy,False,-0.02012846494693099,63633300967.59,64940452591.21
2026-03-27,UNH,2026-03-27,2026-03-26,True,,False,-0.03368774482372705,234630319352.4,242810042091.0
2026-03-27,V,2026-03-27,2026-03-26,True,,False,-0.03276274015644942,546436856439.4151,564946036640.2764
2026-03-27,WMT,2026-03-27,2026-03-26,True,,False,0.0058110983794401605,979453818205.96,973794999661.52
2026-03-30,AAPL,2026-03-30,2026-03-27,True,,False,-0.008721864951768521,3620809558200.0,3676356626400.0
2026-03-30,AMGN,2026-03-30,2026-03-27,False,tradability_policy,False,0.0006594603893683715,187929754179.0,187805903624.66998
2026-03-30,AXP,2026-03-30,2026-03-27,True,,False,0.017860197762343155,204926478250.97,201330672622.31
2026-03-30,BA,2026-03-30,2026-03-27,False,tradability_policy,False,-0.006875918538736148,143817663500.28,144813388563.36002
2026-03-30,CAT,2026-03-30,2026-03-27,True,,False,-0.040221455277538176,312343621758.27997,325433011058.39996
2026-03-30,CRM,2026-03-30,2026-03-27,False,tradability_policy,False,0.03190006134627188,173373110000.0,168013470000.0
2026-03-30,CSCO,2026-03-30,2026-03-27,True,,False,-0.036036036036036,304392325133.52,315771477474.96
2026-03-30,CVX,2026-03-30,2026-03-27,True,,False,-0.0020838266635093694,424269135703.87,425155085206.55
2026-03-30,DIS,2026-03-30,2026-03-27,False,tradability_policy,False,0.020558320709803013,167089752346.31998,164996395147.32
2026-03-30,GS,2026-03-30,2026-03-27,True,,False,0.005866307962485662,242222265483.6,240809602196.79
2026-03-30,HD,2026-03-30,2026-03-27,True,,False,0.005751593346805528,322047965397.5,320206269150.25
2026-03-30,HON,2026-03-30,2026-03-27,False,tradability_policy,False,0.0016134815346000586,74401989115.80493,74282136260.59781
2026-03-30,IBM,2026-03-30,2026-03-27,True,,False,0.0038503850385038785,221765927623.5,220915318586.04
2026-03-30,JNJ,2026-03-30,2026-03-27,True,,False,0.008484092326887183,584376392990.64,579315007275.9
2026-03-30,JPM,2026-03-30,2026-03-27,True,,False,0.003288078065337263,772496371452.1499,769964667517.7999
2026-03-30,KO,2026-03-30,2026-03-27,True,,False,0.007396645093118437,328083706608.14996,325674805654.94995
2026-03-30,MCD,2026-03-30,2026-03-27,True,,False,0.0085975809087937,219720981605.49997,217848015664.99997
2026-03-30,MMM,2026-03-30,2026-03-27,False,tradability_policy,False,-0.003635346756151958,75710193840.96,75986430865.92
2026-03-30,MRK,2026-03-30,2026-03-27,True,,False,-0.012789434088439355,293126861501.6,296924355981.68
2026-03-30,MSFT,2026-03-30,2026-03-27,True,,False,0.006138408498472359,2667926283038.8,2651649375974.35
2026-03-30,NKE,2026-03-30,2026-03-27,False,tradability_policy,False,-0.0025306599182400857,75854845518.48,76047295360.73999
2026-03-30,PG,2026-03-30,2026-03-27,True,,False,0.014084507042253502,338172079211.27997,333475244777.79004
2026-03-30,TRV,2026-03-30,2026-03-27,False,tradability_policy,False,0.022960703894556067,65094366348.939995,63633300967.59
2026-03-30,UNH,2026-03-30,2026-03-27,True,,False,0.010694154891514263,237139492329.80002,234630319352.4
2026-03-30,V,2026-03-30,2026-03-27,True,,False,0.013603140227395949,553870113622.9779,546436856439.4151
2026-03-30,WMT,2026-03-30,2026-03-27,True,,False,0.004963788754170473,984315620054.0,979453818205.96
2026-03-31,AAPL,2026-03-31,2026-03-30,True,,False,0.02903134249685757,3725926520600.0,3620809558200.0
2026-03-31,AMGN,2026-03-31,2026-03-30,False,tradability_policy,False,0.008166189111747935,189670961448.75,187929754179.0
2026-03-31,AXP,2026-03-31,2026-03-30,True,,False,0.016773673064640837,207687004232.40002,204926478250.97
2026-03-31,BA,2026-03-31,2026-03-30,False,tradability_policy,False,0.05190000528513283,156307632516.88,143817663500.28
2026-03-31,CAT,2026-03-31,2026-03-30,True,,False,0.06147461156975287,331898577788.58,312343621758.27997
2026-03-31,CRM,2026-03-31,2026-03-30,False,tradability_policy,False,0.00886342755228875,174909790000.0,173373110000.0
2026-03-31,CSCO,2026-03-31,2026-03-30,True,,False,0.00713914849428865,306565427143.17004,304392325133.52
2026-03-31,CVX,2026-03-31,2026-03-30,True,,False,-0.01808172369607519,412845268019.10004,424269135703.87
2026-03-31,DIS,2026-03-31,2026-03-30,False,tradability_policy,False,0.02184054283290937,170739083239.38,167089752346.31998
2026-03-31,GS,2026-03-31,2026-03-30,True,,False,0.04753590886577519,251050004482.78,242222265483.6
2026-03-31,HD,2026-03-31,2026-03-30,True,,False,0.016661514683153023,327413772301.64996,322047965397.5
2026-03-31,HON,2026-03-31,2026-03-30,False,tradability_policy,False,0.011410417039556142,75344404022.54851,74401989115.80493
2026-03-31,IBM,2026-03-31,2026-03-30,True,,False,0.02166491043203367,227370159185.56,221765927623.5
2026-03-31,JNJ,2026-03-31,2026-03-30,True,,False,0.008041568724483472,589075695915.84,584376392990.64
2026-03-31,JPM,2026-03-31,2026-03-30,True,,False,0.03661415935440693,793359043430.0001,772496371452.1499
2026-03-31,KO,2026-03-31,2026-03-30,True,,False,-0.0028844893142782047,327137352662.25,328083706608.14996
2026-03-31,MCD,2026-03-31,2026-03-30,True,,False,0.007325057530872314,220784793947.18002,219720981605.49997
2026-03-31,MMM,2026-03-31,2026-03-30,False,tradability_policy,False,0.019014875105248352,76492641000.0,75710193840.96
2026-03-31,MRK,2026-03-31,2026-03-30,True,,False,0.0185436071126166,297404034040.87,293126861501.6
2026-03-31,MSFT,2026-03-31,2026-03-30,True,,False,0.03122910630710951,2748745115062.92,2667926283038.8
2026-03-31,NKE,2026-03-31,2026-03-30,False,tradability_policy,False,0.030835284933645513,78193851293.64,75854845518.48
2026-03-31,PG,2026-03-31,2026-03-30,True,,False,-0.001934770591487056,335678658941.4,338172079211.27997
2026-03-31,TRV,2026-03-31,2026-03-30,False,tradability_policy,False,-0.0004797477897333646,63072271255.36,65094366348.939995
2026-03-31,UNH,2026-03-31,2026-03-30,True,,False,0.033614729363229845,245608005275.00998,237139492329.80002
2026-03-31,V,2026-03-31,2026-03-30,True,,False,0.009013821192495053,556846993549.5656,553870113622.9779
2026-03-31,WMT,2026-03-31,2026-03-30,True,,False,0.006315789473684275,990532350285.92,984315620054.0
2026-04-01,AAPL,2026-04-01,2026-03-31,True,,False,0.0072500886559754285,3752939818200.0,3725926520600.0
2026-04-01,AMGN,2026-04-01,2026-03-31,False,tradability_policy,False,0.004064231917009886,190441828224.0,189670961448.75
2026-04-01,AXP,2026-04-01,2026-03-31,True,,False,-0.0034051838138059454,206979791807.25,207687004232.40002
2026-04-01,BA,2026-04-01,2026-03-31,False,tradability_policy,False,0.04165201225945836,162818159942.72,156307632516.88
2026-04-01,CAT,2026-04-01,2026-03-31,True,,False,0.03085565875278773,342139527045.36005,331898577788.58
2026-04-01,CRM,2026-04-01,2026-03-31,False,tradability_policy,False,-0.0023035302941017965,174506880000.0,174909790000.0
2026-04-01,CSCO,2026-04-01,2026-03-31,True,,False,0.004382007990720416,307908799294.59,306565427143.17004
2026-04-01,CVX,2026-04-01,2026-03-31,True,,False,-0.04586756887385213,393909059253.99,412845268019.10004
2026-04-01,DIS,2026-04-01,2026-03-31,False,tradability_policy,False,0.0018676073874248633,171057956812.56,170739083239.38
2026-04-01,GS,2026-04-01,2026-03-31,True,,False,0.016808709322805315,255269831033.62003,251050004482.78
2026-04-01,HD,2026-04-01,2026-03-31,True,,False,0.002037155279880798,328080764996.6,327413772301.64996
2026-04-01,HON,2026-04-01,2026-03-31,False,tradability_policy,False,0.009600495509445528,76067747635.02884,75344404022.54851
2026-04-01,IBM,2026-04-01,2026-03-31,True,,False,0.0030941870539213934,228073684988.56,227370159185.56
2026-04-01,JNJ,2026-04-01,2026-03-31,True,,False,-0.0013091147111765622,588304528256.3201,589075695915.84
2026-04-01,JPM,2026-04-01,2026-03-31,True,,False,0.004147402774000497,796649422927.5,793359043430.0001
2026-04-01,KO,2026-04-01,2026-03-31,True,,False,0.00039447731755415383,327266400927.6,327137352662.25
2026-04-01,MCD,2026-04-01,2026-03-31,True,,False,-0.011261623604363113,218298398700.18002,220784793947.18002
2026-04-01,MMM,2026-04-01,2026-03-31,False,tradability_policy,False,0.00013771259381667456,76503175000.0,76492641000.0
2026-04-01,MRK,2026-04-01,2026-03-31,True,,False,0.004572283647851005,298763849642.52,297404034040.87
2026-04-01,MSFT,2026-04-01,2026-03-31,True,,False,-0.0021611691925331744,2742804611802.12,2748745115062.92
2026-04-01,NKE,2026-04-01,2026-03-31,False,tradability_policy,False,-0.15505490344566453,66069511231.26,78193851293.64
2026-04-01,PG,2026-04-01,2026-03-31,True,,False,-0.002423151481584007,334865258701.65,335678658941.4
2026-04-01,TRV,2026-04-01,2026-03-31,False,tradability_policy,False,-0.00394267690619865,62823597668.06,63072271255.36
2026-04-01,UNH,2026-04-01,2026-03-31,True,,False,0.012528179164049025,248685026369.22003,245608005275.00998
2026-04-01,V,2026-04-01,2026-03-31,True,,False,-0.012341185812599353,549974841332.983,556846993549.5656
2026-04-01,WMT,2026-04-01,2026-03-31,True,,False,0.003701319600901032,994198627089.36,990532350285.92
2026-04-02,AAPL,2026-04-02,2026-04-01,True,,False,0.0011344521378555683,3757197348800.0,3752939818200.0
2026-04-02,AMGN,2026-04-02,2026-04-01,False,tradability_policy,False,-0.0151154891304347,187563206839.5,190441828224.0
2026-04-02,AXP,2026-04-02,2026-04-01,True,,False,-0.0010615359097692068,206107792020.9,206979791807.25
2026-04-02,BA,2026-04-02,2026-04-01,False,tradability_policy,False,0.004341115184256283,163524972329.12,162818159942.72
2026-04-02,CAT,2026-04-02,2026-04-01,True,,False,-0.0179373425347793,336002453154.06,342139527045.36005
2026-04-02,CRM,2026-04-02,2026-04-01,False,tradability_policy,False,0.005047250859106622,175387660000.0,174506880000.0
2026-04-02,CSCO,2026-04-02,2026-04-01,True,,False,0.01937636340305393,312215492368.26,307908799294.59
2026-04-02,CVX,2026-04-02,2026-04-01,True,,False,0.007902335241375846,397021860694.83,393909059253.99
2026-04-02,DIS,2026-04-02,2026-04-01,False,tradability_policy,False,0.0005178127589062775,171146532805.11,171057956812.56
2026-04-02,GS,2026-04-02,2026-04-01,True,,False,0.003289894328128984,256109641802.87997,255269831033.62003
2026-04-02,HD,2026-04-02,2026-04-01,True,,False,-0.024062386211918918,320186358920.55,328080764996.6
2026-04-02,HON,2026-04-02,2026-04-01,False,tradability_policy,False,0.0054776511831726715,76484420222.86313,76067747635.02884
2026-04-02,IBM,2026-04-02,2026-04-01,True,,False,0.020646541087439463,232782617696.63998,228073684988.56
2026-04-02,JNJ,2026-04-02,2026-04-01,True,,False,-0.004424053744060297,585701837405.44,588304528256.3201
2026-04-02,JPM,2026-04-02,2026-04-01,True,,False,-0.0026406662604102626,794545737675.0001,796649422927.5
2026-04-02,KO,2026-04-02,2026-04-01,True,,False,0.008412197686645584,330019430588.4,327266400927.6
2026-04-02,MCD,2026-04-02,2026-04-01,True,,False,-0.0004881382407498913,218191838903.88,218298398700.18002
2026-04-02,MMM,2026-04-02,2026-04-01,False,tradability_policy,False,-0.005370051635111839,76092349000.0,76503175000.0
2026-04-02,MRK,2026-04-02,2026-04-01,True,,False,0.0002482621648460803,298838021402.61,298763849642.52
2026-04-02,MSFT,2026-04-02,2026-04-01,True,,False,0.011072907924303488,2773175434722.96,2742804611802.12
2026-04-02,NKE,2026-04-02,2026-04-01,False,tradability_policy,False,-0.00985883934573173,65418142534.38,66069511231.26
2026-04-02,PG,2026-04-02,2026-04-01,True,,False,-0.006731903671316486,332610978037.2,334865258701.65
2026-04-02,TRV,2026-04-02,2026-04-01,False,tradability_policy,False,0.011909269266513034,63571780808.98,62823597668.06
2026-04-02,UNH,2026-04-02,2026-04-01,True,,False,0.011971676764727324,251662203121.13998,248685026369.22003
2026-04-02,V,2026-04-02,2026-04-01,True,,False,0.00767143479280441,554193937465.952,549974841332.983
2026-04-02,WMT,2026-04-02,2026-04-01,True,,False,0.008417508417508435,1002567302401.56,994198627089.36
2026-04-06,AAPL,2026-04-06,2026-04-02,True,,False,0.01148796498905913,3800359900400.0,3757197348800.0
2026-04-06,AMGN,2026-04-06,2026-04-02,False,tradability_policy,False,-0.015433695464735275,184668413424.75,187563206839.5
2026-04-06,AXP,2026-04-06,2026-04-02,True,,False,0.018488906656006332,209918499748.65002,206107792020.9
2026-04-06,BA,2026-04-06,2026-04-02,False,tradability_policy,False,0.019594659494765132,166729188480.80002,163524972329.12
2026-04-06,CAT,2026-04-06,2026-04-02,True,,False,0.005604974763670834,337885738424.52,336002453154.06
2026-04-06,CRM,2026-04-06,2026-04-02,False,tradability_policy,False,-0.011486269900630397,173373110000.0,175387660000.0
2026-04-06,CSCO,2026-04-06,2026-04-02,True,,False,0.01790685902303224,317806291174.905,312215492368.26
2026-04-06,CVX,2026-04-06,2026-04-02,True,,False,-0.0005528471628888365,396802368285.54004,397021860694.83
2026-04-06,DIS,2026-04-06,2026-04-02,False,tradability_policy,False,-0.0034157954663077694,170561931254.28,171146532805.11
2026-04-06,GS,2026-04-06,2026-04-02,True,,False,0.0034876714868372627,257002868098.09998,256109641802.87997
2026-04-06,HD,2026-04-06,2026-04-02,True,,False,0.015607996766470622,325183826575.25,320186358920.55
2026-04-06,HON,2026-04-06,2026-04-02,False,tradability_policy,False,-0.0054042275005447005,76071081015.73152,76484420222.86313
2026-04-06,IBM,2026-04-06,2026-04-02,True,,False,-0.005722114764667885,231450608842.96002,232782617696.63998
2026-04-06,JNJ,2026-04-06,2026-04-02,True,,False,-0.008517116524028978,580713346607.92,585701837405.44
2026-04-06,JPM,2026-04-06,2026-04-02,True,,False,0.00797691785471799,796838215193.75,794545737675.0001
2026-04-06,KO,2026-04-06,2026-04-02,True,,False,0.00651720542231482,332101835388.18,330019430588.4
2026-04-06,MCD,2026-04-06,2026-04-02,True,,False,0.008530311909878296,220053083345.91998,218191838903.88
2026-04-06,MMM,2026-04-06,2026-04-02,False,tradability_policy,False,0.00020765556863011625,76108150000.0,76092349000.0
2026-04-06,MRK,2026-04-06,2026-04-02,True,,False,-0.00016546703069419966,298788573562.55,298838021402.61
2026-04-06,MSFT,2026-04-06,2026-04-02,True,,False,-0.0015530445027579498,2768868569858.88,2773175434722.96
2026-04-06,NKE,2026-04-06,2026-04-02,False,tradability_policy,False,-0.0036207286716450904,65181281190.060005,65418142534.38
2026-04-06,PG,2026-04-06,2026-04-02,True,,False,-0.002445500279485757,331797577797.45,332610978037.2
2026-04-06,TRV,2026-04-06,2026-04-02,False,tradability_policy,False,0.005306302935474072,63909111936.100006,63571780808.98
2026-04-06,UNH,2026-04-06,2026-04-02,True,,False,0.014787564019332011,255383674061.04,251662203121.13998
2026-04-06,V,2026-04-06,2026-04-02,True,,False,0.008410904255319096,558855209612.8563,554193937465.952
2026-04-06,WMT,2026-04-06,2026-04-02,True,,False,0.00794975753239524,1010537469365.56,1002567302401.56
2026-04-07,AAPL,2026-04-07,2026-04-06,True,,False,-0.020706173221046176,3721668990000.0,3800359900400.0
2026-04-07,AMGN,2026-04-07,2026-04-06,False,tradability_policy,False,-0.007502116355781241,183283009500.0,184668413424.75
2026-04-07,AXP,2026-04-07,2026-04-06,True,,False,0.004252117881790918,210811097955.15,209918499748.65002
2026-04-07,BA,2026-04-07,2026-04-06,False,tradability_policy,False,-0.010833725859632604,164922890160.0,166729188480.80002
2026-04-07,CAT,2026-04-07,2026-04-06,True,,False,0.004436803283234481,339384870978.12,337885738424.52
2026-04-07,CRM,2026-04-07,2026-04-06,False,tradability_policy,False,-0.011187375020266899,171433520000.0,173373110000.0
2026-04-07,CSCO,2026-04-07,2026-04-06,True,,False,0.003045937713682001,318774309342.84,317806291174.905
2026-04-07,CVX,2026-04-07,2026-04-06,True,,False,0.013476817861812318,402150001530.06,396802368285.54004
2026-04-07,DIS,2026-04-07,2026-04-06,False,tradability_policy,False,-0.005193186539260486,169676171328.78,170561931254.28
2026-04-07,GS,2026-04-07,2026-04-06,True,,False,-0.0021938687142774027,256439037546.3,257002868098.09998
2026-04-07,HD,2026-04-07,2026-04-06,True,,False,-0.02412367977958063,317339196073.45,325183826575.25
2026-04-07,HON,2026-04-07,2026-04-06,False,tradability_policy,False,-0.0191490294027431,74614393648.66283,76071081015.73152
2026-04-07,IBM,2026-04-07,2026-04-06,True,,False,-0.006768258085434131,229884091388.28,231450608842.96002
2026-04-07,JNJ,2026-04-07,2026-04-06,True,,False,-0.010623729094908052,574544005331.76,580713346607.92
2026-04-07,JPM,2026-04-07,2026-04-06,True,,False,0.006600101540023662,802097428324.9999,796838215193.75
2026-04-07,KO,2026-04-07,2026-04-06,True,,False,-0.01696451696451695,326467888167.79,332101835388.18
2026-04-07,MCD,2026-04-07,2026-04-06,True,,False,-0.015850981404958553,216565026013.7,220053083345.91998
2026-04-07,MMM,2026-04-07,2026-04-06,False,tradability_policy,False,-0.0010380622837370401,76029145000.0,76108150000.0
2026-04-07,MRK,2026-04-07,2026-04-06,True,,False,-0.012991311543235406,294906918117.84,298788573562.55
2026-04-07,MSFT,2026-04-07,2026-04-06,True,,False,-0.0015822784810125556,2764487448704.04,2768868569858.88
2026-04-07,NKE,2026-04-07,2026-04-06,False,tradability_policy,False,-0.03043379513967759,63197567431.38,65181281190.060005
2026-04-07,PG,2026-04-07,2026-04-06,True,,False,-0.010296280731246,328381296790.5,331797577797.45
2026-04-07,TRV,2026-04-07,2026-04-06,False,tradability_policy,False,-0.0016917611233293606,63800992985.100006,63909111936.100006
2026-04-07,UNH,2026-04-07,2026-04-06,True,,False,0.09372334375888536,279319085935.47003,255383674061.04
2026-04-07,V,2026-04-07,2026-04-06,True,,False,-0.002571456829195795,557418137567.5657,558855209612.8563
2026-04-07,WMT,2026-04-07,2026-04-06,True,,False,-0.033914346557299524,976265751420.36,1010537469365.56
2026-04-08,AAPL,2026-04-08,2026-04-07,True,,False,0.02130177514792897,3800947145999.9995,3721668990000.0
2026-04-08,AMGN,2026-04-08,2026-04-07,False,tradability_policy,False,0.028852941176470637,188571263391.75,183283009500.0
2026-04-08,AXP,2026-04-08,2026-04-07,True,,False,0.030322769761912616,217203474341.69998,210811097955.15
2026-04-08,BA,2026-04-08,2026-04-07,False,tradability_policy,False,0.037142857142857144,171048597508.80002,164922890160.0
2026-04-08,CAT,2026-04-08,2026-04-07,True,,False,0.06507095135552987,361468967408.34,339384870978.12
2026-04-08,CRM,2026-04-08,2026-04-07,False,tradability_policy,False,-0.03601880192391782,165258690000.0,171433520000.0
2026-04-08,CSCO,2026-04-08,2026-04-07,True,,False,0.0374318294496776,330706614923.10004,318774309342.84
2026-04-08,CVX,2026-04-08,2026-04-07,True,,False,-0.04291951969832297,384889916617.70996,402150001530.06
2026-04-08,DIS,2026-04-08,2026-04-07,False,tradability_policy,False,0.035498016287325074,175699338822.18002,169676171328.78
2026-04-08,GS,2026-04-08,2026-04-07,True,,False,0.048139790545622896,268783959101.5,256439037546.3
2026-04-08,HD,2026-04-08,2026-04-07,True,,False,0.05455343978417049,334651140797.60004,317339196073.45
2026-04-08,HON,2026-04-08,2026-04-07,False,tradability_policy,False,0.038554324517512395,77491101195.07079,74614393648.66283
2026-04-08,IBM,2026-04-08,2026-04-07,True,,False,-0.013587954461990348,226760436822.96002,229884091388.28
2026-04-08,JNJ,2026-04-08,2026-04-07,True,,False,0.012121974749381481,581508613256.8,574544005331.76
2026-04-08,JPM,2026-04-08,2026-04-07,True,,False,0.035541358439811876,830605060528.7501,802097428324.9999
2026-04-08,KO,2026-04-08,2026-04-07,True,,False,0.018179423000922235,332402886003.01,326467888167.79
2026-04-08,MCD,2026-04-08,2026-04-07,True,,False,0.007085451861571057,218099487080.41998,216565026013.7
2026-04-08,MMM,2026-04-08,2026-04-07,False,tradability_policy,False,0.03339106338759956,78567839000.0,76029145000.0
2026-04-08,MRK,2026-04-08,2026-04-07,True,,False,0.032696177062374376,304549246929.54004,294906918117.84
2026-04-08,MSFT,2026-04-08,2026-04-07,True,,False,0.005479599237153687,2779635732019.08,2764487448704.04
2026-04-08,NKE,2026-04-08,2026-04-07,False,tradability_policy,False,0.01030686343405951,63848936128.26,63197567431.38
2026-04-08,PG,2026-04-08,2026-04-07,True,,False,0.02547770700636942,336747699256.5,328381296790.5
2026-04-08,TRV,2026-04-08,2026-04-07,False,tradability_policy,False,0.022165734621250488,65215188864.17999,63800992985.100006
2026-04-08,UNH,2026-04-08,2026-04-07,True,,False,-0.005686803366587556,277730653217.22003,279319085935.47003
2026-04-08,V,2026-04-08,2026-04-07,True,,False,0.02118658073045765,569227921939.7623,557418137567.5657
2026-04-08,WMT,2026-04-08,2026-04-07,True,,False,0.03894195444526094,1014283447838.64,976265751420.36
2026-04-09,AAPL,2026-04-09,2026-04-08,True,,False,0.006141367323291069,3824290158600.0,3800947145999.9995
2026-04-09,AMGN,2026-04-09,2026-04-08,False,tradability_policy,False,0.016551842428747188,191692465230.0,188571263391.75
2026-04-09,AXP,2026-04-09,2026-04-08,True,,False,0.0045204526774988985,218185332368.84998,217203474341.69998
2026-04-09,BA,2026-04-09,2026-04-08,False,tradability_policy,False,0.01037649219467407,172823481945.76,171048597508.80002
2026-04-09,CAT,2026-04-09,2026-04-08,True,,False,0.02007568884626343,368725705925.61005,361468967408.34
2026-04-09,CRM,2026-04-09,2026-04-08,False,tradability_policy,False,-0.02880308442478896,160086450000.0,165258690000.0
2026-04-09,CSCO,2026-04-09,2026-04-08,True,,False,-0.006332138590203096,328612534804.71,330706614923.10004
2026-04-09,CVX,2026-04-09,2026-04-08,True,,False,-0.013116283892373737,379841591204.04004,384889916617.70996
2026-04-09,DIS,2026-04-09,2026-04-08,False,tradability_policy,False,0.006150433555152324,176779965931.29,175699338822.18002
2026-04-09,GS,2026-04-09,2026-04-08,True,,False,-0.002241236544300307,268181550669.84,268783959101.5
2026-04-09,HD,2026-04-09,2026-04-08,True,,False,0.010173726796763427,338055790076.3,334651140797.60004
2026-04-09,HON,2026-04-09,2026-04-08,False,tradability_policy,False,0.015442852841226928,78687784867.33089,77491101195.07079
2026-04-09,IBM,2026-04-09,2026-04-08,True,,False,-0.018863241499131322,222482999940.72,226760436822.96002
2026-04-09,JNJ,2026-04-09,2026-04-08,True,,False,4.14421881473892e-05,581532712246.16,581508613256.8
2026-04-09,JPM,2026-04-09,2026-04-08,True,,False,0.007663084066629633,836970056933.75,830605060528.7501
2026-04-09,KO,2026-04-09,2026-04-08,True,,False,0.011515073101306728,336230529534.42004,332402886003.01
2026-04-09,MCD,2026-04-09,2026-04-08,True,,False,0.008273346145076799,219903899631.1,218099487080.41998
2026-04-09,MMM,2026-04-09,2026-04-08,False,tradability_policy,False,0.008916001877053104,79268350000.0,78567839000.0
2026-04-09,MRK,2026-04-09,2026-04-08,True,,False,-0.004059100503328472,303313050928.04004,304549246929.54004
2026-04-09,MSFT,2026-04-09,2026-04-08,True,,False,-0.0033660139449148696,2770279439383.32,2779635732019.08
2026-04-09,NKE,2026-04-09,2026-04-08,False,tradability_policy,False,0.02017157431022487,65136869688.0,63848936128.26
2026-04-09,PG,2026-04-09,2026-04-08,True,,False,0.012146307798481581,340837940462.1,336747699256.5
2026-04-09,TRV,2026-04-09,2026-04-08,False,tradability_policy,False,0.005437846082430031,65569819023.46001,65215188864.17999
2026-04-09,UNH,2026-04-09,2026-04-08,True,,False,0.0030394143408065677,278574791747.49005,277730653217.22003
2026-04-09,V,2026-04-09,2026-04-08,True,,False,-0.0021685655100982526,567993513900.8589,569227921939.7623
2026-04-09,WMT,2026-04-09,2026-04-08,True,,False,0.014694326575514616,1029187660061.32,1014283447838.64
2026-04-10,AAPL,2026-04-10,2026-04-09,True,,False,-3.838918960419324e-05,3824143347200.0005,3824290158600.0
2026-04-10,AMGN,2026-04-10,2026-04-09,False,tradability_policy,False,-0.012879640044994534,189223535278.5,191692465230.0
2026-04-10,AXP,2026-04-10,2026-04-09,True,,False,-0.013437391824275391,215253490567.5,218185332368.84998
2026-04-10,BA,2026-04-10,2026-04-09,False,tradability_policy,False,-0.011042442970099042,170915088502.48,172823481945.76
2026-04-10,CAT,2026-04-10,2026-04-09,True,,False,0.004561220730049387,370407545259.18,368725705925.61005
2026-04-10,CRM,2026-04-10,2026-04-09,False,tradability_policy,False,-0.034474685396546634,154567520000.0,160086450000.0
2026-04-10,CSCO,2026-04-10,2026-04-09,True,,False,-0.0114223878802453,324858994969.86,328612534804.71
2026-04-10,CVX,2026-04-10,2026-04-09,True,,False,-0.009508300063038488,376229943378.45,379841591204.04004
2026-04-10,DIS,2026-04-10,2026-04-09,False,tradability_policy,False,-0.006213047399539096,175681623623.67,176779965931.29
2026-04-10,GS,2026-04-10,2026-04-09,True,,False,0.004514672686230181,269392302591.59998,268181550669.84
2026-04-10,HD,2026-04-10,2026-04-09,True,,False,-0.006596383768184277,335825844349.89996,338055790076.3
2026-04-10,HON,2026-04-10,2026-04-09,False,tradability_policy,False,-0.00432093535541811,78347780035.6581,78687784867.33089
2026-04-10,IBM,2026-04-10,2026-04-09,True,,False,-0.027068049582595566,216460819067.03998,222482999940.72
2026-04-10,JNJ,2026-04-10,2026-04-09,True,,False,-0.011810534167668085,574664500278.56,581532712246.16
2026-04-10,JPM,2026-04-10,2026-04-09,True,,False,-0.0014822930428897152,835729422041.25,836970056933.75
2026-04-10,KO,2026-04-10,2026-04-09,True,,False,-0.009081606548989596,333177016155.43,336230529534.42004
2026-04-10,MCD,2026-04-10,2026-04-09,True,,False,-0.012502019059925762,217154656886.56,219903899631.1
2026-04-10,MMM,2026-04-10,2026-04-09,False,tradability_policy,False,-0.0011960132890366237,79173544000.0,79268350000.0
2026-04-10,MRK,2026-04-10,2026-04-09,True,,False,-0.010270622758395853,300197837004.26,303313050928.04004
2026-04-10,MSFT,2026-04-10,2026-04-09,True,,False,-0.0058970166456696615,2753943055416.12,2770279439383.32
2026-04-10,NKE,2026-04-10,2026-04-09,False,tradability_policy,False,-0.03136363636363637,63093940593.24,65136869688.0
2026-04-10,PG,2026-04-10,2026-04-09,True,,False,-0.010227737624437516,337351939434.6,340837940462.1
2026-04-10,TRV,2026-04-10,2026-04-09,False,tradability_policy,False,-0.019688025591135583,64278878748.52,65569819023.46001
2026-04-10,UNH,2026-04-10,2026-04-09,True,,False,-0.008406373203870943,276232988082.87,278574791747.49005
2026-04-10,V,2026-04-10,2026-04-09,True,,False,-0.012747737519867686,560752881672.6633,567993513900.8589
2026-04-10,WMT,2026-04-10,2026-04-09,True,,False,-0.018276155811972394,1010378066026.28,1029187660061.32
2026-04-13,AAPL,2026-04-13,2026-04-10,True,,False,-0.004914004914005066,3805351488000.0,3824143347200.0005
2026-04-13,AMGN,2026-04-13,2026-04-10,False,tradability_policy,False,-0.003418608626289066,188576654068.5,189223535278.5
2026-04-13,AXP,2026-04-13,2026-04-10,True,,False,0.032918660287081236,222339347099.1,215253490567.5
2026-04-13,BA,2026-04-13,2026-04-10,False,tradability_policy,False,0.02072324587602803,174457003905.44,170915088502.48
2026-04-13,CAT,2026-04-13,2026-04-10,True,,False,0.0013532997748717523,370908817706.79,370407545259.18
2026-04-13,CRM,2026-04-13,2026-04-10,False,tradability_policy,False,0.04764791464597473,161932340000.0,154567520000.0
2026-04-13,CSCO,2026-04-13,2026-04-10,True,,False,0.0015811238141569817,325372637263.05,324858994969.86
2026-04-13,CVX,2026-04-13,2026-04-10,True,,False,0.017130734553168825,382675038669.42,376229943378.45
2026-04-13,DIS,2026-04-13,2026-04-10,False,tradability_policy,False,0.020268226278108425,179242378524.18002,175681623623.67
2026-04-13,GS,2026-04-13,2026-04-10,True,,False,-0.018737607402511514,264344535388.37997,269392302591.59998
2026-04-13,HD,2026-04-13,2026-04-10,True,,False,0.011323886879706091,339628698222.60004,335825844349.89996
2026-04-13,HON,2026-04-13,2026-04-10,False,tradability_policy,False,-0.005956432947583412,77881106737.28369,78347780035.6581
2026-04-13,IBM,2026-04-13,2026-04-10,True,,False,0.03059455711561787,223083341959.28,216460819067.03998
2026-04-13,JNJ,2026-04-13,2026-04-10,True,,False,-0.002096787721211135,573459550810.56,574664500278.56
2026-04-13,JPM,2026-04-13,2026-04-10,True,,False,0.012295478749152933,846005115390.0,835729422041.25
2026-04-13,KO,2026-04-13,2026-04-10,True,,False,-0.013682715890022012,328618249702.29,333177016155.43
2026-04-13,MCD,2026-04-13,2026-04-10,True,,False,-0.0038275320596703466,216323490475.41998,217154656886.56
2026-04-13,MMM,2026-04-13,2026-04-10,False,tradability_policy,False,0.016431612559872244,80474493000.0,79173544000.0
2026-04-13,MRK,2026-04-13,2026-04-10,True,,False,-0.010459561851424826,297057899160.45,300197837004.26
2026-04-13,MSFT,2026-04-13,2026-04-10,True,,False,0.03640089519238554,2854189047942.12,2753943055416.12
2026-04-13,NKE,2026-04-13,2026-04-10,False,tradability_policy,False,0.006804317221961398,63523251779.81999,63093940593.24
2026-04-13,PG,2026-04-13,2026-04-10,True,,False,-0.010884541195921638,333680018352.30005,337351939434.6
2026-04-13,TRV,2026-04-13,2026-04-10,False,tradability_policy,False,0.013624436520218053,65154642251.62,64278878748.52
2026-04-13,UNH,2026-04-13,2026-04-10,True,,False,0.02848881148753013,284102537607.0,276232988082.87
2026-04-13,V,2026-04-13,2026-04-10,True,,False,0.01652648179787075,570020153964.7302,560752881672.6633
2026-04-13,WMT,2026-04-13,2026-04-10,True,,False,-0.017354263627041067,992843698705.48,1010378066026.28
2026-04-14,AAPL,2026-04-14,2026-04-13,True,,False,-0.001427469135802495,3799919466200.0,3805351488000.0
2026-04-14,AMGN,2026-04-14,2026-04-13,False,tradability_policy,False,0.0032302326910982337,189185800541.25,188576654068.5
2026-04-14,AXP,2026-04-14,2026-04-13,True,,False,0.009696745105305382,224495315074.8,222339347099.1
2026-04-14,BA,2026-04-14,2026-04-13,False,tradability_policy,False,0.007337714954533281,175737119671.92,174457003905.44
2026-04-14,CAT,2026-04-14,2026-04-13,True,,False,0.0031829032624757225,372089384592.75,370908817706.79
2026-04-14,CRM,2026-04-14,2026-04-13,False,tradability_policy,False,-0.00873741465108202,160517470000.0,161932340000.0
2026-04-14,CSCO,2026-04-14,2026-04-13,True,,False,0.0031572556162720034,326399921849.43,325372637263.05
2026-04-14,CVX,2026-04-14,2026-04-13,True,,False,-0.024820106371884365,373177003503.78,382675038669.42
2026-04-14,DIS,2026-04-14,2026-04-13,False,tradability_policy,False,0.01393556038742827,181740221514.09,179242378524.18002
2026-04-14,GS,2026-04-14,2026-04-13,True,,False,0.021149765938099918,269935360438.86,264344535388.37997
2026-04-14,HD,2026-04-14,2026-04-13,True,,False,0.00454332278109959,341171741024.35,339628698222.60004
2026-04-14,HON,2026-04-14,2026-04-13,False,tradability_policy,False,-0.001712035610340612,77747771509.17673,77881106737.28369
2026-04-14,IBM,2026-04-14,2026-04-13,True,,False,0.010301909006811938,225381526249.08002,223083341959.28
2026-04-14,JNJ,2026-04-14,2026-04-13,True,,False,0.008993108085392443,578616734533.6,573459550810.56
2026-04-14,JPM,2026-04-14,2026-04-13,True,,False,-0.008161183371588887,839100712510.0,846005115390.0
2026-04-14,KO,2026-04-14,2026-04-13,True,,False,-0.0066745190420101075,326424880937.10004,328618249702.29
2026-04-14,MCD,2026-04-14,2026-04-13,True,,False,-0.00423631407835523,215407076227.24002,216323490475.41998
2026-04-14,MMM,2026-04-14,2026-04-13,False,tradability_policy,False,-0.00157078342823469,80348085000.0,80474493000.0
2026-04-14,MRK,2026-04-14,2026-04-13,True,,False,-0.0015813566375365573,296588144679.88,297057899160.45
2026-04-14,MSFT,2026-04-14,2026-04-13,True,,False,0.022738507167572974,2919089046066.36,2854189047942.12
2026-04-14,NKE,2026-04-14,2026-04-13,False,tradability_policy,False,0.030062922395712066,65432946368.4,63523251779.81999
2026-04-14,PG,2026-04-14,2026-04-13,True,,False,0.005571806658308809,335539218900.3,333680018352.30005
2026-04-14,TRV,2026-04-14,2026-04-13,False,tradability_policy,False,-0.005708406624406859,64782713060.17999,65154642251.62
2026-04-14,UNH,2026-04-14,2026-04-13,True,,False,0.0038019169329073232,285182671855.41,284102537607.0
2026-04-14,V,2026-04-14,2026-04-13,True,,False,0.0063996897120139895,573668106079.699,570020153964.7302
2026-04-14,WMT,2026-04-14,2026-04-13,True,,False,0.0038532551978807117,996669378848.2,992843698705.48
2026-04-15,AAPL,2026-04-15,2026-04-14,True,,False,0.029362902291079074,3911496130200.0,3799919466200.0
2026-04-15,AMGN,2026-04-15,2026-04-14,False,tradability_policy,False,-0.007778885881179587,187714145788.5,189185800541.25
2026-04-15,AXP,2026-04-15,2026-04-14,True,,False,0.006422804012723438,225937204485.3,224495315074.8
2026-04-15,BA,2026-04-15,2026-04-14,False,tradability_policy,False,0.0007150198864904755,175862775207.28,175737119671.92
2026-04-15,CAT,2026-04-15,2026-04-14,True,,False,-0.030317909977966684,360808412126.91,372089384592.75
2026-04-15,CRM,2026-04-15,2026-04-14,False,tradability_policy,False,0.036717062634989084,166411200000.0,160517470000.0
2026-04-15,CSCO,2026-04-15,2026-04-14,True,,False,-0.0030262680062946856,325412148208.68,326399921849.43
2026-04-15,CVX,2026-04-15,2026-04-14,True,,False,-0.011282215805796247,368966740016.49,373177003503.78
2026-04-15,DIS,2026-04-15,2026-04-14,False,tradability_policy,False,0.0043863924359099915,182537405447.04,181740221514.09
2026-04-15,GS,2026-04-15,2026-04-14,True,,False,-0.011147389597968349,266926285809.78,269935360438.86
2026-04-15,HD,2026-04-15,2026-04-14,True,,False,-0.011088091972804914,337388797381.35004,341171741024.35
2026-04-15,HON,2026-04-15,2026-04-14,False,tradability_policy,False,-0.004501800720288163,77397766535.3959,77747771509.17673
2026-04-15,IBM,2026-04-15,2026-04-14,True,,False,0.018853789486827255,229630822099.2,225381526249.08002
2026-04-15,JNJ,2026-04-15,2026-04-14,True,,False,-0.005955851728446482,575170579055.12,578616734533.6
2026-04-15,JPM,2026-04-15,2026-04-14,True,,False,-0.016681666238107518,825103114483.75,839100712510.0
2026-04-15,KO,2026-04-15,2026-04-14,True,,False,-0.007773386034255592,323887454326.39,326424880937.10004
2026-04-15,MCD,2026-04-15,2026-04-14,True,,False,0.010025723896840422,217566688098.91998,215407076227.24002
2026-04-15,MMM,2026-04-15,2026-04-14,False,tradability_policy,False,-0.008587348410357243,79658108000.0,80348085000.0
2026-04-15,MRK,2026-04-15,2026-04-14,True,,False,-0.017172390796932224,291495017153.7,296588144679.88
2026-04-15,MSFT,2026-04-15,2026-04-14,True,,False,0.04606853043677339,3053567188632.72,2919089046066.36
2026-04-15,NKE,2026-04-15,2026-04-14,False,tradability_policy,False,0.028054298642533837,67268621786.88,65432946368.4
2026-04-15,PG,2026-04-15,2026-04-14,True,,False,-0.006926167059149502,333215218215.3,335539218900.3
2026-04-15,TRV,2026-04-15,2026-04-14,False,tradability_policy,False,-0.0008678527320671314,64726491205.659996,64782713060.17999
2026-04-15,UNH,2026-04-15,2026-04-14,True,,False,-0.0004455902479391094,285055597237.95,285182671855.41
2026-04-15,V,2026-04-15,2026-04-14,True,,False,0.01458072389761389,582032602343.3141,573668106079.699
2026-04-15,WMT,2026-04-15,2026-04-14,True,,False,-0.002319072371051556,994358030428.64,996669378848.2
2026-04-16,AAPL,2026-04-16,2026-04-15,True,,False,-0.011372593176444235,3867012275999.9995,3911496130200.0
2026-04-16,AMGN,2026-04-16,2026-04-15,False,tradability_policy,False,0.003359944862443065,188344854968.25,187714145788.5
2026-04-16,AXP,2026-04-16,2026-04-15,True,,False,-0.010028566218926671,223671378268.8,225937204485.3
2026-04-16,BA,2026-04-16,2026-04-15,False,tradability_policy,False,-0.02255169026034931,171896772372.48,175862775207.28
2026-04-16,CAT,2026-04-16,2026-04-15,True,,False,0.0032330524429671215,361974924645.18,360808412126.91
2026-04-16,CRM,2026-04-16,2026-04-15,False,tradability_policy,False,0.020382882882882924,169803140000.0,166411200000.0
2026-04-16,CSCO,2026-04-16,2026-04-15,True,,False,0.025983487129674687,333867490573.5,325412148208.68
2026-04-16,CVX,2026-04-16,2026-04-15,True,,False,0.0175220377480938,375431789162.85004,368966740016.49
2026-04-16,DIS,2026-04-16,2026-04-15,False,tradability_policy,False,0.008346273291925499,184060912518.90002,182537405447.04
2026-04-16,GS,2026-04-16,2026-04-15,True,,False,0.0005669879598440009,267077629800.0,266926285809.78
2026-04-16,HD,2026-04-16,2026-04-15,True,,False,-0.005193119117169909,335636697167.75,337388797381.35004
2026-04-16,HON,2026-04-16,2026-04-15,False,tradability_policy,False,-0.01210215771566392,76461086557.94441,77397766535.3959
2026-04-16,IBM,2026-04-16,2026-04-15,True,,False,0.025326797385620825,235446635404.0,229630822099.2
2026-04-16,JNJ,2026-04-16,2026-04-15,True,,False,-0.017304227594586608,565217696449.44,575170579055.12
2026-04-16,JPM,2026-04-16,2026-04-15,True,,False,0.013140260843983897,835945184631.25,825103114483.75
2026-04-16,KO,2026-04-16,2026-04-15,True,,False,-0.001726198380029187,323328360327.42004,323887454326.39
2026-04-16,MCD,2026-04-16,2026-04-15,True,,False,0.0022856396525827716,218063967148.31998,217566688098.91998
2026-04-16,MMM,2026-04-16,2026-04-15,False,tradability_policy,False,-0.004562285109759312,79294685000.0,79658108000.0
2026-04-16,MRK,2026-04-16,2026-04-15,True,,False,-0.020695504664970388,285462380666.38,291495017153.7
2026-04-16,MSFT,2026-04-16,2026-04-15,True,,False,0.021983366567773777,3120694875479.76,3053567188632.72
2026-04-16,NKE,2026-04-16,2026-04-15,False,tradability_policy,False,0.005721830985915499,67653521471.4,67268621786.88
2026-04-16,PG,2026-04-16,2026-04-15,True,,False,-0.0018831078253590539,332587738030.35004,333215218215.3
2026-04-16,TRV,2026-04-16,2026-04-15,False,tradability_policy,False,-0.0016369892760498272,64620534633.67999,64726491205.659996
2026-04-16,UNH,2026-04-16,2026-04-15,True,,False,0.007482884890940733,287188635459.6,285055597237.95
2026-04-16,V,2026-04-16,2026-04-15,True,,False,-0.0025640213984995386,580540258296.2815,582032602343.3141
2026-04-16,WMT,2026-04-16,2026-04-15,True,,False,0.00048092337287575226,994836240446.48,994358030428.64
2026-04-17,AAPL,2026-04-17,2026-04-16,True,,False,0.025930144267274358,3967284462200.0005,3867012275999.9995
2026-04-17,AMGN,2026-04-17,2026-04-16,False,tradability_policy,False,0.016915195054237442,191530744927.5,188344854968.25
2026-04-17,AXP,2026-04-17,2026-04-16,True,,False,0.018203585461689542,227742999318.45,223671378268.8
2026-04-17,BA,2026-04-17,2026-04-16,False,tradability_policy,False,0.020559210526315708,175430834304.48,171896772372.48
2026-04-17,CAT,2026-04-17,2026-04-16,True,,False,0.028460124763802996,372276776161.95,361974924645.18
2026-04-17,CRM,2026-04-17,2026-04-16,False,tradability_policy,False,0.005076702350733875,170665180000.0,169803140000.0
2026-04-17,CSCO,2026-04-17,2026-04-16,True,,False,0.020710059171597628,340781906058.75,333867490573.5
2026-04-17,CVX,2026-04-17,2026-04-16,True,,False,-0.022110018602179093,367130985320.61005,375431789162.85004
2026-04-17,DIS,2026-04-17,2026-04-16,False,tradability_policy,False,0.023002887391722737,188294844962.79,184060912518.90002
2026-04-17,GS,2026-04-17,2026-04-16,True,,False,0.02883333333333349,274778368125.90002,267077629800.0
2026-04-17,HD,2026-04-17,2026-04-16,True,,False,0.036333975975085364,347831712859.0,335636697167.75
2026-04-17,HON,2026-04-17,2026-04-16,False,tradability_policy,False,0.018179440230185806,77851106310.95963,76461086557.94441
2026-04-17,IBM,2026-04-17,2026-04-16,True,,False,0.009840637450199141,237763580381.88,235446635404.0
2026-04-17,JNJ,2026-04-17,2026-04-16,True,,False,-0.0015349194167305624,564350132832.48,565217696449.44
2026-04-17,JPM,2026-04-17,2026-04-16,True,,False,0.0010969511211487148,836862175638.75,835945184631.25
2026-04-17,KO,2026-04-17,2026-04-16,True,,False,0.00744878957169437,325736765246.06,323328360327.42004
2026-04-17,MCD,2026-04-17,2026-04-16,True,,False,0.014334115194162278,221189721173.12,218063967148.31998
2026-04-17,MMM,2026-04-17,2026-04-16,False,tradability_policy,False,0.026569246097641885,81401485000.0,79294685000.0
2026-04-17,MRK,2026-04-17,2026-04-16,True,,False,0.03126623939026496,294387715797.20996,285462380666.38
2026-04-17,MSFT,2026-04-17,2026-04-16,True,,False,0.0060200828058820655,3139481717042.04,3120694875479.76
2026-04-17,NKE,2026-04-17,2026-04-16,False,tradability_policy,False,0.007221006564551491,68142047994.060005,67653521471.4
2026-04-17,PG,2026-04-17,2026-04-16,True,,False,0.026692753825728444,341465420647.05,332587738030.35004
2026-04-17,TRV,2026-04-17,2026-04-16,False,tradability_policy,False,0.006592156337839716,65046523300.62,64620534633.67999
2026-04-17,UNH,2026-04-17,2026-04-16,True,,False,0.026011378002528396,294658807614.57,287188635459.6
2026-04-17,V,2026-04-17,2026-04-16,True,,False,0.00609330371310679,584077666407.7662,580540258296.2815
2026-04-17,WMT,2026-04-17,2026-04-16,True,,False,0.021470918122095783,1016196287910.0,994836240446.48
2026-04-20,AAPL,2026-04-20,2026-04-17,True,,False,0.010435554897679777,4008685277000.0,3967284462200.0005
2026-04-20,AMGN,2026-04-20,2026-04-17,False,tradability_policy,False,-0.014466647903180418,188759937078.0,191530744927.5
2026-04-20,AXP,2026-04-20,2026-04-17,True,,False,-0.005487051162229806,226493361829.35,227742999318.45
2026-04-20,BA,2026-04-20,2026-04-17,False,tradability_policy,False,0.007610350076103556,176765924367.68002,175430834304.48
2026-04-20,CAT,2026-04-20,2026-04-17,True,,False,0.006619266343673269,374033572123.2,372276776161.95
2026-04-20,CRM,2026-04-20,2026-04-17,False,tradability_policy,False,0.02267486548808617,174534990000.0,170665180000.0
2026-04-20,CSCO,2026-04-20,2026-04-17,True,,False,0.016927536231883922,346550504120.73,340781906058.75
2026-04-20,CVX,2026-04-20,2026-04-17,True,,False,-0.004021957715093283,365654400021.75,367130985320.61005
2026-04-20,DIS,2026-04-20,2026-04-17,False,tradability_policy,False,9.408222786699838e-05,188312560161.3,188294844962.79
2026-04-20,GS,2026-04-20,2026-04-17,True,,False,0.017052756628327614,279464096764.28,274778368125.90002
2026-04-20,HD,2026-04-20,2026-04-17,True,,False,0.004550658271322394,349414576120.15,347831712859.0
2026-04-20,HON,2026-04-20,2026-04-17,False,tradability_policy,False,-0.01631342324983942,76581088263.24069,77851106310.95963
2026-04-20,IBM,2026-04-20,2026-04-17,True,,False,0.0009468576162858788,237988708638.84,237763580381.88
2026-04-20,JNJ,2026-04-20,2026-04-17,True,,False,-0.014903066017593392,555939585545.84,564350132832.48
2026-04-20,JPM,2026-04-20,2026-04-17,True,,False,0.02159270359985821,854932292551.25,836862175638.75
2026-04-20,KO,2026-04-20,2026-04-17,True,,False,-0.003432796408766703,324618577248.12,325736765246.06
2026-04-20,MCD,2026-04-20,2026-04-17,True,,False,-0.014195786228160423,218049759175.48,221189721173.12
2026-04-20,MMM,2026-04-20,2026-04-17,False,tradability_policy,False,-0.020381753477838882,79742380000.0,81401485000.0
2026-04-20,MRK,2026-04-20,2026-04-17,True,,False,-0.01654488956076261,289517103551.3,294387715797.20996
2026-04-20,MSFT,2026-04-20,2026-04-17,True,,False,-0.01116393481397393,3104432747803.32,3139481717042.04
2026-04-20,NKE,2026-04-20,2026-04-17,False,tradability_policy,False,0.00977623289159224,68808220524.95999,68142047994.060005
2026-04-20,PG,2026-04-20,2026-04-17,True,,False,-0.01660654733546585,335794858975.65,341465420647.05
2026-04-20,TRV,2026-04-20,2026-04-17,False,tradability_policy,False,-9.973072703706176e-05,65040036163.56,65046523300.62
2026-04-20,UNH,2026-04-20,2026-04-17,True,,False,-0.003542494532236651,293614980399.72003,294658807614.57
2026-04-20,V,2026-04-20,2026-04-17,True,,False,-0.009715475364330262,578403074228.926,584077666407.7662
2026-04-20,WMT,2026-04-20,2026-04-17,True,,False,0.0032941176470588918,1019543758034.88,1016196287910.0
2026-04-21,AAPL,2026-04-21,2026-04-20,True,,False,-0.025196850393700787,3907679033800.0,4008685277000.0
2026-04-21,AMGN,2026-04-21,2026-04-20,False,tradability_policy,False,-0.015135937856979753,185902878400.5,188759937078.0
2026-04-21,AXP,2026-04-21,2026-04-20,True,,False,-0.00024251978051959,226438432708.95,226493361829.35
2026-04-21,BA,2026-04-21,2026-04-20,False,tradability_policy,False,-0.026301759374444678,172116669559.36,176765924367.68002
2026-04-21,CAT,2026-04-21,2026-04-20,True,,False,0.0025676352705412686,374993953915.35004,374033572123.2
2026-04-21,CRM,2026-04-21,2026-04-20,False,tradability_policy,False,0.004509582863585049,175322070000.0,174534990000.0
2026-04-21,CSCO,2026-04-21,2026-04-20,True,,False,0.022688404970927056,354413182301.10004,346550504120.73
2026-04-21,CVX,2026-04-21,2026-04-20,True,,False,0.014897680763983567,371101802543.22,365654400021.75
2026-04-21,DIS,2026-04-21,2026-04-20,False,tradability_policy,False,-0.018908748824082666,184751805260.79,188312560161.3
2026-04-21,GS,2026-04-21,2026-04-20,True,,False,-0.016129717331747728,274956419879.1,279464096764.28
2026-04-21,HD,2026-04-21,2026-04-20,True,,False,-0.020143024017778233,342376309921.2,349414576120.15
2026-04-21,HON,2026-04-21,2026-04-20,False,tradability_policy,False,-0.03273265430486638,74074385974.82957,76581088263.24069
2026-04-21,IBM,2026-04-21,2026-04-20,True,,False,0.0077647708013086625,239836636414.72,237988708638.84
2026-04-21,JNJ,2026-04-21,2026-04-20,True,,False,-0.01963674194806886,545022743365.76,555939585545.84
2026-04-21,JPM,2026-04-21,2026-04-20,True,,False,-0.012587147859553949,844171133375.0,854932292551.25
2026-04-21,KO,2026-04-21,2026-04-20,True,,False,-0.010333863275039712,321264013254.3,324618577248.12
2026-04-21,MCD,2026-04-21,2026-04-20,True,,False,-0.01661562520362292,214426726101.27997,218049759175.48
2026-04-21,MMM,2026-04-21,2026-04-20,False,tradability_policy,False,-0.01935270805812417,78199149000.0,79742380000.0
2026-04-21,MRK,2026-04-21,2026-04-20,True,,False,-0.03877028181041842,278292443857.68,289517103551.3
2026-04-21,MSFT,2026-04-21,2026-04-20,True,,False,0.014566938550960362,3149654828876.16,3104432747803.32
2026-04-21,NKE,2026-04-21,2026-04-20,False,tradability_policy,False,-0.0019363166953527688,68674986018.78,68808220524.95999
2026-04-21,PG,2026-04-21,2026-04-20,True,,False,-0.015018340369575833,330751777489.2,335794858975.65
2026-04-21,TRV,2026-04-21,2026-04-20,False,tradability_policy,False,0.0021278010506018408,65178428420.840004,65040036163.56
2026-04-21,UNH,2026-04-21,2026-04-20,True,,False,0.0696488190923703,314064917052.39,293614980399.72003
2026-04-21,V,2026-04-21,2026-04-20,True,,False,-0.012741288144231366,571033473996.666,578403074228.926
2026-04-21,WMT,2026-04-21,2026-04-20,True,,False,0.013133208255159401,1032933638534.3999,1019543758034.88
2026-04-22,AAPL,2026-04-22,2026-04-21,True,,False,0.026298981853702497,4010447013800.0,3907679033800.0
2026-04-22,AMGN,2026-04-22,2026-04-21,False,tradability_policy,False,0.0030737110711593907,186474290136.0,185902878400.5
2026-04-22,AXP,2026-04-22,2026-04-21,True,,False,0.009430243488280254,228573802264.49997,226438432708.95
2026-04-22,BA,2026-04-22,2026-04-21,False,tradability_policy,False,0.05530206242014968,181635076362.88,172116669559.36
2026-04-22,CAT,2026-04-22,2026-04-21,True,,False,0.01051908301580351,378938546447.01,374993953915.35004
2026-04-22,CRM,2026-04-22,2026-04-21,False,tradability_policy,False,0.014376569932125438,177842600000.0,175322070000.0
2026-04-22,CSCO,2026-04-22,2026-04-21,True,,False,0.0011148272017835748,354808291757.39996,354413182301.10004
2026-04-22,CVX,2026-04-22,2026-04-21,True,,False,0.001828153564899404,371780233626.48,371101802543.22
2026-04-22,DIS,2026-04-22,2026-04-21,False,tradability_policy,False,0.005081982932208184,185690710781.81998,184751805260.79
2026-04-22,GS,2026-04-22,2026-04-21,True,,False,0.008947169607684602,277416501602.48,274956419879.1
2026-04-22,HD,2026-04-22,2026-04-21,True,,False,-0.01285182600604795,337976149157.5,342376309921.2
2026-04-22,HON,2026-04-22,2026-04-21,False,tradability_policy,False,-0.010125101251012514,73324375316.72784,74074385974.82957
2026-04-22,IBM,2026-04-22,2026-04-21,True,,False,-0.014940550688360421,236253344991.44,239836636414.72
2026-04-22,JNJ,2026-04-22,2026-04-21,True,,False,-0.0002652989034311881,544878149429.6,545022743365.76
2026-04-22,JPM,2026-04-22,2026-04-21,True,,False,6.389776357829113e-05,844225074022.5,844171133375.0
2026-04-22,KO,2026-04-22,2026-04-21,True,,False,-0.0009370816599733045,320962962639.47,321264013254.3
2026-04-22,MCD,2026-04-22,2026-04-21,True,,False,-0.005864033925258361,213169320504.94,214426726101.27997
2026-04-22,MMM,2026-04-22,2026-04-21,False,tradability_policy,False,-0.018118138344446644,76782326000.0,78199149000.0
2026-04-22,MRK,2026-04-22,2026-04-21,True,,False,0.0029317697228143924,279108333218.67,278292443857.68
2026-04-22,MSFT,2026-04-22,2026-04-21,True,,False,0.020652583930592217,3214703339581.92,3149654828876.16
2026-04-22,NKE,2026-04-22,2026-04-21,False,tradability_policy,False,-0.015305022634188425,67623913803.36,68674986018.78
2026-04-22,PG,2026-04-22,2026-04-21,True,,False,0.00372400224845415,331983497852.25,330751777489.2
2026-04-22,TRV,2026-04-22,2026-04-21,False,tradability_policy,False,0.0008625837701545791,65234650275.36,65178428420.840004
2026-04-22,UNH,2026-04-22,2026-04-21,True,,False,0.021704575012282845,320881562603.27997,314064917052.39
2026-04-22,V,2026-04-22,2026-04-21,True,,False,0.004355681744854012,573520714075.0538,571033473996.666
2026-04-22,WMT,2026-04-22,2026-04-21,True,,False,0.0029320987654319897,1035962301980.72,1032933638534.3999
2026-04-23,AAPL,2026-04-23,2026-04-22,True,,False,0.0009517882637184449,4014264110200.0,4010447013800.0
2026-04-23,AMGN,2026-04-23,2026-04-22,False,tradability_policy,False,0.007805272895467175,187929772858.5,186474290136.0
2026-04-23,AXP,2026-04-23,2026-04-22,True,,False,-0.04310603784920386,218720891292.75,228573802264.49997
2026-04-23,BA,2026-04-23,2026-04-22,False,tradability_policy,False,0.012409200968523049,183889022528.4,181635076362.88
2026-04-23,CAT,2026-04-23,2026-04-22,True,,False,0.03260103601320363,391292335646.52,378938546447.01
2026-04-23,CRM,2026-04-23,2026-04-22,False,tradability_policy,False,-0.08693361433087465,162382100000.0,177842600000.0
2026-04-23,CSCO,2026-04-23,2026-04-22,True,,False,-0.013474387527839582,350027467336.17004,354808291757.39996
2026-04-23,CVX,2026-04-23,2026-04-22,True,,False,0.006869901245169618,374334327116.39996,371780233626.48
2026-04-23,DIS,2026-04-23,2026-04-22,False,tradability_policy,False,-0.011161991986261999,183618032556.15002,185690710781.81998
2026-04-23,GS,2026-04-23,2026-04-22,True,,False,-0.0037867442557015796,276365996258.6,277416501602.48
2026-04-23,HD,2026-04-23,2026-04-22,True,,False,0.001944035346097328,338633186737.60004,337976149157.5
2026-04-23,HON,2026-04-23,2026-04-22,False,tradability_policy,False,-0.025594399236259502,71447681981.12218,73324375316.72784
2026-04-23,IBM,2026-04-23,2026-04-22,True,,False,-0.08250615421265783,216760990076.32,236253344991.44
2026-04-23,JNJ,2026-04-23,2026-04-22,True,,False,0.020123839009287936,555843189588.4,544878149429.6
2026-04-23,JPM,2026-04-23,2026-04-22,True,,False,-0.004248929780844679,840638020963.75,844225074022.5
2026-04-23,KO,2026-04-23,2026-04-22,True,,False,0.022109071419000426,328059155703.32,320962962639.47
2026-04-23,MCD,2026-04-23,2026-04-22,True,,False,0.008198087113006958,214916901164.25998,213169320504.94
2026-04-23,MMM,2026-04-23,2026-04-22,False,tradability_policy,False,-0.006448072437920116,76287228000.0,76782326000.0
2026-04-23,MRK,2026-04-23,2026-04-22,True,,False,0.015324652316414333,283385571383.86,279108333218.67
2026-04-23,MSFT,2026-04-23,2026-04-22,True,,False,-0.0396609073269889,3087205288347.0,3214703339581.92
2026-04-23,NKE,2026-04-23,2026-04-22,False,tradability_policy,False,-0.019702276707530664,66291568741.560005,67623913803.36
2026-04-23,PG,2026-04-23,2026-04-22,True,,False,0.020021001050052556,338630139811.35004,331983497852.25
2026-04-23,TRV,2026-04-23,2026-04-22,False,tradability_policy,False,0.018728453990983773,66456394421.659996,65234650275.36
2026-04-23,UNH,2026-04-23,2026-04-22,True,,False,0.0029418420457116845,321825545475.84,320881562603.27997
2026-04-23,V,2026-04-23,2026-04-22,True,,False,-0.007741976934691253,569080529935.1172,573520714075.0538
2026-04-23,WMT,2026-04-23,2026-04-22,True,,False,0.01577165717802753,1052301144256.92,1035962301980.72
2026-04-24,AAPL,2026-04-24,2026-04-23,True,,False,-0.008667666313133204,3979469808400.0,4014264110200.0
2026-04-24,AMGN,2026-04-24,2026-04-23,False,tradability_policy,False,-0.011674602719293214,185735767421.25,187929772858.5
2026-04-24,AXP,2026-04-24,2026-04-23,True,,False,-0.014032334013498793,215651726690.4,218720891292.75
2026-04-24,BA,2026-04-24,2026-04-23,False,tradability_policy,False,-0.00730301089045482,182546078994.24,183889022528.4
2026-04-24,CAT,2026-04-24,2026-04-23,True,,False,-0.0053278099707868565,389207604439.17,391292335646.52
2026-04-24,CRM,2026-04-24,2026-04-23,False,tradability_policy,False,0.028043854587420647,166935920000.0,162382100000.0
2026-04-24,CSCO,2026-04-24,2026-04-23,True,,False,0.004740941415509736,351686927052.63,350027467336.17004
2026-04-24,CVX,2026-04-24,2026-04-23,True,,False,-0.01273987206823024,369565355678.19,374334327116.39996
2026-04-24,DIS,2026-04-24,2026-04-23,False,tradability_policy,False,-0.01013024602026058,181757936712.59998,183618032556.15002
2026-04-24,GS,2026-04-24,2026-04-23,True,,False,-0.004713840867604402,275063250931.02,276365996258.6
2026-04-24,HD,2026-04-24,2026-04-23,True,,False,-0.012552916274694348,334382352696.64996,338633186737.60004
2026-04-24,HON,2026-04-24,2026-04-23,False,tradability_policy,False,-0.0054586171503220315,71057676438.90927,71447681981.12218
2026-04-24,IBM,2026-04-24,2026-04-23,True,,False,0.0038947550631813765,217605221039.91998,216760990076.32
2026-04-24,JNJ,2026-04-24,2026-04-23,True,,False,-0.01365705614567525,548252007940.0,555843189588.4
2026-04-24,JPM,2026-04-24,2026-04-23,True,,False,-0.010940357406397427,831441140564.9999,840638020963.75
2026-04-24,KO,2026-04-24,2026-04-23,True,,False,0.004588358678552673,329564408777.47,328059155703.32
2026-04-24,MCD,2026-04-24,2026-04-23,True,,False,-0.010478299672759595,212664937469.12,214916901164.25998
2026-04-24,MMM,2026-04-24,2026-04-23,False,tradability_policy,False,0.00793979563656455,76892933000.0,76287228000.0
2026-04-24,MRK,2026-04-24,2026-04-23,True,,False,-0.023730588030012156,276660665135.7,283385571383.86
2026-04-24,MSFT,2026-04-24,2026-04-23,True,,False,0.021334936861094445,3153070618251.12,3087205288347.0
2026-04-24,NKE,2026-04-24,2026-04-23,False,tradability_policy,False,-0.0020098258150961223,66158334235.38,66291568741.560005
2026-04-24,PG,2026-04-24,2026-04-23,True,,False,0.02442179671951128,344370421503.3,338630139811.35004
2026-04-24,TRV,2026-04-24,2026-04-23,False,tradability_policy,False,-0.014967624377704603,65461700072.46001,66456394421.659996
2026-04-24,UNH,2026-04-24,2026-04-23,True,,False,0.001015342960288823,322152308777.88,321825545475.84
2026-04-24,V,2026-04-24,2026-04-23,True,,False,0.0017482517482518833,570075425966.4723,569080529935.1172
2026-04-24,WMT,2026-04-24,2026-04-23,True,,False,-0.015981216390214437,1035484091962.8799,1052301144256.92
2026-04-27,AAPL,2026-04-27,2026-04-24,True,,False,-0.01272780934110529,3928819875400.0,3979469808400.0
2026-04-27,AMGN,2026-04-27,2026-04-24,False,tradability_policy,False,-0.012683209984037158,183380041681.5,185735767421.25
2026-04-27,AXP,2026-04-27,2026-04-24,True,,False,0.015155374426897517,218920009354.19998,215651726690.4
2026-04-27,BA,2026-04-27,2026-04-24,False,tradability_policy,False,-0.004775425916365483,181674343717.68002,182546078994.24
2026-04-27,CAT,2026-04-27,2026-04-24,True,,False,-0.002407347223726819,388270646593.17,389207604439.17
2026-04-27,CRM,2026-04-27,2026-04-24,False,tradability_policy,False,0.01133812303547388,168828660000.0,166935920000.0
2026-04-27,CSCO,2026-04-27,2026-04-24,True,,False,-0.008426019548365304,348617559886.92004,351686927052.63
2026-04-27,CVX,2026-04-27,2026-04-24,True,,False,-0.002321688893688334,368707339896.42,369565355678.19
2026-04-27,DIS,2026-04-27,2026-04-24,False,tradability_policy,False,-0.002436647173489237,181315056749.84998,181757936712.59998
2026-04-27,GS,2026-04-27,2026-04-24,True,,False,0.01175950200127307,278297857780.82,275063250931.02
2026-04-27,HD,2026-04-27,2026-04-24,True,,False,-0.010688022864628222,330808466465.5,334382352696.64996
2026-04-27,HON,2026-04-27,2026-04-24,False,tradability_policy,False,-0.0052540226110614485,70684337800.20976,71057676438.90927
2026-04-27,IBM,2026-04-27,2026-04-24,True,,False,-0.016941115613414826,213918745832.2,217605221039.91998
2026-04-27,JNJ,2026-04-27,2026-04-24,True,,False,-0.009494505494505479,543046626238.24,548252007940.0
2026-04-27,JPM,2026-04-27,2026-04-24,True,,False,0.01086674451797065,840476199021.25,831441140564.9999
2026-04-27,KO,2026-04-27,2026-04-24,True,,False,-0.015529166122928317,324446548325.36,329564408777.47
2026-04-27,MCD,2026-04-27,2026-04-24,True,,False,-0.030565205772314363,206164789894.81998,212664937469.12
2026-04-27,MMM,2026-04-27,2026-04-24,False,tradability_policy,False,-0.0015069525309953091,76777059000.0,76892933000.0
2026-04-27,MRK,2026-04-27,2026-04-24,True,,False,-0.014924039320822202,272531770490.69,276660665135.7
2026-04-27,MSFT,2026-04-27,2026-04-24,True,,False,0.0004710093730864173,3154555744066.32,3153070618251.12
2026-04-27,NKE,2026-04-27,2026-04-24,False,tradability_policy,False,0.010069366748713504,66824506766.28,66158334235.38
2026-04-27,PG,2026-04-27,2026-04-24,True,,False,0.0014846807936292894,344881701654.0,344370421503.3
2026-04-27,TRV,2026-04-27,2026-04-24,False,tradability_policy,False,0.0033363062795230825,65680100353.48,65461700072.46001
2026-04-27,UNH,2026-04-27,2026-04-24,True,,False,-0.0006480333596303733,321943543334.91,322152308777.88
2026-04-27,V,2026-04-27,2026-04-24,True,,False,0.0007433262232563465,570499177979.8271,570075425966.4723
2026-04-27,WMT,2026-04-27,2026-04-24,True,,False,-0.017934113300492438,1016913602936.76,1035484091962.8799
2026-04-28,AAPL,2026-04-28,2026-04-27,True,,False,0.011584021523859178,3974331409399.9995,3928819875400.0
2026-04-28,AMGN,2026-04-28,2026-04-27,False,tradability_policy,False,-0.0017931683226527495,183051210399.75,183380041681.5
2026-04-28,AXP,2026-04-28,2026-04-27,True,,False,-0.009220925856228801,216901364179.49997,218920009354.19998
2026-04-28,BA,2026-04-28,2026-04-27,False,tradability_policy,False,-0.0026369256041154365,181195281989.12,181674343717.68002
2026-04-28,CAT,2026-04-28,2026-04-27,True,,False,-0.013175834650514529,383154856754.01,388270646593.17
2026-04-28,CRM,2026-04-28,2026-04-27,False,tradability_policy,False,0.006327006327006224,169896840000.0,168828660000.0
2026-04-28,CSCO,2026-04-28,2026-04-27,True,,False,-0.015862225243598482,343087709628.12,348617559886.92004
2026-04-28,CVX,2026-04-28,2026-04-27,True,,False,0.019374391167875427,375850820126.04004,368707339896.42
2026-04-28,DIS,2026-04-28,2026-04-27,False,tradability_policy,False,-0.00859794821690274,179756119280.97,181315056749.84998
2026-04-28,GS,2026-04-28,2026-04-27,True,,False,-0.012006696452373067,274956419879.1,278297857780.82
2026-04-28,HD,2026-04-28,2026-04-27,True,,False,-0.00975022569966899,327583009254.1,330808466465.5
2026-04-28,HON,2026-04-28,2026-04-27,False,tradability_policy,False,0.004149964630983272,70977675302.04509,70684337800.20976
2026-04-28,IBM,2026-04-28,2026-04-27,True,,False,0.021881166410874675,218599537508.16,213918745832.2
2026-04-28,JNJ,2026-04-28,2026-04-27,True,,False,0.010872459394692502,548950878631.44,543046626238.24
2026-04-28,JPM,2026-04-28,2026-04-27,True,,False,-0.0005776080608413947,839990733193.75,840476199021.25
2026-04-28,KO,2026-04-28,2026-04-27,True,,False,0.038573700954400714,336961652456.14996,324446548325.36
2026-04-28,MCD,2026-04-28,2026-04-27,True,,False,0.007511801798697482,207713458934.38,206164789894.81998
2026-04-28,MMM,2026-04-28,2026-04-27,False,tradability_policy,False,0.0017836317486450426,76914001000.0,76777059000.0
2026-04-28,MRK,2026-04-28,2026-04-27,True,,False,-0.001814388097614139,272037292090.09,272531770490.69
2026-04-28,MSFT,2026-04-28,2026-04-27,True,,False,0.01042794595358032,3187451280873.0,3154555744066.32
2026-04-28,NKE,2026-04-28,2026-04-27,False,tradability_policy,False,-0.0024368630926008272,66661664592.060005,66824506766.28
2026-04-28,PG,2026-04-28,2026-04-27,True,,False,0.005188679245282879,346671182181.44995,344881701654.0
2026-04-28,TRV,2026-04-28,2026-04-27,False,tradability_policy,False,0.020675577796799738,67038074378.03999,65680100353.48
2026-04-28,UNH,2026-04-28,2026-04-27,True,,False,0.03405790972398437,332908267470.02997,321943543334.91
2026-04-28,V,2026-04-28,2026-04-27,True,,False,-0.0011303084127238794,569854337959.5045,570499177979.8271
2026-04-28,WMT,2026-04-28,2026-04-27,True,,False,0.0,1016913602936.76,1016913602936.76
2026-04-29,AAPL,2026-04-29,2026-04-28,True,,False,-0.001994754534372478,3966403593800.0,3974331409399.9995
2026-04-29,AMGN,2026-04-29,2026-04-28,False,tradability_policy,False,-0.004564596401331111,182215655503.5,183051210399.75
2026-04-29,AXP,2026-04-29,2026-04-28,True,,False,-0.0007913896802785869,216729710678.24997,216901364179.49997
2026-04-29,BA,2026-04-29,2026-04-28,False,tradability_policy,False,-0.02864944521497914,176004137684.56,181195281989.12
2026-04-29,CAT,2026-04-29,2026-04-28,True,,False,-0.009561421741841714,379491351576.14996,383154856754.01
2026-04-29,CRM,2026-04-29,2026-04-28,False,tradability_policy,False,-0.0005515111405249851,169803140000.0,169896840000.0
2026-04-29,CSCO,2026-04-29,2026-04-28,True,,False,0.03119963159106609,353791919771.94,343087709628.12
2026-04-29,CVX,2026-04-29,2026-04-28,True,,False,0.02049267360373741,383553008306.58,375850820126.04004
2026-04-29,DIS,2026-04-29,2026-04-28,False,tradability_policy,False,-0.0016753720311422082,179454960906.3,179756119280.97
2026-04-29,GS,2026-04-29,2026-04-28,True,,False,-0.022610760347525738,268739446163.2,274956419879.1
2026-04-29,HD,2026-04-29,2026-04-28,True,,False,-0.01899349662675498,321361062472.85,327583009254.1
2026-04-29,HON,2026-04-29,2026-04-28,False,tradability_policy,False,-0.012351477011224299,70100996177.24174,70977675302.04509
2026-04-29,IBM,2026-04-29,2026-04-28,True,,False,-0.02548918640576725,213027613148.4,218599537508.16
2026-04-29,JNJ,2026-04-29,2026-04-28,True,,False,-0.0019316036700469663,547890523099.6,548950878631.44
2026-04-29,JPM,2026-04-29,2026-04-28,True,,False,-0.007063734146733003,834057261968.75,839990733193.75
2026-04-29,KO,2026-04-29,2026-04-28,True,,False,0.006636885768985357,339198028452.03,336961652456.14996
2026-04-29,MCD,2026-04-29,2026-04-28,True,,False,-0.007900406990663189,206072438071.36,207713458934.38
2026-04-29,MMM,2026-04-29,2026-04-28,False,tradability_policy,False,-0.014791481202492629,75776329000.0,76914001000.0
2026-04-29,MRK,2026-04-29,2026-04-28,True,,False,0.008361355993819819,274311892732.85,272037292090.09
2026-04-29,MSFT,2026-04-29,2026-04-28,True,,False,-0.01115899825276645,3151882517598.96,3187451280873.0
2026-04-29,NKE,2026-04-29,2026-04-28,False,tradability_policy,False,-0.014212747057517183,65714219214.78,66661664592.060005
2026-04-29,PG,2026-04-29,2026-04-28,True,,False,-0.018167191794596582,340373140325.10004,346671182181.44995
2026-04-29,TRV,2026-04-29,2026-04-28,False,tradability_policy,False,-0.025062899167795583,65357905879.5,67038074378.03999
2026-04-29,UNH,2026-04-29,2026-04-28,True,,False,0.010824222264634642,336511740550.86,332908267470.02997
2026-04-29,V,2026-04-29,2026-04-28,True,,False,0.08263821532492721,616946083443.6459,569854337959.5045
2026-04-29,WMT,2026-04-29,2026-04-28,True,,False,0.003291794027745043,1020261073061.6399,1016913602936.76
2026-04-30,AAPL,2026-04-30,2026-04-29,True,,False,0.004367620387163651,3983727339000.0005,3966403593800.0
2026-04-30,AMGN,2026-04-30,2026-04-29,False,tradability_policy,False,0.02434767173540031,186652182468.75,182215655503.5
2026-04-30,AXP,2026-04-30,2026-04-29,True,,False,0.023443687628702747,221810654315.25,216729710678.24997
2026-04-30,BA,2026-04-30,2026-04-29,False,tradability_policy,False,0.021953504975235294,179868045396.88,176004137684.56
2026-04-30,CAT,2026-04-30,2026-04-29,True,,False,0.09883340534534923,416997774151.53,379491351576.14996
2026-04-30,CRM,2026-04-30,2026-04-29,False,tradability_policy,False,-0.02588014567928487,162937190000.0,169803140000.0
2026-04-30,CSCO,2026-04-30,2026-04-29,True,,False,0.02154739310036846,361415213343.0,353791919771.94
2026-04-30,CVX,2026-04-30,2026-04-29,True,,False,0.005670585787118876,385727978544.09,383553008306.58
2026-04-30,DIS,2026-04-30,2026-04-29,False,tradability_policy,False,0.024185587364264682,183795184541.25,179454960906.3
2026-04-30,GS,2026-04-30,2026-04-29,True,,False,0.020064045936395658,274131446755.94,268739446163.2
2026-04-30,HD,2026-04-30,2026-04-29,True,,False,0.01855580682135005,327324176268.0,321361062472.85
2026-04-30,HON,2026-04-30,2026-04-29,False,tradability_policy,False,0.01916310033285784,71444348600.41951,70100996177.24174
2026-04-30,IBM,2026-04-30,2026-04-29,True,,False,0.017084984588287,216667186635.91998,213027613148.4
2026-04-30,JNJ,2026-04-30,2026-04-29,True,,False,0.010996261271167818,553915270439.6,547890523099.6
2026-04-30,JPM,2026-04-30,2026-04-29,True,,False,0.012869846402586926,844791450821.25,834057261968.75
2026-04-30,KO,2026-04-30,2026-04-29,True,,False,-0.001394700139469962,338724948914.44,339198028452.03
2026-04-30,MCD,2026-04-30,2026-04-29,True,,False,0.012100110314396062,208565937304.77997,206072438071.36
2026-04-30,MMM,2026-04-30,2026-04-29,False,tradability_policy,False,0.018419406408563432,77172084000.0,75776329000.0
2026-04-30,MRK,2026-04-30,2026-04-29,True,,False,-0.015953132041460094,269935758887.54,274311892732.85
2026-04-30,MSFT,2026-04-30,2026-04-29,True,,False,-0.039296989115582215,3028023024611.28,3151882517598.96
2026-04-30,NKE,2026-04-30,2026-04-29,False,tradability_policy,False,-0.0006758278891642044,65669807712.72,65714219214.78
2026-04-30,PG,2026-04-30,2026-04-29,True,,False,0.0043015157722243735,341837260756.65,340373140325.10004
2026-04-30,TRV,2026-04-30,2026-04-29,False,tradability_policy,False,0.009561621174524415,65982833416.28,65357905879.5
2026-04-30,UNH,2026-04-30,2026-04-29,True,,False,-0.0007013001024976928,336275744832.72003,336511740550.86
2026-04-30,V,2026-04-30,2026-04-29,True,,False,-0.01499133966433741,607697235152.1595,616946083443.6459
2026-04-30,WMT,2026-04-30,2026-04-29,True,,False,0.030622607608780772,1051799061956.93,1020261073061.6399
2026-05-01,AAPL,2026-05-01,2026-04-30,True,,False,0.032393587617468134,4112774559600.0,3983727339000.0005
2026-05-01,AMGN,2026-05-01,2026-04-30,False,tradability_policy,False,-0.047451263537906185,177795300568.5,186652182468.75
2026-05-01,AXP,2026-05-01,2026-04-30,True,,False,-0.010431821699427357,219496765118.4,221810654315.25
2026-05-01,BA,2026-05-01,2026-04-30,False,tradability_policy,False,-0.007204296380386888,178572222688.48,179868045396.88
2026-05-01,CAT,2026-05-01,2026-04-30,True,,False,-0.0004943209266271564,416791643425.41,416997774151.53
2026-05-01,CRM,2026-05-01,2026-04-30,False,tradability_policy,False,0.04129609698068304,169665860000.0,162937190000.0
2026-05-01,CSCO,2026-05-01,2026-04-30,True,,False,0.0038251366120218844,362797675907.69995,361415213343.0
2026-05-01,CVX,2026-05-01,2026-04-30,True,,False,-0.013863742175779903,380380345299.57,385727978544.09
2026-05-01,DIS,2026-05-01,2026-04-30,False,tradability_policy,False,-0.0064578313253012,182608266241.08,183795184541.25
2026-05-01,GS,2026-05-01,2026-04-30,True,,False,-6.495123244953938e-05,274113641580.62003,274131446755.94
2026-05-01,HD,2026-05-01,2026-04-30,True,,False,-0.014963503649635057,322426259761.8,327324176268.0
2026-05-01,HON,2026-05-01,2026-04-30,False,tradability_policy,False,-0.008538235431344243,70834339931.8301,71444348600.41951
2026-05-01,IBM,2026-05-01,2026-04-30,True,,False,0.005281842583773511,217811588608.8,216667186635.91998
2026-05-01,JNJ,2026-05-01,2026-04-30,True,,False,-0.01157276484663905,547504939269.83997,553915270439.6
2026-05-01,JPM,2026-05-01,2026-04-30,True,,False,-0.0024263320882418338,842741706216.2501,844791450821.25
2026-05-01,KO,2026-05-01,2026-04-30,True,,False,-0.0022854240731337017,337950818762.02,338724948914.44
2026-05-01,MCD,2026-05-01,2026-04-30,True,,False,-0.023672468408324487,203628666742.88,208565937304.77997
2026-05-01,MMM,2026-05-01,2026-04-30,False,tradability_policy,False,-0.02743652743652747,75054750000.0,77172084000.0
2026-05-01,MRK,2026-05-01,2026-04-30,True,,False,0.02729437625938802,277303487056.48,269935758887.54
2026-05-01,MSFT,2026-05-01,2026-04-30,True,,False,0.016332336063563657,3077477714257.44,3028023024611.28
2026-05-01,NKE,2026-05-01,2026-04-30,False,tradability_policy,False,0.0009017132551847329,65729023048.799995,65669807712.72
2026-05-01,PG,2026-05-01,2026-04-30,True,,False,0.0011557549799441347,342232340873.1,341837260756.65
2026-05-01,TRV,2026-05-01,2026-04-30,False,tradability_policy,False,-0.00137641738218508,65892013497.44,65982833416.28
2026-05-01,UNH,2026-05-01,2026-04-30,True,,False,-0.004588641762038548,334732695906.42,336275744832.72003
2026-05-01,V,2026-05-01,2026-04-30,True,,False,-0.005487509095318921,604362491047.0619,607697235152.1595
2026-05-01,WMT,2026-05-01,2026-04-30,True,,False,-0.0025013264610020958,1049168169131.6,1051799061956.93
2026-05-04,AAPL,2026-05-04,2026-05-01,True,,False,-0.011815520811023106,4064179986200.0,4112774559600.0
2026-05-04,AMGN,2026-05-04,2026-05-01,False,tradability_policy,False,-0.01810078224486078,174577066548.75,177795300568.5
2026-05-04,AXP,2026-05-04,2026-05-01,True,,False,-0.001470220220220253,219174056536.05,219496765118.4
2026-05-04,BA,2026-05-04,2026-05-01,False,tradability_policy,False,-0.026739379013105746,173797312344.80002,178572222688.48
2026-05-04,CAT,2026-05-04,2026-05-01,True,,False,-0.016736542763046924,409815992261.94,416791643425.41
2026-05-04,CRM,2026-05-04,2026-05-01,False,tradability_policy,False,0.009030573387009078,171198040000.0,169665860000.0
2026-05-04,CSCO,2026-05-04,2026-05-01,True,,False,0.008492106695699553,365878592480.45996,362797675907.69995
2026-05-04,CVX,2026-05-04,2026-05-01,True,,False,0.008655510675129818,383672731438.92,380380345299.57
2026-05-04,DIS,2026-05-04,2026-05-01,False,tradability_policy,False,-0.017171129220023285,179472676104.81,182608266241.08
2026-05-04,GS,2026-05-04,2026-05-01,True,,False,-0.022128157105585133,268048011854.94,274113641580.62003
2026-05-04,HD,2026-05-04,2026-05-01,True,,False,-0.035383475361244865,311173902207.72003,322426259761.8
2026-05-04,HON,2026-05-04,2026-05-01,False,tradability_policy,False,-0.013694117647058857,69864326147.35185,70834339931.8301
2026-05-04,IBM,2026-05-04,2026-05-01,True,,False,-0.011714039621016359,215260135029.91998,217811588608.8
2026-05-04,JNJ,2026-05-04,2026-05-01,True,,False,-0.013160790527752098,540299341451.19995,547504939269.83997
2026-05-04,JPM,2026-05-04,2026-05-01,True,,False,-0.015425480846161355,829742010168.7499,842741706216.2501
2026-05-04,KO,2026-05-04,2026-05-01,True,,False,-0.004963094935097945,336273536765.11,337950818762.02
2026-05-04,MCD,2026-05-04,2026-05-01,True,,False,-0.008861289422271712,201824254192.2,203628666742.88
2026-05-04,MMM,2026-05-04,2026-05-01,False,tradability_policy,False,-0.006596491228070156,74559652000.0,75054750000.0
2026-05-04,MRK,2026-05-04,2026-05-01,True,,False,0.008470042796005828,279652259459.33,277303487056.48
2026-05-04,MSFT,2026-05-04,2026-05-01,True,,False,-0.001978573496766667,3071388698415.12,3077477714257.44
2026-05-04,NKE,2026-05-04,2026-05-01,False,tradability_policy,False,-0.02950450450450437,63789720792.18001,65729023048.799995
2026-05-04,PG,2026-05-04,2026-05-01,True,,False,-0.026076327583865244,333308178242.69995,342232340873.1
2026-05-04,TRV,2026-05-04,2026-05-01,False,tradability_policy,False,-0.010468626936203873,65202214590.06,65892013497.44
2026-05-04,UNH,2026-05-04,2026-05-01,True,,False,0.005341938282987124,336520817309.25,334732695906.42
2026-05-04,V,2026-05-04,2026-05-01,True,,False,-0.0035972319604912206,602188458978.5453,604362491047.0619
2026-05-04,WMT,2026-05-04,2026-05-01,True,,False,-0.009650455927051493,1039043217955.3301,1049168169131.6
2026-05-05,AAPL,2026-05-05,2026-05-04,True,,False,0.02655059061517906,4172086365200.0,4064179986200.0
2026-05-05,AMGN,2026-05-05,2026-05-04,False,tradability_policy,False,0.017724255056353,177671315003.25,174577066548.75
2026-05-05,AXP,2026-05-05,2026-05-04,True,,False,-0.01021271263431589,216935694879.75,219174056536.05
2026-05-05,BA,2026-05-05,2026-05-04,False,tradability_policy,False,0.013917758698599014,176216181400.48,173797312344.80002
2026-05-05,CAT,2026-05-05,2026-05-04,True,,False,0.03407713939504786,423781348956.57,409815992261.94
2026-05-05,CRM,2026-05-05,2026-05-04,False,tradability_policy,False,0.008141039465171529,172591770000.0,171198040000.0
2026-05-05,CSCO,2026-05-05,2026-05-04,True,,False,0.018028716398575062,372474913860.6,365878592480.45996
2026-05-05,CVX,2026-05-05,2026-05-04,True,,False,0.0018722696068234068,384391070232.95996,383672731438.92
2026-05-05,DIS,2026-05-05,2026-05-04,False,tradability_policy,False,-0.008192675945118966,178002314628.48,179472676104.81
2026-05-05,GS,2026-05-05,2026-05-04,True,,False,0.0172927253202253,272683292496.58,268048011854.94
2026-05-05,HD,2026-05-05,2026-05-04,True,,False,0.00960245822930661,314161936605.72003,311173902207.72003
2026-05-05,HON,2026-05-05,2026-05-04,False,tradability_policy,False,-0.002528746600505727,69687656970.11012,69864326147.35185
2026-05-05,IBM,2026-05-05,2026-05-04,True,,False,-0.0019609552030677158,214838019548.12,215260135029.91998
2026-05-05,JNJ,2026-05-05,2026-05-04,True,,False,0.006021409455843063,543552705014.80005,540299341451.19995
2026-05-05,JPM,2026-05-05,2026-05-04,True,,False,0.005688282138794021,834461816824.9999,829742010168.7499
2026-05-05,KO,2026-05-05,2026-05-04,True,,False,0.00370891418339947,337520746455.12,336273536765.11
2026-05-05,MCD,2026-05-05,2026-05-04,True,,False,0.0037662794790567222,202584380739.14,201824254192.2
2026-05-05,MMM,2026-05-05,2026-05-04,False,tradability_policy,False,0.008900819440519792,75223294000.0,74559652000.0
2026-05-05,MRK,2026-05-05,2026-05-04,True,,False,0.00035363805145438576,279751155139.45,279652259459.33
2026-05-05,MSFT,2026-05-05,2026-05-04,True,,False,-0.005415598858856008,3054755289284.88,3071388698415.12
2026-05-05,NKE,2026-05-05,2026-05-04,False,tradability_policy,False,-0.0006962172197726435,63745309290.12,63789720792.18001
2026-05-05,PG,2026-05-05,2026-05-04,True,,False,0.010319341793334491,336747699256.5,333308178242.69995
2026-05-05,TRV,2026-05-05,2026-05-04,False,tradability_policy,False,-0.0005969555268130478,65163291767.700005,65202214590.06
2026-05-05,UNH,2026-05-05,2026-05-04,True,,False,-0.018556979096426174,330276007536.93,336520817309.25
2026-05-05,V,2026-05-05,2026-05-04,True,,False,-0.014746825761052573,593308090698.6719,602188458978.5453
2026-05-05,WMT,2026-05-05,2026-05-04,True,,False,0.003529502033299936,1042710523105.7899,1039043217955.3301
2026-05-06,AAPL,2026-05-06,2026-05-05,True,,False,0.011717925258638795,4220974561400.0,4172086365200.0
2026-05-06,AMGN,2026-05-06,2026-05-05,False,tradability_policy,False,0.004611790406262362,178490697869.25,177671315003.25
2026-05-06,AXP,2026-05-06,2026-05-05,True,,False,0.018832093685709816,221021048209.49997,216935694879.75
2026-05-06,BA,2026-05-06,2026-05-05,False,tradability_policy,False,0.024734824850699777,180574857783.28,176216181400.48
2026-05-06,CAT,2026-05-06,2026-05-05,True,,False,0.02469627123890361,434247168096.38995,423781348956.57
2026-05-06,CRM,2026-05-06,2026-05-05,False,tradability_policy,False,-0.031017701481362736,167238370000.0,172591770000.0
2026-05-06,CSCO,2026-05-06,2026-05-05,True,,False,-0.02820784729586423,361968198368.88,372474913860.6
2026-05-06,CVX,2026-05-06,2026-05-05,True,,False,-0.03882890365448499,369465586401.24,384391070232.95996
2026-05-06,DIS,2026-05-06,2026-05-05,False,tradability_policy,False,0.0754378980891719,191430435099.06,178002314628.48
2026-05-06,GS,2026-05-06,2026-05-05,True,,False,0.020089455756401753,278161351436.7,272683292496.58
2026-05-06,HD,2026-05-06,2026-05-05,True,,False,0.02418996893031511,321761504091.3,314161936605.72003
2026-05-06,HON,2026-05-06,2026-05-05,False,tradability_policy,False,0.037309863197168225,72287693918.19612,69687656970.11012
2026-05-06,IBM,2026-05-06,2026-05-05,True,,False,-0.014364930358468309,211751886358.96002,214838019548.12
2026-05-06,JNJ,2026-05-06,2026-05-05,True,,False,-0.004123254267346499,541311499004.32,543552705014.80005
2026-05-06,JPM,2026-05-06,2026-05-05,True,,False,0.017776341305753007,849295494887.4999,834461816824.9999
2026-05-06,KO,2026-05-06,2026-05-05,True,,False,0.009556574923547334,340746288756.87,337520746455.12
2026-05-06,MCD,2026-05-06,2026-05-05,True,,False,-0.0037521478416382426,201824254192.2,202584380739.14
2026-05-06,MMM,2026-05-06,2026-05-05,False,tradability_policy,False,0.02604677216076179,77182618000.0,75223294000.0
2026-05-06,MRK,2026-05-06,2026-05-05,True,,False,0.003623508616880322,280764835860.68,279751155139.45
2026-05-06,MSFT,2026-05-06,2026-05-05,True,,False,0.006271573727453905,3073913412300.96,3054755289284.88
2026-05-06,NKE,2026-05-06,2026-05-05,False,tradability_policy,False,0.01904319554110545,64959223679.76,63745309290.12
2026-05-06,PG,2026-05-06,2026-05-05,True,,False,0.020703933747411973,343719701311.5,336747699256.5
2026-05-06,TRV,2026-05-06,2026-05-05,False,tradability_policy,False,0.0007964161274263137,65215188864.17999,65163291767.700005
2026-05-06,UNH,2026-05-06,2026-05-05,True,,False,0.009371478824854895,333371182147.92,330276007536.93
2026-05-06,V,2026-05-06,2026-05-05,True,,False,-0.010030121417259119,587357138511.122,593308090698.6719
2026-05-06,WMT,2026-05-06,2026-05-05,True,,False,-0.005428549583301301,1037050117330.0801,1042710523105.7899
2026-05-07,AAPL,2026-05-07,2026-05-06,True,,False,-0.0002434697923550111,4219946881600.0,4220974561400.0
2026-05-07,AMGN,2026-05-07,2026-05-06,False,tradability_policy,False,-0.0061006916130592614,177401781165.75,178490697869.25
2026-05-07,AXP,2026-05-07,2026-05-06,True,,False,-0.009972041006523713,218817017253.45,221021048209.49997
2026-05-07,BA,2026-05-07,2026-05-06,False,tradability_policy,False,0.004784064715348091,181438739588.88,180574857783.28
2026-05-07,CAT,2026-05-07,2026-05-06,True,,False,-0.033702652843256686,419611886541.87,434247168096.38995
2026-05-07,CRM,2026-05-07,2026-05-06,False,tradability_policy,False,0.028423202163474937,171991820000.0,167238370000.0
2026-05-07,CSCO,2026-05-07,2026-05-06,True,,False,0.005674378000873004,364022142750.72,361968198368.88
2026-05-07,CVX,2026-05-07,2026-05-06,True,,False,-0.014365953769712614,364157860867.5,369465586401.24
2026-05-07,DIS,2026-05-07,2026-05-06,False,tradability_policy,False,0.005552470849528035,192493347009.66,191430435099.06
2026-05-07,GS,2026-05-07,2026-05-06,True,,False,-0.012247292900197437,274754627892.14,278161351436.7
2026-05-07,HD,2026-05-07,2026-05-06,True,,False,-0.0012691533818295353,321353139390.24,321761504091.3
2026-05-07,HON,2026-05-07,2026-05-06,False,tradability_policy,False,-0.0036429032555567176,72024356842.68484,72287693918.19612
2026-05-07,IBM,2026-05-07,2026-05-06,True,,False,0.024674404181802112,216976737989.24,211751886358.96002
2026-05-07,JNJ,2026-05-07,2026-05-06,True,,False,-0.009393642596385088,536226612249.36,541311499004.32
2026-05-07,JPM,2026-05-07,2026-05-06,True,,False,-0.02740552556367104,826020105491.25,849295494887.4999
2026-05-07,KO,2026-05-07,2026-05-06,True,,False,-0.010097185409567055,337305710301.67004,340746288756.87
2026-05-07,MCD,2026-05-07,2026-05-06,True,,False,-0.0014079549454418805,201540094735.4,201824254192.2
2026-05-07,MMM,2026-05-07,2026-05-06,False,tradability_policy,False,-0.019039170192438837,75713125000.0,77182618000.0
2026-05-07,MRK,2026-05-07,2026-05-06,True,,False,-0.011095456146530513,277649621936.89996,280764835860.68
2026-05-07,MSFT,2026-05-07,2026-05-06,True,,False,0.016450864817856736,3124481946308.52,3073913412300.96
2026-05-07,NKE,2026-05-07,2026-05-06,False,tradability_policy,False,0.012078395624430138,65743826882.81999,64959223679.76
2026-05-07,PG,2026-05-07,2026-05-06,True,,False,-0.012440838404327303,339443540051.1,343719701311.5
2026-05-07,TRV,2026-05-07,2026-05-06,False,tradability_policy,False,-0.008786763486852922,64642158423.88,65215188864.17999
2026-05-07,UNH,2026-05-07,2026-05-06,True,,False,0.006697887170551198,335604064711.86,333371182147.92
2026-05-07,V,2026-05-07,2026-05-06,True,,False,0.007779171894604753,591926290655.123,587357138511.122
2026-05-07,WMT,2026-05-07,2026-05-06,True,,False,0.0009225092250919609,1038006805630.2,1037050117330.0801
2026-05-08,AAPL,2026-05-08,2026-05-07,True,,False,0.020456443083773923,4306271984800.0,4219946881600.0
2026-05-08,AMGN,2026-05-08,2026-05-07,False,tradability_policy,False,0.007930961135251824,178808747797.5,177401781165.75
2026-05-08,AXP,2026-05-08,2026-05-07,True,,False,-0.008346669176943156,216990624000.15,218817017253.45
2026-05-08,BA,2026-05-08,2026-05-07,False,tradability_policy,False,0.027399039085832966,186409986706.56,181438739588.88
2026-05-08,CAT,2026-05-08,2026-05-07,True,,False,0.001964965557279763,420436409446.35004,419611886541.87
2026-05-08,CRM,2026-05-08,2026-05-07,False,tradability_policy,False,-0.02425673500053671,167819860000.0,171991820000.0
2026-05-08,CSCO,2026-05-08,2026-05-07,True,,False,0.0478515625,381441171065.94,364022142750.72
2026-05-08,CVX,2026-05-08,2026-05-07,True,,False,-0.004821917808219167,362401921593.18,364157860867.5
2026-05-08,DIS,2026-05-08,2026-05-07,False,tradability_policy,False,-0.005889931897662404,191359574305.02,192493347009.66
2026-05-08,GS,2026-05-08,2026-05-07,True,,False,0.011459492153325979,277903176394.56,274754627892.14
2026-05-08,HD,2026-05-08,2026-05-07,True,,False,-0.01608604016860893,316183839881.7,321353139390.24
2026-05-08,HON,2026-05-08,2026-05-07,False,tradability_policy,False,-0.01365298282963845,71041009535.3959,72024356842.68484
2026-05-08,IBM,2026-05-08,2026-05-07,True,,False,0.0006052483679910292,215522784663.03998,216976737989.24
2026-05-08,JNJ,2026-05-08,2026-05-07,True,,False,-0.005348074243854195,533358832515.51996,536226612249.36
2026-05-08,JPM,2026-05-08,2026-05-07,True,,False,-0.013615437359192684,814773480487.5001,826020105491.25
2026-05-08,KO,2026-05-08,2026-05-07,True,,False,-0.00012750223128910054,337262703070.98,337305710301.67004
2026-05-08,MCD,2026-05-08,2026-05-07,True,,False,-0.028022559041240735,195892425531.5,201540094735.4
2026-05-08,MMM,2026-05-08,2026-05-07,False,tradability_policy,False,-0.0032000000000000917,75470843000.0,75713125000.0
2026-05-08,MRK,2026-05-08,2026-05-07,True,,False,-0.008192341941228864,275375021294.14,277649621936.89996
2026-05-08,MSFT,2026-05-08,2026-05-07,True,,False,-0.013427763386172908,3082527142029.12,3124481946308.52
2026-05-08,NKE,2026-05-08,2026-05-07,False,tradability_policy,False,-0.006079711776626806,65344123364.28,65743826882.81999
2026-05-08,PG,2026-05-08,2026-05-07,True,,False,0.0024647405175954873,340280180297.69995,339443540051.1
2026-05-08,TRV,2026-05-08,2026-05-07,False,tradability_policy,False,-0.003010637586137621,64447544312.08,64642158423.88
2026-05-08,UNH,2026-05-08,2026-05-07,True,,False,0.027695137123384006,344898665303.22003,335604064711.86
2026-05-08,V,2026-05-08,2026-05-07,True,,False,-0.007750249003983911,587338714510.5414,591926290655.123
2026-05-08,WMT,2026-05-08,2026-05-07,True,,False,0.0036674347158220932,1039840458205.43,1038006805630.2
2026-05-11,AAPL,2026-05-11,2026-05-08,True,,False,-0.0012614209736806492,4296876055200.0,4306271984800.0
2026-05-11,AMGN,2026-05-11,2026-05-08,False,tradability_policy,False,-0.006361169731685323,177671315003.25,178808747797.5
2026-05-11,AXP,2026-05-11,2026-05-08,True,,False,-0.011739391829889478,214443286041.6,216990624000.15
2026-05-11,BA,2026-05-11,2026-05-08,False,tradability_policy,False,0.0035810583080553293,187077531738.16,186409986706.56
2026-05-11,CAT,2026-05-11,2026-05-08,True,,False,0.03269262911582804,434181581047.17,420436409446.35004
2026-05-11,CRM,2026-05-11,2026-05-08,False,tradability_policy,False,-0.023814761852381405,163823270000.0,167819860000.0
2026-05-11,CSCO,2026-05-11,2026-05-08,True,,False,0.02226364295329808,389933441106.24,381441171065.94
2026-05-11,CVX,2026-05-11,2026-05-08,True,,False,0.01717872481004301,368627524474.86005,362401921593.18
2026-05-11,DIS,2026-05-11,2026-05-08,False,tradability_policy,False,-0.03054989816700604,185513558796.72,191359574305.02
2026-05-11,GS,2026-05-11,2026-05-08,True,,False,0.008948402528617727,280389965880.92,277903176394.56
2026-05-11,HD,2026-05-11,2026-05-08,True,,False,-0.019058119388880135,310157970512.39996,316183839881.7
2026-05-11,HON,2026-05-11,2026-05-08,False,tradability_policy,False,0.028106231231231238,73037704576.29785,71041009535.3959
2026-05-11,IBM,2026-05-11,2026-05-08,True,,False,-0.02702820334261835,209697591014.2,215522784663.03998
2026-05-11,JNJ,2026-05-11,2026-05-08,True,,False,0.0004970178926442248,533623921398.48004,533358832515.51996
2026-05-11,JPM,2026-05-11,2026-05-08,True,,False,-0.006951340615690249,809109712500.0,814773480487.5001
2026-05-11,KO,2026-05-11,2026-05-08,True,,False,0.003060443764345777,338294876607.54,337262703070.98
2026-05-11,MCD,2026-05-11,2026-05-08,True,,False,-0.004170444242973637,195075467093.2,195892425531.5
2026-05-11,MMM,2026-05-11,2026-05-08,False,tradability_policy,False,0.00034894270360807944,75497178000.0,75470843000.0
2026-05-11,MRK,2026-05-11,2026-05-08,True,,False,-0.0008978272580355551,275127782093.84,275375021294.14
2026-05-11,MSFT,2026-05-11,2026-05-08,True,,False,-0.005925997301984953,3064260094502.16,3082527142029.12
2026-05-11,NKE,2026-05-11,2026-05-08,False,tradability_policy,False,-0.03964657906660629,62753452410.78,65344123364.28
2026-05-11,PG,2026-05-11,2026-05-08,True,,False,-0.020898784319081876,333168738201.60004,340280180297.69995
2026-05-11,TRV,2026-05-11,2026-05-08,False,tradability_policy,False,-0.0030532814387331797,64250767821.26,64447544312.08
2026-05-11,UNH,2026-05-11,2026-05-08,True,,False,0.011737459866308697,348946899545.16,344898665303.22003
2026-05-11,V,2026-05-11,2026-05-08,True,,False,0.01590388657109698,596679682804.9309,587338714510.5414
2026-05-11,WMT,2026-05-11,2026-05-08,True,,False,-0.021774131718163003,1017198835102.5901,1039840458205.43
2026-05-12,AAPL,2026-05-12,2026-05-11,True,,False,0.007243405767391131,4328000072000.0,4296876055200.0
2026-05-12,AMGN,2026-05-12,2026-05-11,False,tradability_policy,False,0.020328286659182737,181283068425.75,177671315003.25
2026-05-12,AXP,2026-05-12,2026-05-11,True,,False,0.006371670081967151,215809647911.55,214443286041.6
2026-05-12,BA,2026-05-12,2026-05-11,False,tradability_policy,False,-0.005625288610889512,186025166629.52,187077531738.16
2026-05-12,CAT,2026-05-12,2026-05-11,True,,False,-0.015807248675535956,427318364825.22,434181581047.17
2026-05-12,CRM,2026-05-12,2026-05-11,False,tradability_policy,False,-0.034818863034537184,158119130000.0,163823270000.0
2026-05-12,CSCO,2026-05-12,2026-05-11,True,,False,0.005773905996758533,392184880140.18005,389933441106.24
2026-05-12,CVX,2026-05-12,2026-05-11,True,,False,0.0065497455883944955,371041940977.05,368627524474.86005
2026-05-12,DIS,2026-05-12,2026-05-11,False,tradability_policy,False,0.013750954927425507,188064547382.16,185513558796.72
2026-05-12,GS,2026-05-12,2026-05-11,True,,False,0.0011006921660350333,280698588919.8,280389965880.92
2026-05-12,HD,2026-05-12,2026-05-11,True,,False,-0.003018625561978183,309221719734.36,310157970512.39996
2026-05-12,HON,2026-05-12,2026-05-11,False,tradability_policy,False,-0.0026014330701474853,72847701876.2454,73037704576.29785
2026-05-12,IBM,2026-05-12,2026-05-11,True,,False,-0.01936926861999555,205635902044.88,209697591014.2
2026-05-12,JNJ,2026-05-12,2026-05-11,True,,False,0.012780562706046883,540443935387.36,533623921398.48004
2026-05-12,JPM,2026-05-12,2026-05-11,True,,False,0.01626666666666665,822271230490.0,809109712500.0
2026-05-12,KO,2026-05-12,2026-05-11,True,,False,0.017416730231375688,344186867212.07,338294876607.54
2026-05-12,MCD,2026-05-12,2026-05-11,True,,False,0.0008739985433356967,195245962767.27997,195075467093.2
2026-05-12,MMM,2026-05-12,2026-05-11,False,tradability_policy,False,-0.0009069345611831814,75428707000.0,75497178000.0
2026-05-12,MRK,2026-05-12,2026-05-11,True,,False,0.009795111430625392,277822689377.11,275127782093.84
2026-05-12,MSFT,2026-05-12,2026-05-11,True,,False,-0.011849949110648073,3027948768320.52,3064260094502.16
2026-05-12,NKE,2026-05-12,2026-05-11,False,tradability_policy,False,-0.0009436187780136329,62694237074.700005,62753452410.78
2026-05-12,PG,2026-05-12,2026-05-11,True,,False,0.0038364955357141906,334446938578.35,333168738201.60004
2026-05-12,TRV,2026-05-12,2026-05-11,False,tradability_policy,False,0.003803049170396866,64495116650.52,64250767821.26
2026-05-12,UNH,2026-05-12,2026-05-11,True,,False,0.031084174383518848,359793625821.20996,348946899545.16
2026-05-12,V,2026-05-12,2026-05-11,True,,False,0.009973445315877294,601396226953.5773,596679682804.9309
2026-05-12,WMT,2026-05-12,2026-05-11,True,,False,0.02163178932518206,1039202666005.35,1017198835102.5901
2026-05-13,AAPL,2026-05-13,2026-05-12,True,,False,0.013805970149253666,4387752311800.0,4328000072000.0
2026-05-13,AMGN,2026-05-13,2026-05-12,False,tradability_policy,False,0.00047577983288227266,181369319253.75,181283068425.75
2026-05-13,AXP,2026-05-13,2026-05-12,True,,False,-0.014953389965320807,212582562088.05002,215809647911.55
2026-05-13,BA,2026-05-13,2026-05-12,False,tradability_policy,False,0.015747034238189572,188954511297.6,186025166629.52
2026-05-13,CAT,2026-05-13,2026-05-12,True,,False,-0.01078781765956982,422708532222.89996,427318364825.22
2026-05-13,CRM,2026-05-13,2026-05-12,False,tradability_policy,False,-0.03193041853948986,153070320000.0,158119130000.0
2026-05-13,CSCO,2026-05-13,2026-05-12,True,,False,0.02598448987813473,402375604188.54004,392184880140.18005
2026-05-13,CVX,2026-05-13,2026-05-12,True,,False,0.00026888948642112,371141710254.0,371041940977.05
2026-05-13,DIS,2026-05-13,2026-05-12,False,tradability_policy,False,-0.011868877166540948,185832432369.90002,188064547382.16
2026-05-13,GS,2026-05-13,2026-05-12,True,,False,0.01006448884660105,283523676737.24,280698588919.8
2026-05-13,HD,2026-05-13,2026-05-12,True,,False,-0.02547832248920945,301343269038.3,309221719734.36
2026-05-13,HON,2026-05-13,2026-05-12,False,tradability_policy,False,-0.0026539763887617474,72654365795.4903,72847701876.2454
2026-05-13,IBM,2026-05-13,2026-05-12,True,,False,-0.020892254356354445,201339704474.56,205635902044.88
2026-05-13,JNJ,2026-05-13,2026-05-12,True,,False,0.02746811736377408,555288912833.12,540443935387.36
2026-05-13,JPM,2026-05-13,2026-05-12,True,,False,-0.015186302807661978,809783970593.75,822271230490.0
2026-05-13,KO,2026-05-13,2026-05-12,True,,False,0.002873922279145402,345176033517.94,344186867212.07
2026-05-13,MCD,2026-05-13,2026-05-12,True,,False,0.0031290932906418156,195856905599.4,195245962767.27997
2026-05-13,MMM,2026-05-13,2026-05-12,False,tradability_policy,False,0.027162907618182963,77477570000.0,75428707000.0
2026-05-13,MRK,2026-05-13,2026-05-12,True,,False,0.00961110616712646,280492872740.35004,277822689377.11
2026-05-13,MSFT,2026-05-13,2026-05-12,True,,False,-0.006278048900115296,3008939157885.96,3027948768320.52
2026-05-13,NKE,2026-05-13,2026-05-12,False,tradability_policy,False,-0.000236127508854711,62679433240.68001,62694237074.700005
2026-05-13,PG,2026-05-13,2026-05-12,True,,False,-0.011604475019109106,330565857434.4,334446938578.35
2026-05-13,TRV,2026-05-13,2026-05-12,False,tradability_policy,False,-0.010863005431502759,63794505848.03999,64495116650.52
2026-05-13,UNH,2026-05-13,2026-05-12,True,,False,0.01203360326950742,364123239573.24005,359793625821.20996
2026-05-13,V,2026-05-13,2026-05-12,True,,False,-0.018718215795600845,590139162598.8,601396226953.5773
2026-05-13,WMT,2026-05-13,2026-05-12,True,,False,0.008592251630226366,1048131756806.47,1039202666005.35
2026-05-14,AAPL,2026-05-14,2026-05-13,True,,False,-0.0022083179977917533,4378062759399.9995,4387752311800.0
2026-05-14,AMGN,2026-05-14,2026-05-13,False,tradability_policy,False,-0.0006538861643631266,181250724365.25,181369319253.75
2026-05-14,AXP,2026-05-14,2026-05-13,True,,False,0.010206388682536094,214752262343.84998,212582562088.05002
2026-05-14,BA,2026-05-14,2026-05-13,False,tradability_policy,False,-0.04733998337489609,180009407874.16,188954511297.6
2026-05-14,CAT,2026-05-14,2026-05-13,True,,False,0.019860356865787576,431103674523.06,422708532222.89996
2026-05-14,CRM,2026-05-14,2026-05-13,False,tradability_policy,False,0.01049204052098407,154676340000.0,153070320000.0
2026-05-14,CSCO,2026-05-14,2026-05-13,True,,False,0.13409247079611264,456331143142.26,402375604188.54004
2026-05-14,CVX,2026-05-14,2026-05-13,True,,False,0.0034408602150537426,372418756998.95996,371141710254.0
2026-05-14,DIS,2026-05-14,2026-05-13,False,tradability_policy,False,0.004957102001906577,186753622692.42,185832432369.90002
2026-05-14,GS,2026-05-14,2026-05-13,True,,False,0.014171777856858858,287541711301.12,283523676737.24
2026-05-14,HD,2026-05-14,2026-05-13,True,,False,0.005949429846306531,303136089677.10004,301343269038.3
2026-05-14,HON,2026-05-14,2026-05-13,False,tradability_policy,False,-0.0011011194714627415,72574364658.62611,72654365795.4903
2026-05-14,IBM,2026-05-14,2026-05-13,True,,False,0.01737793514722341,204838572801.48,201339704474.56
2026-05-14,JNJ,2026-05-14,2026-05-13,True,,False,0.0016491623990975146,556204674428.8,555288912833.12
2026-05-14,JPM,2026-05-14,2026-05-13,True,,False,-0.0011323896752705176,808866979586.2501,809783970593.75
2026-05-14,KO,2026-05-14,2026-05-13,True,,False,0.0023673062546722967,345993170901.05,345176033517.94
2026-05-14,MCD,2026-05-14,2026-05-13,True,,False,-0.002647805585781482,195338314590.74002,195856905599.4
2026-05-14,MMM,2026-05-14,2026-05-13,False,tradability_policy,False,-0.013460231135282053,76434704000.0,77477570000.0
2026-05-14,MRK,2026-05-14,2026-05-13,True,,False,-0.0003525782282944867,280393977060.23,280492872740.35004
2026-05-14,MSFT,2026-05-14,2026-05-13,True,,False,0.010414353051504177,3040275312586.68,3008939157885.96
2026-05-14,NKE,2026-05-14,2026-05-13,False,tradability_policy,False,-0.0075578649031649014,62205710552.04,62679433240.68001
2026-05-14,PG,2026-05-14,2026-05-13,True,,False,0.0033042744656917034,331658137756.35004,330565857434.4
2026-05-14,TRV,2026-05-14,2026-05-13,False,tradability_policy,False,0.011083994305471023,64501603787.58,63794505848.03999
2026-05-14,UNH,2026-05-14,2026-05-13,True,,False,-0.005160035895901971,362244350586.50995,364123239573.24005
2026-05-14,V,2026-05-14,2026-05-13,True,,False,0.006899566045393435,594210866727.1237,590139162598.8
2026-05-14,WMT,2026-05-14,2026-05-13,True,,False,0.007530235034608701,1056024435282.4601,1048131756806.47
2026-05-15,AAPL,2026-05-15,2026-05-14,True,,False,0.006773750041916937,4407718662200.0,4378062759399.9995
2026-05-15,AMGN,2026-05-15,2026-05-14,False,tradability_policy,False,-0.022008744014513804,175903173029.25,181250724365.25
2026-05-15,AXP,2026-05-15,2026-05-14,True,,False,0.0022700386865748268,215239758287.40002,214752262343.84998
2026-05-15,BA,2026-05-15,2026-05-14,False,tradability_policy,False,-0.03804371537018458,173161181197.04,180009407874.16
2026-05-15,CAT,2026-05-15,2026-05-14,True,,False,-0.03467649040446863,416154512090.13,431103674523.06
2026-05-15,CRM,2026-05-15,2026-05-14,False,tradability_policy,False,0.035386084258264505,160149730000.0,154676340000.0
2026-05-15,CSCO,2026-05-15,2026-05-14,True,,False,0.023197437894918904,466916856494.81995,456331143142.26
2026-05-15,CVX,2026-05-15,2026-05-14,True,,False,0.023896270895842342,381318176502.89996,372418756998.95996
2026-05-15,DIS,2026-05-15,2026-05-14,False,tradability_policy,False,-0.025611838360842354,181970519094.72,186753622692.42
2026-05-15,GS,2026-05-15,2026-05-14,True,,False,-0.021146383751651232,281461243929.34,287541711301.12
2026-05-15,HD,2026-05-15,2026-05-14,True,,False,-0.02247412518482017,296323371249.66,303136089677.10004
2026-05-15,HON,2026-05-15,2026-05-14,False,tradability_policy,False,-0.015111151938269285,71081010103.828,72574364658.62611
2026-05-15,IBM,2026-05-15,2026-05-14,True,,False,0.004258826761917911,205710944797.2,204838572801.48
2026-05-15,JNJ,2026-05-15,2026-05-14,True,,False,-0.017720970537261738,546348187780.56,556204674428.8
2026-05-15,JPM,2026-05-15,2026-05-14,True,,False,-0.007002100630189134,803203211598.75,808866979586.2501
2026-05-15,KO,2026-05-15,2026-05-14,True,,False,0.004599129894344189,347584438436.57996,345993170901.05
2026-05-15,MCD,2026-05-15,2026-05-14,True,,False,0.0051641997308795595,196347080662.38,195338314590.74002
2026-05-15,MMM,2026-05-15,2026-05-14,False,tradability_policy,False,0.00757993384784994,77014074000.0,76434704000.0
2026-05-15,MRK,2026-05-15,2026-05-14,True,,False,-0.01789965611498101,275375021294.14,280393977060.23
2026-05-15,MSFT,2026-05-15,2026-05-14,True,,False,0.03050582517157996,3133021419745.92,3040275312586.68
2026-05-15,NKE,2026-05-15,2026-05-14,False,tradability_policy,False,-0.0033317467872441275,61998456875.76,62205710552.04
2026-05-15,PG,2026-05-15,2026-05-14,True,,False,-0.007988227874711096,329008776975.45,331658137756.35004
2026-05-15,TRV,2026-05-15,2026-05-14,False,tradability_policy,False,0.0049280901136476984,64819473503.52,64501603787.58
2026-05-15,UNH,2026-05-15,2026-05-14,True,,False,-0.013129870455285686,357488129190.15,362244350586.50995
2026-05-15,V,2026-05-15,2026-05-14,True,,False,0.01001488279796603,600161818914.6737,594210866727.1237
2026-05-15,WMT,2026-05-15,2026-05-14,True,,False,-0.007624943379133442,1047972308756.45,1056024435282.4601
2026-05-18,AAPL,2026-05-18,2026-05-15,True,,False,-0.0079605635679314,4372630737599.9995,4407718662200.0
2026-05-18,AMGN,2026-05-18,2026-05-15,False,tradability_policy,False,-0.0058839753608532774,174868163093.25,175903173029.25
2026-05-18,AXP,2026-05-18,2026-05-15,True,,False,-0.003955595253285704,214388356921.2,215239758287.40002
2026-05-18,BA,2026-05-18,2026-05-15,False,tradability_policy,False,0.0005442423692685328,173255422848.56,173161181197.04
2026-05-18,CAT,2026-05-18,2026-05-15,True,,False,-0.027422859137012923,404742365525.85004,416154512090.13
2026-05-18,CRM,2026-05-18,2026-05-15,False,tradability_policy,False,0.03440723877586316,165660040000.0,160149730000.0
2026-05-18,CSCO,2026-05-18,2026-05-15,True,,False,0.005667879198037351,469563284832.95996,466916856494.81995
2026-05-18,CVX,2026-05-18,2026-05-15,True,,False,0.026268969126111985,391335011908.68,381318176502.89996
2026-05-18,DIS,2026-05-18,2026-05-15,False,tradability_policy,False,0.01158489096573212,184078627717.41,181970519094.72
2026-05-18,GS,2026-05-18,2026-05-15,True,,False,-0.002224635465539304,280835095263.92,281461243929.34
2026-05-18,HD,2026-05-18,2026-05-15,True,,False,0.007730832577056201,298614197621.46,296323371249.66
2026-05-18,HON,2026-05-18,2026-05-15,False,tradability_policy,False,0.018711311198649216,72411029004.19507,71081010103.828
2026-05-18,IBM,2026-05-18,2026-05-15,True,,False,0.015731874145006763,208947163491.0,205710944797.2
2026-05-18,JNJ,2026-05-18,2026-05-15,True,,False,0.009748136385690831,551674064429.12,546348187780.56
2026-05-18,JPM,2026-05-18,2026-05-15,True,,False,0.009804909170276321,811078546133.75,803203211598.75
2026-05-18,KO,2026-05-18,2026-05-15,True,,False,0.004701806483543791,349218713202.8,347584438436.57996
2026-05-18,MCD,2026-05-18,2026-05-15,True,,False,0.021997901515973917,200666304405.74002,196347080662.38
2026-05-18,MMM,2026-05-18,2026-05-15,False,tradability_policy,False,0.04315415127889488,80337551000.0,77014074000.0
2026-05-18,MRK,2026-05-18,2026-05-15,True,,False,0.010594361644819639,278292443857.68,275375021294.14
2026-05-18,MSFT,2026-05-18,2026-05-15,True,,False,0.0038395904436860917,3145050938849.04,3133021419745.92
2026-05-18,NKE,2026-05-18,2026-05-15,False,tradability_policy,False,0.016475644699140313,63019921423.14,61998456875.76
2026-05-18,PG,2026-05-18,2026-05-15,True,,False,0.005792187610369481,330914457537.14996,329008776975.45
2026-05-18,TRV,2026-05-18,2026-05-15,False,tradability_policy,False,0.02078329330130768,66166635632.98,64819473503.52
2026-05-18,UNH,2026-05-18,2026-05-15,True,,False,-0.00690618255681108,355019250908.07,357488129190.15
2026-05-18,V,2026-05-18,2026-05-15,True,,False,0.021151189562548023,612855955314.7415,600161818914.6737
2026-05-18,WMT,2026-05-18,2026-05-15,True,,False,0.014378090528718301,1063040149483.3401,1047972308756.45
2026-05-19,AAPL,2026-05-19,2026-05-18,True,,False,0.0037939833467635076,4389220425800.0005,4372630737599.9995
2026-05-19,AMGN,2026-05-19,2026-05-18,False,tradability_policy,False,0.019606029778969747,178296633506.25,174868163093.25
2026-05-19,AXP,2026-05-19,2026-05-18,True,,False,-0.009383807327696614,212376577886.55,214388356921.2
2026-05-19,BA,2026-05-19,2026-05-18,False,tradability_policy,False,-0.02538416209600658,168857479110.96,173255422848.56
2026-05-19,CAT,2026-05-19,2026-05-18,True,,False,-0.004398402685340641,402962145618.45,404742365525.85004
2026-05-19,CRM,2026-05-19,2026-05-18,False,tradability_policy,False,-0.00033429908624915683,165604660000.0,165660040000.0
2026-05-19,CSCO,2026-05-19,2026-05-18,True,,False,-0.029441453566621756,455738659185.95996,469563284832.95996
2026-05-19,CVX,2026-05-19,2026-05-18,True,,False,0.014837854374872617,393589797567.75,391335011908.68
2026-05-19,DIS,2026-05-19,2026-05-18,False,tradability_policy,False,-0.015590414782022832,181208765558.79,184078627717.41
2026-05-19,GS,2026-05-19,2026-05-18,True,,False,-0.018618707468616602,275606308778.28,280835095263.92
2026-05-19,HD,2026-05-19,2026-05-18,True,,False,0.008772222407524843,301233707777.04,298614197621.46
2026-05-19,HON,2026-05-19,2026-05-18,False,tradability_policy,False,-0.00036827325875787853,72384361958.57367,72411029004.19507
2026-05-19,IBM,2026-05-19,2026-05-18,True,,False,-0.0018855218855218236,208553189041.32,208947163491.0
2026-05-19,JNJ,2026-05-19,2026-05-18,True,,False,0.004717805346846182,554276755280.0,551674064429.12
2026-05-19,JPM,2026-05-19,2026-05-18,True,,False,-0.01672596681408578,797512473287.5,811078546133.75
2026-05-19,KO,2026-05-19,2026-05-18,True,,False,0.008866995073891548,352315233812.48,349218713202.8
2026-05-19,MCD,2026-05-19,2026-05-18,True,,False,-0.005912132261833181,199479938673.6,200666304405.74002
2026-05-19,MMM,2026-05-19,2026-05-18,False,tradability_policy,False,-0.02078279682685369,78667912000.0,80337551000.0
2026-05-19,MRK,2026-05-19,2026-05-18,True,,False,0.014925373134328401,282446062422.72,278292443857.68
2026-05-19,MSFT,2026-05-19,2026-05-18,True,,False,-0.014449638759031047,3099606088903.92,3145050938849.04
2026-05-19,NKE,2026-05-19,2026-05-18,False,tradability_policy,False,-0.0035236081747709314,62797863912.840004,63019921423.14
2026-05-19,PG,2026-05-19,2026-05-18,True,,False,-0.007655031954491021,328381296790.5,330914457537.14996
2026-05-19,TRV,2026-05-19,2026-05-18,False,tradability_policy,False,-0.0015359979084285103,66065003819.03999,66166635632.98
2026-05-19,UNH,2026-05-19,2026-05-18,True,,False,-0.004832152992611083,353303743572.36,355019250908.07
2026-05-19,V,2026-05-19,2026-05-18,True,,False,-0.008207070707070607,607826203156.2241,612855955314.7415
2026-05-19,WMT,2026-05-19,2026-05-18,True,,False,0.006449677516124019,1069896415634.2,1063040149483.3401
2026-05-20,AAPL,2026-05-20,2026-05-19,True,,False,0.010971000434826239,4437374565000.0,4389220425800.0005
2026-05-20,AMGN,2026-05-20,2026-05-19,False,tradability_policy,False,0.0024792139077853825,178738668999.75,178296633506.25
2026-05-20,AXP,2026-05-20,2026-05-19,True,,False,0.0016488312696001373,212726751029.1,212376577886.55
2026-05-20,BA,2026-05-20,2026-05-19,False,tradability_policy,False,0.033440305102088175,174504124731.19998,168857479110.96
2026-05-20,CAT,2026-05-20,2026-05-19,True,,False,0.014427716096029775,408775969052.88,402962145618.45
2026-05-20,CRM,2026-05-20,2026-05-19,False,tradability_policy,False,0.003789989967673657,166232300000.0,165604660000.0
2026-05-20,CSCO,2026-05-20,2026-05-19,True,,False,-0.008927023747616558,451670269352.69995,455738659185.95996
2026-05-20,CVX,2026-05-20,2026-05-19,True,,False,-0.030012674271229334,381777115176.87,393589797567.75
2026-05-20,DIS,2026-05-20,2026-05-19,False,tradability_policy,False,0.017499266790497625,184379786092.08,181208765558.79
2026-05-20,GS,2026-05-20,2026-05-19,True,,False,0.057475719792406954,291446979754.64,275606308778.28
2026-05-20,HD,2026-05-20,2026-05-19,True,,False,0.026914429308292576,309341241110.27997,301233707777.04
2026-05-20,HON,2026-05-20,2026-05-19,False,tradability_policy,False,0.001105226801749959,72464363095.43785,72384361958.57367
2026-05-20,IBM,2026-05-20,2026-05-19,True,,False,0.012009175549858364,211057740900.0,208553189041.32
2026-05-20,JNJ,2026-05-20,2026-05-19,True,,False,-0.0029565217391304133,552638024003.52,554276755280.0
2026-05-20,JPM,2026-05-20,2026-05-19,True,,False,0.02123774095366926,814449836602.5,797512473287.5
2026-05-20,KO,2026-05-20,2026-05-19,True,,False,-0.0045166015625,350723966276.95,352315233812.48
2026-05-20,MCD,2026-05-20,2026-05-19,True,,False,-0.0018874643874644548,199103427393.34,199479938673.6
2026-05-20,MMM,2026-05-20,2026-05-19,False,tradability_policy,False,0.0028119978575253946,78889126000.0,78667912000.0
2026-05-20,MRK,2026-05-20,2026-05-19,True,,False,-0.01085434173669464,279380296339.0,282446062422.72
2026-05-20,MSFT,2026-05-20,2026-05-19,True,,False,0.008720233817258283,3126635378740.56,3099606088903.92
2026-05-20,NKE,2026-05-20,2026-05-19,False,tradability_policy,False,0.04172560113154167,65418142534.38,62797863912.840004
2026-05-20,PG,2026-05-20,2026-05-19,True,,False,0.008067940552016983,331030657571.4,328381296790.5
2026-05-20,TRV,2026-05-20,2026-05-19,False,tradability_policy,False,0.00471327572662994,66376386397.92,66065003819.03999
2026-05-20,UNH,2026-05-20,2026-05-19,True,,False,-0.015260507655944888,347912149088.7,353303743572.36
2026-05-20,V,2026-05-20,2026-05-19,True,,False,0.0025461489497133893,609373819204.9987,607826203156.2241
2026-05-20,WMT,2026-05-20,2026-05-19,True,,False,-0.024962742175856922,1043188867255.85,1069896415634.2
2026-05-21,AAPL,2026-05-21,2026-05-20,True,,False,0.009065343258891634,4477600888600.0,4437374565000.0
2026-05-21,AMGN,2026-05-21,2026-05-20,False,tradability_policy,False,0.01764333323280165,181892214898.5,178738668999.75
2026-05-21,AXP,2026-05-21,2026-05-20,True,,False,-0.000387321670647478,212644357348.5,212726751029.1
2026-05-21,BA,2026-05-21,2026-05-20,False,tradability_policy,False,-0.011656165616561576,172470075752.56,174504124731.19998
2026-05-21,CAT,2026-05-21,2026-05-20,True,,False,-0.007575410286971507,405679323371.85004,408775969052.88
2026-05-21,CRM,2026-05-21,2026-05-20,False,tradability_policy,False,-0.021043864519711186,162734130000.0,166232300000.0
2026-05-21,CSCO,2026-05-21,2026-05-20,True,,False,0.03366856143419339,466877357564.4,451670269352.69995
2026-05-21,CVX,2026-05-21,2026-05-20,True,,False,-0.0016725030052789913,381138591804.38995,381777115176.87
2026-05-21,DIS,2026-05-21,2026-05-20,False,tradability_policy,False,-0.004803996925441978,183494026166.58,184379786092.08
2026-05-21,GS,2026-05-21,2026-05-20,True,,False,0.006160143363336479,293242334932.74,291446979754.64
2026-05-21,HD,2026-05-21,2026-05-20,True,,False,0.010303303496683514,312528477801.48,309341241110.27997
2026-05-21,HON,2026-05-21,2026-05-20,False,tradability_policy,False,0.02948617691706157,74601060125.85213,72464363095.43785
2026-05-21,IBM,2026-05-21,2026-05-20,True,,False,0.12431111111111104,237294563179.88,211057740900.0
2026-05-21,JNJ,2026-05-21,2026-05-20,True,,False,0.010509331937903266,558445880439.28,552638024003.52
2026-05-21,JPM,2026-05-21,2026-05-20,True,,False,0.003377707132922625,817200809625.0,814449836602.5
2026-05-21,KO,2026-05-21,2026-05-20,True,,False,-0.004659717964438981,349089691510.73,350723966276.95
2026-05-21,MCD,2026-05-21,2026-05-20,True,,False,0.013950833125200734,201881086083.56,199103427393.34
2026-05-21,MMM,2026-05-21,2026-05-20,False,tradability_policy,False,0.012151155027373406,79847720000.0,78889126000.0
2026-05-21,MRK,2026-05-21,2026-05-20,True,,False,0.02548672566371679,286500785307.64,279380296339.0
2026-05-21,MSFT,2026-05-21,2026-05-20,True,,False,-0.0025174559445210187,3112006889460.84,3126635378740.56
2026-05-21,NKE,2026-05-21,2026-05-20,False,tradability_policy,False,0.004525910839556557,65714219214.78,65418142534.38
2026-05-21,PG,2026-05-21,2026-05-20,True,,False,0.006739679865206405,333261698229.0,331030657571.4
2026-05-21,TRV,2026-05-21,2026-05-20,False,tradability_policy,False,0.0008795934323690968,66434770631.46001,66376386397.92
2026-05-21,UNH,2026-05-21,2026-05-20,True,,False,-0.002139316462301033,347167854900.72003,347912149088.7
2026-05-21,V,2026-05-21,2026-05-20,True,,False,0.0011186696900982174,610055507226.4828,609373819204.9987
2026-05-21,WMT,2026-05-21,2026-05-20,True,,False,-0.072678639663737,967371319471.3401,1043188867255.85
2026-05-22,AAPL,2026-05-22,2026-05-21,True,,False,0.012557788779959944,4533829654800.0,4477600888600.0
2026-05-22,AMGN,2026-05-22,2026-05-21,False,tradability_policy,False,0.005571691067512319,182905662127.5,181892214898.5
2026-05-22,AXP,2026-05-22,2026-05-21,True,,False,0.006716176945430918,214072514478.9,212644357348.5
2026-05-22,BA,2026-05-22,2026-05-21,False,tradability_policy,False,-0.0026865807567961753,172006720965.92,172470075752.56
2026-05-22,CAT,2026-05-22,2026-05-21,True,,False,0.01609792713205138,412209919558.47,405679323371.85004
2026-05-22,CRM,2026-05-22,2026-05-21,False,tradability_policy,False,0.021326073393454603,166204610000.0,162734130000.0
2026-05-22,CSCO,2026-05-22,2026-05-21,True,,False,0.018697123519458403,475606621187.22,466877357564.4
2026-05-22,CVX,2026-05-22,2026-05-21,True,,False,0.0021988377571855455,381976653730.77,381138591804.38995
2026-05-22,DIS,2026-05-22,2026-05-21,False,tradability_policy,False,-0.0055995365900752825,182466544653.0,183494026166.58
2026-05-22,GS,2026-05-22,2026-05-21,True,,False,0.008662477104142141,295782539945.06,293242334932.74
2026-05-22,HD,2026-05-22,2026-05-21,True,,False,-0.002262731850340982,311821309660.62,312528477801.48
2026-05-22,HON,2026-05-22,2026-05-21,False,tradability_policy,False,0.018409294012511124,75974412975.35396,74601060125.85213
2026-05-22,IBM,2026-05-22,2026-05-21,True,,False,0.003439142981381149,238110653111.36002,237294563179.88
2026-05-22,JNJ,2026-05-22,2026-05-21,True,,False,0.011263107927329319,564735716662.24,558445880439.28
2026-05-22,JPM,2026-05-22,2026-05-21,True,,False,0.011155115511551239,826316779052.5,817200809625.0
2026-05-22,KO,2026-05-22,2026-05-21,True,,False,0.003819145004311908,350422915662.12,349089691510.73
2026-05-22,MCD,2026-05-22,2026-05-21,True,,False,-0.006721092265465689,200524224677.34,201881086083.56
2026-05-22,MMM,2026-05-22,2026-05-21,False,tradability_policy,False,0.010686015831134599,80290148000.0,79847720000.0
2026-05-22,MRK,2026-05-22,2026-05-21,True,,False,0.056351397997928876,302645505087.23,286500785307.64
2026-05-22,MSFT,2026-05-22,2026-05-21,True,,False,-0.001240783602567408,3108145562341.32,3112006889460.84
2026-05-22,NKE,2026-05-22,2026-05-21,False,tradability_policy,False,0.006307726965532723,66128726567.340004,65714219214.78
2026-05-22,PG,2026-05-22,2026-05-21,True,,False,0.007252440725244114,335678658941.4,333261698229.0
2026-05-22,TRV,2026-05-22,2026-05-21,False,tradability_policy,False,-0.0025062656641605674,66268267446.92,66434770631.46001
2026-05-22,UNH,2026-05-22,2026-05-21,True,,False,0.015660949592135598,352604833176.33,347167854900.72003
2026-05-22,V,2026-05-22,2026-05-21,True,,False,-0.006764919062575481,605928531096.4171,610055507226.4828
2026-05-22,WMT,2026-05-22,2026-05-21,True,,False,-0.008818196802373501,958840848795.27,967371319471.3401
2026-05-26,AAPL,2026-05-26,2026-05-22,True,,False,-0.0015866848002072942,4526635896200.0,4533829654800.0
2026-05-26,AMGN,2026-05-26,2026-05-22,False,tradability_policy,False,-0.009902740937223764,181094394739.5,182905662127.5
2026-05-26,AXP,2026-05-26,2026-05-22,True,,False,-0.003399833215728898,213344703633.6,214072514478.9
2026-05-26,BA,2026-05-26,2026-05-22,False,tradability_policy,False,-0.0005478951693909107,171912479314.4,172006720965.92
2026-05-26,CAT,2026-05-26,2026-05-22,True,,False,0.03257225334985048,425636525491.64996,412209919558.47
2026-05-26,CRM,2026-05-26,2026-05-22,False,tradability_policy,False,-0.005497861942577731,165290840000.0,166204610000.0
2026-05-26,CSCO,2026-05-26,2026-05-22,True,,False,-0.01727431276472058,467390843659.86,475606621187.22
2026-05-26,CVX,2026-05-26,2026-05-22,True,,False,-0.035104215640181735,368567662908.69,381976653730.77
2026-05-26,DIS,2026-05-26,2026-05-22,False,tradability_policy,False,0.0027184466019416487,182962570211.28,182466544653.0
2026-05-26,GS,2026-05-26,2026-05-22,True,,False,-0.0022172504088369127,295126715987.44,295782539945.06
2026-05-26,HD,2026-05-26,2026-05-22,True,,False,-0.008081259782157235,309301400651.64,311821309660.62
2026-05-26,HON,2026-05-26,2026-05-22,False,tradability_policy,False,0.01667251667251679,77241097642.37021,75974412975.35396
2026-05-26,IBM,2026-05-26,2026-05-22,True,,False,-0.012409391742830178,235155844738.76,238110653111.36002
2026-05-26,JNJ,2026-05-26,2026-05-22,True,,False,-0.012033797047025674,554710537088.48,564735716662.24
2026-05-26,JPM,2026-05-26,2026-05-22,True,,False,0.0011750114237221165,827287710707.5,826316779052.5
2026-05-26,KO,2026-05-26,2026-05-22,True,,False,-0.012518409425626098,346036178131.74,350422915662.12
2026-05-26,MCD,2026-05-26,2026-05-22,True,,False,-0.010663549084210078,198385924764.91998,200524224677.34
2026-05-26,MMM,2026-05-26,2026-05-22,False,tradability_policy,False,0.010430333245867285,81127601000.0,80290148000.0
2026-05-26,MRK,2026-05-26,2026-05-22,True,,False,-0.021975328813005457,295994770599.16,302645505087.23
2026-05-26,MSFT,2026-05-26,2026-05-22,True,,False,-0.006068280096519163,3089284464488.28,3108145562341.32
2026-05-26,NKE,2026-05-26,2026-05-22,False,tradability_policy,False,0.006044325050369226,66528430085.88,66128726567.340004
2026-05-26,PG,2026-05-26,2026-05-22,True,,False,-0.010246469122126789,332239137927.60004,335678658941.4
2026-05-26,TRV,2026-05-26,2026-05-22,False,tradability_policy,False,-0.005286171115316818,65917962045.67999,66268267446.92
2026-05-26,UNH,2026-05-26,2026-05-22,True,,False,-0.029886477720287297,342066716685.54004,352604833176.33
2026-05-26,V,2026-05-26,2026-05-22,True,,False,-0.007297494526879,601506770957.0612,605928531096.4171
2026-05-26,WMT,2026-05-26,2026-05-22,True,,False,-0.014134863224411709,945287764543.57,958840848795.27
2026-05-27,AAPL,2026-05-27,2026-05-26,True,,False,0.008173061330392972,4563632369000.0,4526635896200.0
2026-05-27,AMGN,2026-05-27,2026-05-26,False,tradability_policy,False,0.00035720664404359503,181159082860.5,181094394739.5
2026-05-27,AXP,2026-05-27,2026-05-26,True,,False,0.005857363542739469,214594341122.7,213344703633.6
2026-05-27,BA,2026-05-27,2026-05-26,False,tradability_policy,False,0.024668798538145298,176153353632.80002,171912479314.4
2026-05-27,CAT,2026-05-27,2026-05-26,True,,False,0.001518903747729894,426283026405.38995,425636525491.64996
2026-05-27,CRM,2026-05-27,2026-05-26,False,tradability_policy,False,-0.008767031494304356,163841730000.0,165290840000.0
2026-05-27,CSCO,2026-05-27,2026-05-26,True,,False,0.011324262655286077,472683700336.14,467390843659.86
2026-05-27,CVX,2026-05-27,2026-05-26,True,,False,-0.012506090628552902,363958322313.60004,368567662908.69
2026-05-27,DIS,2026-05-27,2026-05-26,False,tradability_policy,False,0.008714175058094575,184556938077.18002,182962570211.28
2026-05-27,GS,2026-05-27,2026-05-26,True,,False,0.0019607448819531914,295705384185.34,295126715987.44
2026-05-27,HD,2026-05-27,2026-05-26,True,,False,0.02353964062600622,316582244468.10004,309301400651.64
2026-05-27,HON,2026-05-27,2026-05-26,False,tradability_policy,False,-0.0007336440531675592,77184430170.42476,77241097642.37021
2026-05-27,IBM,2026-05-27,2026-05-26,True,,False,0.017990346643264488,239386379900.8,235155844738.76
2026-05-27,JNJ,2026-05-27,2026-05-26,True,,False,0.0048223129724562774,557385524907.44,554710537088.48
2026-05-27,JPM,2026-05-27,2026-05-26,True,,False,-0.024320271239486324,807167849189.9999,827287710707.5
2026-05-27,KO,2026-05-27,2026-05-26,True,,False,0.014417101665423981,351025016891.78,346036178131.74
2026-05-27,MCD,2026-05-27,2026-05-26,True,,False,0.0059442813149037654,199565186510.64,198385924764.91998
2026-05-27,MMM,2026-05-27,2026-05-26,False,tradability_policy,False,0.007401155619035205,81728039000.0,81127601000.0
2026-05-27,MRK,2026-05-27,2026-05-26,True,,False,0.004343468092215197,297280414440.72,295994770599.16
2026-05-27,MSFT,2026-05-27,2026-05-26,True,,False,-0.008076340648510816,3064334350792.92,3089284464488.28
2026-05-27,NKE,2026-05-27,2026-05-26,False,tradability_policy,False,0.02314196706720062,68068028823.96,66528430085.88
2026-05-27,PG,2026-05-27,2026-05-26,True,,False,0.03168718522663694,342766861030.65,332239137927.60004
2026-05-27,TRV,2026-05-27,2026-05-26,False,tradability_policy,False,-0.016074006035953214,64858396325.88,65917962045.67999
2026-05-27,UNH,2026-05-27,2026-05-26,True,,False,0.018972562755399824,348556598934.39,342066716685.54004
2026-05-27,V,2026-05-27,2026-05-26,True,,False,0.0034611614800292845,603588683022.6746,601506770957.0612
2026-05-27,WMT,2026-05-27,2026-05-26,True,,False,-0.0002530150965672773,945048592468.54,945287764543.57
2026-05-28,AAPL,2026-05-28,2026-05-27,True,,False,0.005340196236126582,4588003061400.0,4563632369000.0
2026-05-28,AMGN,2026-05-28,2026-05-27,False,tradability_policy,False,0.0012497768255668174,181385491284.0,181159082860.5
2026-05-28,AXP,2026-05-28,2026-05-27,True,,False,0.008254943367248968,216365805255.6,214594341122.7
2026-05-28,BA,2026-05-28,2026-05-27,False,tradability_policy,False,0.019973250111457785,179671708622.88,176153353632.80002
2026-05-28,CAT,2026-05-28,2026-05-27,True,,False,-0.024463420263097113,415854685579.41,426283026405.38995
2026-05-28,CRM,2026-05-28,2026-05-27,False,tradability_policy,False,-0.007548870486169812,162604910000.0,163841730000.0
2026-05-28,CSCO,2026-05-28,2026-05-27,True,,False,-0.008607002590457102,468615310502.88,472683700336.14
2026-05-28,CVX,2026-05-28,2026-05-27,True,,False,0.003453947368420973,365215415203.17,363958322313.60004
2026-05-28,DIS,2026-05-28,2026-05-27,False,tradability_policy,False,-0.004319447110769814,183759754144.23,184556938077.18002
2026-05-28,GS,2026-05-28,2026-05-27,True,,False,0.011942155810009236,299236743957.14,295705384185.34
2026-05-28,HD,2026-05-28,2026-05-27,True,,False,0.010571024067956403,319928842993.86,316582244468.10004
2026-05-28,HON,2026-05-28,2026-05-27,False,tradability_policy,False,0.0062621464046641595,77667770372.31253,77184430170.42476
2026-05-28,IBM,2026-05-28,2026-05-27,True,,False,0.03534482758620694,247847450224.88004,239386379900.8
2026-05-28,JNJ,2026-05-28,2026-05-27,True,,False,-0.0021185524666003097,556204674428.8,557385524907.44
2026-05-28,JPM,2026-05-28,2026-05-27,True,,False,-0.008520449077786485,800290416633.75,807167849189.9999
2026-05-28,KO,2026-05-28,2026-05-27,True,,False,-0.01482479784366586,345821141978.29,351025016891.78
2026-05-28,MCD,2026-05-28,2026-05-27,True,,False,-0.010501210308984765,197469510516.74002,199565186510.64
2026-05-28,MMM,2026-05-28,2026-05-27,False,tradability_policy,False,-0.014951343687568452,80506095000.0,81728039000.0
2026-05-28,MRK,2026-05-28,2026-05-27,True,,False,-0.002910844976713234,296415077239.67,297280414440.72
2026-05-28,MSFT,2026-05-28,2026-05-27,True,,False,0.03470085055855776,3170669359161.24,3064334350792.92
2026-05-28,NKE,2026-05-28,2026-05-27,False,tradability_policy,False,0.030230535015224103,70125761752.73999,68068028823.96
2026-05-28,PG,2026-05-28,2026-05-27,True,,False,-0.010712590684114232,339094939948.35,342766861030.65
2026-05-28,TRV,2026-05-28,2026-05-27,False,tradability_policy,False,-0.018770420750816807,63640976937.62,64858396325.88
2026-05-28,UNH,2026-05-28,2026-05-27,True,,False,-0.0038540663003567843,347213238692.67,348556598934.39
2026-05-28,V,2026-05-28,2026-05-27,True,,False,-0.008119410274411765,598687898868.2217,603588683022.6746
2026-05-28,WMT,2026-05-28,2026-05-27,True,,False,0.0030369495528934642,947918657368.9,945048592468.54
2026-05-29,AAPL,2026-05-29,2026-05-28,True,,False,-0.0014399539214744461,4581396548400.0,4588003061400.0
2026-05-29,AMGN,2026-05-29,2026-05-28,False,tradability_policy,False,0.0009213029006180928,181552602263.25,181385491284.0
2026-05-29,AXP,2026-05-29,2026-05-28,True,,False,0.004284082254379262,217292734162.35,216365805255.6
2026-05-29,BA,2026-05-29,2026-05-28,False,tradability_policy,False,0.010359297141358637,181532981240.4,179671708622.88
2026-05-29,CAT,2026-05-29,2026-05-28,True,,False,-0.013293228339360308,410326634288.01,415854685579.41
2026-05-29,CRM,2026-05-29,2026-05-28,False,tradability_policy,False,0.08474768689334167,176385300000.0,162604910000.0
2026-05-29,CSCO,2026-05-29,2026-05-28,True,,False,0.01500337154416731,475646120117.64,468615310502.88
2026-05-29,CVX,2026-05-29,2026-05-28,True,,False,-0.003114243566628372,364078045445.94,365215415203.17
2026-05-29,DIS,2026-05-29,2026-05-28,False,tradability_policy,False,-0.018316783958353455,180393866427.33,183759754144.23
2026-05-29,GS,2026-05-29,2026-05-28,True,,False,0.017047313981970902,304337926686.32,299236743957.14
2026-05-29,HD,2026-05-29,2026-05-28,True,,False,-0.012670838392328965,315875076327.24,319928842993.86
2026-05-29,HON,2026-05-29,2026-05-28,False,tradability_policy,False,0.020858369098712526,79287793393.81227,77667770372.31253
2026-05-29,IBM,2026-05-29,2026-05-28,True,,False,0.12709106047990293,279346645511.2,247847450224.88004
2026-05-29,JNJ,2026-05-29,2026-05-28,True,,False,-0.023700173310225336,543022527248.88,556204674428.8
2026-05-29,JPM,2026-05-29,2026-05-28,True,,False,0.008694773025983205,807248760161.25,800290416633.75
2026-05-29,KO,2026-05-29,2026-05-28,True,,False,-0.017410769804750537,339800129681.69,345821141978.29
2026-05-29,MCD,2026-05-29,2026-05-28,True,,False,0.004424937942943297,198343300846.4,197469510516.74002
2026-05-29,MMM,2026-05-29,2026-05-28,False,tradability_policy,False,0.0018318613019299157,80653571000.0,80506095000.0
2026-05-29,MRK,2026-05-29,2026-05-28,True,,False,-0.009758945700225174,293522378596.16,296415077239.67
2026-05-29,MSFT,2026-05-29,2026-05-28,True,,False,0.05445092390922501,3343315235178.24,3170669359161.24
2026-05-29,NKE,2026-05-29,2026-05-28,False,tradability_policy,False,-0.024065864471184306,68438124674.46,70125761752.73999
2026-05-29,PG,2026-05-29,2026-05-28,True,,False,-0.016105818655335447,333633538338.6,339094939948.35
2026-05-29,TRV,2026-05-29,2026-05-28,False,tradability_policy,False,-0.0082226224049472,63117681214.78,63640976937.62
2026-05-29,UNH,2026-05-29,2026-05-28,True,,False,-0.005803466394792456,345198198330.09,347213238692.67
2026-05-29,V,2026-05-29,2026-05-28,True,,False,0.004339129096784244,601285682950.0934,598687898868.2217
2026-05-29,WMT,2026-05-29,2026-05-28,True,,False,-0.026492851135408002,922805589490.75,947918657368.9
2026-06-01,AAPL,2026-06-01,2026-05-29,True,,False,-0.018425943728770156,4496979993400.0,4581396548400.0
2026-06-01,AMGN,2026-06-01,2026-05-29,False,tradability_policy,False,-0.022744143234656677,177423343872.75,181552602263.25
2026-06-01,AXP,2026-06-01,2026-05-29,True,,False,-0.009258381521155212,215280955127.7,217292734162.35
2026-06-01,BA,2026-06-01,2026-05-29,False,tradability_policy,False,-0.029634436513086726,176153353632.80002,181532981240.4
2026-06-01,CAT,2026-06-01,2026-05-29,True,,False,-0.011999497642344203,405402920807.28,410326634288.01
2026-06-01,CRM,2026-06-01,2026-05-29,False,tradability_policy,False,0.0968079539508111,193460800000.0,176385300000.0
2026-06-01,CSCO,2026-06-01,2026-05-29,True,,False,0.00755688423849854,479240522785.86,475646120117.64
2026-06-01,CVX,2026-06-01,2026-05-29,True,,False,0.018469801600350833,370802494712.37,364078045445.94
2026-06-01,DIS,2026-06-01,2026-05-29,False,tradability_policy,False,0.01001669449081799,182200816675.34998,180393866427.33
2026-06-01,GS,2026-06-01,2026-05-29,True,,False,0.026834119895471797,311169178950.75995,304337926686.32
2026-06-01,HD,2026-06-01,2026-05-29,True,,False,-0.020338021063252776,309450802371.54,315875076327.24
2026-06-01,HON,2026-06-01,2026-05-29,False,tradability_policy,False,-0.005549482889094515,78847787141.05925,79287793393.81227
2026-06-01,IBM,2026-06-01,2026-05-29,True,,False,0.07595701813297517,300564983729.68,279346645511.2
2026-06-01,JNJ,2026-06-01,2026-05-29,True,,False,-0.00807704255980124,538636511185.36,543022527248.88
2026-06-01,JPM,2026-06-01,2026-05-29,True,,False,-0.009120978249975042,799885861777.5,807248760161.25
2026-06-01,KO,2026-06-01,2026-05-29,True,,False,-0.0046829515251234355,338208862146.16,339800129681.69
2026-06-01,MCD,2026-06-01,2026-05-29,True,,False,-0.011067335243552967,196148169042.62,198343300846.4
2026-06-01,MMM,2026-06-01,2026-05-29,False,tradability_policy,False,-0.014366877816234469,79494831000.0,80653571000.0
2026-06-01,MRK,2026-06-01,2026-05-29,True,,False,-0.029902291105121215,284745386985.51,293522378596.16
2026-06-01,MSFT,2026-06-01,2026-05-29,True,,False,0.022832267235252335,3419650702079.52,3343315235178.24
2026-06-01,NKE,2026-06-01,2026-05-29,False,tradability_policy,False,0.0023794073112699543,68017141425.69,68438124674.46
2026-06-01,PG,2026-06-01,2026-05-29,True,,False,-0.022847589857899142,326010816091.8,333633538338.6
2026-06-01,TRV,2026-06-01,2026-05-29,False,tradability_policy,False,-0.010140806468190044,62477617024.86,63117681214.78
2026-06-01,UNH,2026-06-01,2026-05-29,True,,False,-0.0011832452472981814,344789744202.54004,345198198330.09
2026-06-01,V,2026-06-01,2026-05-29,True,,False,-0.011000122564039816,594671466741.64,601285682950.0934
2026-06-01,WMT,2026-06-01,2026-05-29,True,,False,-0.009935205183585372,913637326614.6,922805589490.75
2026-06-02,AAPL,2026-06-02,2026-06-01,True,,False,0.02902288531226538,4627495328000.0,4496979993400.0
2026-06-02,AMGN,2026-06-02,2026-06-01,False,tradability_policy,False,-0.0026433324218394505,176954354995.5,177423343872.75
2026-06-02,AXP,2026-06-02,2026-06-01,True,,False,-0.008196721311475419,213516357134.85,215280955127.7
2026-06-02,BA,2026-06-02,2026-06-01,False,tradability_policy,False,-0.02942487739634425,170970062799.19998,176153353632.80002
2026-06-02,CAT,2026-06-02,2026-06-01,True,,False,0.05136590551909026,426226808934.63,405402920807.28
2026-06-02,CRM,2026-06-02,2026-06-01,False,tradability_policy,False,-0.041793893129771,185375320000.0,193460800000.0
2026-06-02,CSCO,2026-06-02,2026-06-01,True,,False,0.054974037748289906,505586309376.0,479240522785.86
2026-06-02,CVX,2026-06-02,2026-06-01,True,,False,0.00925577140397138,374234557839.45,370802494712.37
2026-06-02,DIS,2026-06-02,2026-06-01,False,tradability_policy,False,-0.014000972289742286,179649828089.91,182200816675.34998
2026-06-02,GS,2026-06-02,2026-06-01,True,,False,0.015258730855061131,315917225702.75995,311169178950.75995
2026-06-02,HD,2026-06-02,2026-06-01,True,,False,0.002671473172615846,310277491888.32,309450802371.54
2026-06-02,HON,2026-06-02,2026-06-01,False,tradability_policy,False,-0.005538175361461062,78411114269.00891,78847787141.05925
2026-06-02,IBM,2026-06-02,2026-06-01,True,,False,0.027495162599088685,308829066828.92004,300564983729.68
2026-06-02,JNJ,2026-06-02,2026-06-01,True,,False,-0.00277392510402219,537142373845.04,538636511185.36
2026-06-02,JPM,2026-06-02,2026-06-01,True,,False,0.014768359295974198,811698863580.0,799885861777.5
2026-06-02,KO,2026-06-02,2026-06-01,True,,False,-0.0029247202441505804,337219695840.29,338208862146.16
2026-06-02,MCD,2026-06-02,2026-06-01,True,,False,0.007641881858679644,196325768703.12,196148169042.62
2026-06-02,MMM,2026-06-02,2026-06-01,False,tradability_policy,False,0.013052408401245552,80532430000.0,79494831000.0
2026-06-02,MRK,2026-06-02,2026-06-01,True,,False,0.004167752018754856,285932135146.95,284745386985.51
2026-06-02,MSFT,2026-06-02,2026-06-01,True,,False,-0.041713714930947554,3277004367529.56,3419650702079.52
2026-06-02,NKE,2026-06-02,2026-06-01,False,tradability_policy,False,-0.0478989767036796,64759189953.09,68017141425.69
2026-06-02,PG,2026-06-02,2026-06-01,True,,False,0.0038494439692045024,327265776461.7,326010816091.8
2026-06-02,TRV,2026-06-02,2026-06-01,False,tradability_policy,False,0.010140864569272878,63111194077.72,62477617024.86
2026-06-02,UNH,2026-06-02,2026-06-01,True,,False,-0.00510714473753493,343028853074.88,344789744202.54004
2026-06-02,V,2026-06-02,2026-06-01,True,,False,-0.016885088453078012,584630386425.1857,594671466741.64
2026-06-02,WMT,2026-06-02,2026-06-01,True,,False,-0.013438045375218088,901359826763.06,913637326614.6
2026-06-03,AAPL,2026-06-03,2026-06-02,True,,False,-0.015672588832487344,4554970496400.0,4627495328000.0
2026-06-03,AMGN,2026-06-03,2026-06-02,False,tradability_policy,False,0.030341802229939763,182323469038.5,176954354995.5
2026-06-03,AXP,2026-06-03,2026-06-02,True,,False,-0.03344374055375132,206375571482.85,213516357134.85
2026-06-03,BA,2026-06-03,2026-06-02,False,tradability_policy,False,-0.03270555810748721,165378391475.68002,170970062799.19998
2026-06-03,CAT,2026-06-03,2026-06-02,True,,False,0.017992767720732994,433895808904.13995,426226808934.63
2026-06-03,CRM,2026-06-03,2026-06-02,False,tradability_policy,False,-0.05093606851224852,175933030000.0,185375320000.0
2026-06-03,CSCO,2026-06-03,2026-06-02,True,,False,-0.01171875,499661469813.0,505586309376.0
2026-06-03,CVX,2026-06-03,2026-06-02,True,,False,0.011516928818981587,378544590603.69,374234557839.45
2026-06-03,DIS,2026-06-03,2026-06-02,False,tradability_policy,False,-0.019919140124248114,176071357990.89,179649828089.91
2026-06-03,GS,2026-06-03,2026-06-02,True,,False,-0.022130793364519286,308925726860.44,315917225702.75995
2026-06-03,HD,2026-06-03,2026-06-02,True,,False,0.004654596815613976,311721708514.02,310277491888.32
2026-06-03,HON,2026-06-03,2026-06-02,False,tradability_policy,False,-0.05088636653488077,74421057567.9077,78411114269.00891
2026-06-03,IBM,2026-06-03,2026-06-02,True,,False,-0.07168241047292168,286691454894.52,308829066828.92004
2026-06-03,JNJ,2026-06-03,2026-06-02,True,,False,0.0015702813046796216,537985838472.64,537142373845.04
2026-06-03,JPM,2026-06-03,2026-06-02,True,,False,-0.0003654970760232912,811402190018.7501,811698863580.0
2026-06-03,KO,2026-06-03,2026-06-02,True,,False,0.004463716362709036,338724948914.44,337219695840.29
2026-06-03,MCD,2026-06-03,2026-06-02,True,,False,-0.011108698798668382,194144844872.18002,196325768703.12
2026-06-03,MMM,2026-06-03,2026-06-02,False,tradability_policy,False,-0.00817527795945061,79874055000.0,80532430000.0
2026-06-03,MRK,2026-06-03,2026-06-02,True,,False,-0.008214440121054878,283583362744.10004,285932135146.95
2026-06-03,MSFT,2026-06-03,2026-06-02,True,,False,-0.03165575219233652,3173268329337.84,3277004367529.56
2026-06-03,NKE,2026-06-03,2026-06-02,False,tradability_policy,False,0.0018294077292477784,64877660915.73,64759189953.09
2026-06-03,PG,2026-06-03,2026-06-02,True,,False,-0.004473796335747737,325801656030.15,327265776461.7
2026-06-03,TRV,2026-06-03,2026-06-02,False,tradability_policy,False,-0.006544233536627253,62698179684.899994,63111194077.72
2026-06-03,UNH,2026-06-03,2026-06-02,True,,False,-0.002434377646062691,342193791303.0,343028853074.88
2026-06-03,V,2026-06-03,2026-06-02,True,,False,-0.015504853145090203,575565778139.5059,584630386425.1857
2026-06-03,WMT,2026-06-03,2026-06-02,True,,False,0.03387581814965501,931894128341.89,901359826763.06
2026-06-04,AAPL,2026-06-04,2026-06-03,True,,False,0.0031264101076518003,4569211202200.0,4554970496400.0
2026-06-04,AMGN,2026-06-04,2026-06-03,False,tradability_policy,False,0.021820117083555024,186301788480.0,182323469038.5
2026-06-04,AXP,2026-06-04,2026-06-03,True,,False,0.0397910636457397,214587474982.65,206375571482.85
2026-06-04,BA,2026-06-04,2026-06-03,False,tradability_policy,False,0.03248171716212345,170750165612.31998,165378391475.68002
2026-06-04,CAT,2026-06-04,2026-06-03,True,,False,0.015439763328942702,440595057503.04,433895808904.13995
2026-06-04,CRM,2026-06-04,2026-06-03,False,tradability_policy,False,-0.00975814490320559,174216250000.0,175933030000.0
2026-06-04,CSCO,2026-06-04,2026-06-03,True,,False,0.027667984189723382,513486095460.0,499661469813.0
2026-06-04,CVX,2026-06-04,2026-06-03,True,,False,-0.00716883664540624,375830866270.64996,378544590603.69
2026-06-04,DIS,2026-06-04,2026-06-03,False,tradability_policy,False,-0.0005030687191870387,175982781998.34,176071357990.89
2026-06-04,GS,2026-06-04,2026-06-03,True,,False,0.04955716508808661,324235210106.42,308925726860.44
2026-06-04,HD,2026-06-04,2026-06-03,True,,False,-0.002204684155030945,308713753886.7,311721708514.02
2026-06-04,HON,2026-06-04,2026-06-03,False,tradability_policy,False,-0.02517244468332891,72547697613.00471,74421057567.9077
2026-06-04,IBM,2026-06-04,2026-06-03,True,,False,-0.012629650230671086,283070642095.07996,286691454894.52
2026-06-04,JNJ,2026-06-04,2026-06-03,True,,False,0.02208385593979556,549866640227.12,537985838472.64
2026-06-04,JPM,2026-06-04,2026-06-03,True,,False,0.03337211234834614,838480395063.75,811402190018.7501
2026-06-04,KO,2026-06-04,2026-06-03,True,,False,-0.024631792788217477,330381546160.57996,338724948914.44
2026-06-04,MCD,2026-06-04,2026-06-03,True,,False,-0.0020856965128617233,193739917646.24002,194144844872.18002
2026-06-04,MMM,2026-06-04,2026-06-03,False,tradability_policy,False,0.007385426969996667,80463959000.0,79874055000.0
2026-06-04,MRK,2026-06-04,2026-06-03,True,,False,0.048474280732345276,297329862280.78,283583362744.10004
2026-06-04,MSFT,2026-06-04,2026-06-03,True,,False,0.0016614405391492948,3178540525981.8003,3173268329337.84
2026-06-04,NKE,2026-06-04,2026-06-03,False,tradability_policy,False,-0.00433690938141984,64596292379.46,64877660915.73
2026-06-04,PG,2026-06-04,2026-06-03,True,,False,0.004208574078036875,327172816434.3,325801656030.15
2026-06-04,TRV,2026-06-04,2026-06-03,False,tradability_policy,False,0.012002069322297082,63450687583.86,62698179684.899994
2026-06-04,UNH,2026-06-04,2026-06-03,True,,False,0.05164456233421766,359866239888.33,342193791303.0
2026-06-04,V,2026-06-04,2026-06-03,True,,False,0.02490396927016647,589899650591.2517,575565778139.5059
2026-06-04,WMT,2026-06-04,2026-06-03,True,,False,0.007271793994353626,938670670467.74,931894128341.89
2026-06-05,AAPL,2026-06-05,2026-06-04,True,,False,-0.012498795103299987,4512101567600.0,4569211202200.0
2026-06-05,AMGN,2026-06-05,2026-06-04,False,tradability_policy,False,0.011516203703703543,188447277826.5,186301788480.0
2026-06-05,AXP,2026-06-05,2026-06-04,True,,False,-0.005983425591143066,213303506793.30002,214587474982.65
2026-06-05,BA,2026-06-05,2026-06-04,False,tradability_policy,False,-0.009060803973875431,169203031833.19998,170750165612.31998
2026-06-05,CAT,2026-06-05,2026-06-04,True,,False,-0.03849098332766254,423636120490.44,440595057503.04
2026-06-05,CRM,2026-06-05,2026-06-04,False,tradability_policy,False,-0.016370860927152342,171364180000.0,174216250000.0
2026-06-05,CSCO,2026-06-05,2026-06-04,True,,False,-0.06430769230769229,480464989628.88,513486095460.0
2026-06-05,CVX,2026-06-05,2026-06-04,True,,False,-0.005521635253517343,373755665310.09,375830866270.64996
2026-06-05,DIS,2026-06-05,2026-06-04,False,tradability_policy,False,0.0037245822428024766,176638244343.21,175982781998.34
2026-06-05,GS,2026-06-05,2026-06-04,True,,False,-0.04935887462131949,308231325022.96,324235210106.42
2026-06-05,HD,2026-06-05,2026-06-04,True,,False,0.002677851266333242,309540443403.48,308713753886.7
2026-06-05,HON,2026-06-05,2026-06-04,False,tradability_policy,False,-0.016862709060834313,71324346895.12323,72547697613.00471
2026-06-05,IBM,2026-06-05,2026-06-04,True,,False,-0.056102329588759714,267189719635.36,283070642095.07996
2026-06-05,JNJ,2026-06-05,2026-06-04,True,,False,0.02016040671429198,560952175332.72,549866640227.12
2026-06-05,JPM,2026-06-05,2026-06-04,True,,False,0.004760526231142981,842472002978.75,838480395063.75
2026-06-05,KO,2026-06-05,2026-06-04,True,,False,0.034626399375162764,341821469524.12,330381546160.57996
2026-06-05,MCD,2026-06-05,2026-06-04,True,,False,0.02610736286300952,198797955977.27997,193739917646.24002
2026-06-05,MMM,2026-06-05,2026-06-04,False,tradability_policy,False,0.0064803299077043075,80985392000.0,80463959000.0
2026-06-05,MRK,2026-06-05,2026-06-04,True,,False,0.004407117911192415,298640230042.37,297329862280.78
2026-06-05,MSFT,2026-06-05,2026-06-04,True,,False,-0.026585679243079086,3094036867096.92,3178540525981.8003
2026-06-05,NKE,2026-06-05,2026-06-04,False,tradability_policy,False,-0.014672168729940371,63648524678.34,64596292379.46
2026-06-05,PG,2026-06-05,2026-06-04,True,,False,0.04091490268504039,340559060379.89996,327172816434.3
2026-06-05,TRV,2026-06-05,2026-06-04,False,tradability_policy,False,0.03346624407865595,65574143781.5,63450687583.86
2026-06-05,UNH,2026-06-05,2026-06-04,True,,False,0.0075667768053069295,362589267405.33,359866239888.33
2026-06-05,V,2026-06-05,2026-06-04,True,,False,0.010587794365669367,596145386788.0919,589899650591.2517
2026-06-05,WMT,2026-06-05,2026-06-04,True,,False,0.009682350942755269,947759209318.88,938670670467.74
2026-06-08,AAPL,2026-06-08,2026-06-05,True,,False,-0.01887160799114973,4426950955600.0,4512101567600.0
2026-06-08,AMGN,2026-06-08,2026-06-05,False,tradability_policy,False,-0.0110132158590307,186371867277.75,188447277826.5
2026-06-08,AXP,2026-06-08,2026-06-05,True,,False,0.005279083242129667,214429553761.5,213303506793.30002
2026-06-08,BA,2026-06-08,2026-06-05,False,tradability_policy,False,0.0021814806219540017,169572144968.31998,169203031833.19998
2026-06-08,CAT,2026-06-08,2026-06-05,True,,False,0.012562480647587027,428958041055.72,423636120490.44
2026-06-08,CRM,2026-06-08,2026-06-05,False,tradability_policy,False,-0.016751050307012738,168493650000.0,171364180000.0
2026-06-08,CSCO,2026-06-08,2026-06-05,True,,False,0.02063465965143041,490379221164.30005,480464989628.88
2026-06-08,CVX,2026-06-08,2026-06-05,True,,False,0.010303774491484674,377606759400.36005,373755665310.09
2026-06-08,DIS,2026-06-08,2026-06-05,False,tradability_policy,False,-0.008424430849463316,175150167668.37,176638244343.21
2026-06-08,GS,2026-06-08,2026-06-05,True,,False,0.00608464589671498,310106803490.0,308231325022.96
2026-06-08,HD,2026-06-08,2026-06-05,True,,False,-0.0034429499967822963,308474711134.86,309540443403.48
2026-06-08,HON,2026-06-08,2026-06-05,False,tradability_policy,False,-0.010141608636724753,70601003282.6429,71324346895.12323
2026-06-08,IBM,2026-06-08,2026-06-05,True,,False,-0.014113186350231621,263418821331.28,267189719635.36
2026-06-08,JNJ,2026-06-08,2026-06-05,True,,False,-0.002620612621901497,559482136981.76,560952175332.72
2026-06-08,JPM,2026-06-08,2026-06-05,True,,False,-0.004033678010052166,839073742186.25,842472002978.75
2026-06-08,KO,2026-06-08,2026-06-05,True,,False,0.0007549068948162763,342079512908.26,341821469524.12
2026-06-08,MCD,2026-06-08,2026-06-05,True,,False,-0.007361349342481449,197334534774.75998,198797955977.27997
2026-06-08,MMM,2026-06-08,2026-06-05,False,tradability_policy,False,0.0005853277835587978,81032795000.0,80985392000.0
2026-06-08,MRK,2026-06-08,2026-06-05,True,,False,-0.010514115406904612,295500292198.56,298640230042.37
2026-06-08,MSFT,2026-06-08,2026-06-05,True,,False,-0.01183190534475731,3057428515752.24,3094036867096.92
2026-06-08,NKE,2026-06-08,2026-06-05,False,tradability_policy,False,0.005816658911121486,64018746436.59,63648524678.34
2026-06-08,PG,2026-06-08,2026-06-05,True,,False,-0.00982666848642011,337212499393.5,340559060379.89996
2026-06-08,TRV,2026-06-08,2026-06-05,False,tradability_policy,False,-0.021500412201154062,64164272660.46001,65574143781.5
2026-06-08,UNH,2026-06-08,2026-06-05,True,,False,0.017773549953688628,369033765862.23,362589267405.33
2026-06-08,V,2026-06-08,2026-06-05,True,,False,-0.012053033346725472,588960026561.6385,596145386788.0919
2026-06-08,WMT,2026-06-08,2026-06-05,True,,False,0.007991251682368805,955332991694.83,947759209318.88
2026-06-09,AAPL,2026-06-09,2026-06-08,True,,False,-0.0364462426212111,4265605227000.0,4426950955600.0
2026-06-09,AMGN,2026-06-09,2026-06-08,False,tradability_policy,False,-0.003369681543401004,185743853436.375,186371867277.75
2026-06-09,AXP,2026-06-09,2026-06-08,True,,False,0.019468459814281136,218604166911.9,214429553761.5
2026-06-09,BA,2026-06-09,2026-06-08,False,tradability_policy,False,-0.0065301963690255205,168464805562.96,169572144968.31998
2026-06-09,CAT,2026-06-09,2026-06-08,True,,False,-0.0010266043423178273,428517670868.10004,428958041055.72
2026-06-09,CRM,2026-06-09,2026-06-08,False,tradability_policy,False,-0.03944124897288426,161848050000.0,168493650000.0
2026-06-09,CSCO,2026-06-09,2026-06-08,True,,False,-0.03052758759565044,475409126535.12,490379221164.30005
2026-06-09,CVX,2026-06-09,2026-06-08,True,,False,-0.013105051786091781,372658203263.63995,377606759400.36005
2026-06-09,DIS,2026-06-09,2026-06-08,False,tradability_policy,False,0.004652574087185224,175965066799.83,175150167668.37
2026-06-09,GS,2026-06-09,2026-06-08,True,,False,-0.012430622009569348,306251983033.22,310106803490.0
2026-06-09,HD,2026-06-09,2026-06-08,True,,False,0.03751896935843213,320048364369.77997,308474711134.86
2026-06-09,HON,2026-06-09,2026-06-08,False,tradability_policy,False,0.018413597733710985,71901021756.68588,70601003282.6429
2026-06-09,IBM,2026-06-09,2026-06-08,True,,False,-0.0118581297628374,260295166765.96002,263418821331.28
2026-06-09,JNJ,2026-06-09,2026-06-08,True,,False,0.02084769124741559,571146047832.0,559482136981.76
2026-06-09,JPM,2026-06-09,2026-06-08,True,,False,0.005110732538330387,843362023662.5,839073742186.25
2026-06-09,KO,2026-06-09,2026-06-08,True,,False,0.022630123208448483,349820814432.46,342079512908.26
2026-06-09,MCD,2026-06-09,2026-06-08,True,,False,0.016091871265029978,200510016704.5,197334534774.75998
2026-06-09,MMM,2026-06-09,2026-06-08,False,tradability_policy,False,0.01650958726031848,82370613000.0,81032795000.0
2026-06-09,MRK,2026-06-09,2026-06-08,True,,False,0.0006693440428380271,295698083558.8,295500292198.56
2026-06-09,MSFT,2026-06-09,2026-06-08,True,,False,-0.020231213872832332,2995573025549.16,3057428515752.24
2026-06-09,NKE,2026-06-09,2026-06-08,False,tradability_policy,False,0.03284755956511676,66121606023.45,64018746436.59
2026-06-09,PG,2026-06-09,2026-06-08,True,,False,0.024603721571330173,345509181838.94995,337212499393.5
2026-06-09,TRV,2026-06-09,2026-06-08,False,tradability_policy,False,0.011862636066457766,64925430075.5,64164272660.46001
2026-06-09,UNH,2026-06-09,2026-06-08,True,,False,0.01581523476892044,374870121507.0,369033765862.23
2026-06-09,V,2026-06-09,2026-06-08,True,,False,0.016829855788782266,598872138874.0282,588960026561.6385
2026-06-09,WMT,2026-06-09,2026-06-08,True,,False,-0.007927897855295019,947759209318.88,955332991694.83
2026-06-10,AAPL,2026-06-10,2026-06-09,True,,False,0.0035450008604369643,4280726801200.0,4265605227000.0
2026-06-10,AMGN,2026-06-10,2026-06-09,False,tradability_policy,False,-0.01983660557514544,182059325877.75,185743853436.375
2026-06-10,AXP,2026-06-10,2026-06-09,True,,False,-0.01583014008417616,215143632326.69998,218604166911.9
2026-06-10,BA,2026-06-10,2026-06-09,False,tradability_policy,False,-0.025686448184233823,164137543064.0,168464805562.96
2026-06-10,CAT,2026-06-10,2026-06-09,True,,False,-0.06399912539630492,401092914715.68,428517670868.10004
2026-06-10,CRM,2026-06-10,2026-06-09,False,tradability_policy,False,-0.02526375819788995,157759160000.0,161848050000.0
2026-06-10,CSCO,2026-06-10,2026-06-09,True,,False,-0.012961116650049842,469247293389.6,475409126535.12
2026-06-10,CVX,2026-06-10,2026-06-09,True,,False,0.01627757549796538,378724175302.2,372658203263.63995
2026-06-10,DIS,2026-06-10,2026-06-09,False,tradability_policy,False,-0.007248565388100259,174689572507.11,175965066799.83
2026-06-10,GS,2026-06-10,2026-06-09,True,,False,-0.029767153419056003,297135733269.38,306251983033.22
2026-06-10,HD,2026-06-10,2026-06-09,True,,False,-0.007500077801636862,317647976736.72003,320048364369.77997
2026-06-10,HON,2026-06-10,2026-06-09,False,tradability_policy,False,-0.04552619378766798,68627641906.659676,71901021756.68588
2026-06-10,IBM,2026-06-10,2026-06-09,True,,False,-0.01848715269018697,255483050273.44,260295166765.96002
2026-06-10,JNJ,2026-06-10,2026-06-09,True,,False,0.006286919831223647,574736797246.64,571146047832.0
2026-06-10,JPM,2026-06-10,2026-06-09,True,,False,-0.011384713783178735,833760588407.5,843362023662.5
2026-06-10,KO,2026-06-10,2026-06-09,True,,False,0.02766166707646911,359497441337.71,349820814432.46
2026-06-10,MCD,2026-06-10,2026-06-09,True,,False,0.0009565987599644554,200701824337.84,200510016704.5
2026-06-10,MMM,2026-06-10,2026-06-09,False,tradability_policy,False,0.002941364537374591,82612895000.0,82370613000.0
2026-06-10,MRK,2026-06-10,2026-06-09,True,,False,-0.004264214046822645,294437163637.27,295698083558.8
2026-06-10,MSFT,2026-06-10,2026-06-09,True,,False,-0.014997149302198753,2950647969639.36,2995573025549.16
2026-06-10,NKE,2026-06-10,2026-06-09,False,tradability_policy,False,-0.015453527435610237,65099793970.68,66121606023.45
2026-06-10,PG,2026-06-10,2026-06-09,True,,False,0.0025559965023207454,346392302099.25,345509181838.94995
2026-06-10,TRV,2026-06-10,2026-06-09,False,tradability_policy,False,0.014521232306411225,65597929950.72,64925430075.5
2026-06-10,UNH,2026-06-10,2026-06-09,True,,False,-0.013414043583535151,369841597358.94,374870121507.0
2026-06-10,V,2026-06-10,2026-06-09,True,,False,-0.006429780033841093,595021522752.6724,598872138874.0282
2026-06-10,WMT,2026-06-10,2026-06-09,True,,False,0.01438425302826385,961392017595.5901,947759209318.88
2026-06-11,AAPL,2026-06-11,2026-06-10,True,,False,0.013889841552918725,4340185418200.0,4280726801200.0
2026-06-11,AMGN,2026-06-11,2026-06-10,False,tradability_policy,False,0.04835223403310329,190862301010.5,182059325877.75
2026-06-11,AXP,2026-06-11,2026-06-10,True,,False,0.016435820514457244,218679694452.45,215143632326.69998
2026-06-11,BA,2026-06-11,2026-06-10,False,tradability_policy,False,0.06043062200956939,174056476886.48,164137543064.0
2026-06-11,CAT,2026-06-11,2026-06-10,True,,False,0.04843720799850493,420520735652.49,401092914715.68
2026-06-11,CRM,2026-06-11,2026-06-10,False,tradability_policy,False,-0.02357828223730385,153633350000.0,157759160000.0
2026-06-11,CSCO,2026-06-11,2026-06-10,True,,False,0.025505050505050475,481215469306.86,469247293389.6
2026-06-11,CVX,2026-06-11,2026-06-10,True,,False,-0.020969441517386778,370782540856.98,378724175302.2
2026-06-11,DIS,2026-06-11,2026-06-10,False,tradability_policy,False,0.01754385964912286,177754301849.34,174689572507.11
2026-06-11,GS,2026-06-11,2026-06-10,True,,False,0.03430574558819144,307329196140.08,297135733269.38
2026-06-11,HD,2026-06-11,2026-06-10,True,,False,0.022231280571930245,324709698030.66,317647976736.72003
2026-06-11,HON,2026-06-11,2026-06-10,False,tradability_policy,False,0.064309306392073,73041037957.00052,68627641906.659676
2026-06-11,IBM,2026-06-11,2026-06-10,True,,False,0.009142311646350487,257818755939.40002,255483050273.44
2026-06-11,JNJ,2026-06-11,2026-06-10,True,,False,-0.0006708876682460785,574351213416.88,574736797246.64
2026-06-11,JPM,2026-06-11,2026-06-10,True,,False,0.014071294559099501,845492679238.75,833760588407.5
2026-06-11,KO,2026-06-11,2026-06-10,True,,False,-0.012680942696494779,354938674884.57,359497441337.71
2026-06-11,MCD,2026-06-11,2026-06-10,True,,False,0.007964037944216296,202300221282.34,200701824337.84
2026-06-11,MMM,2026-06-11,2026-06-10,False,tradability_policy,False,0.006758049091488694,83171197000.0,82612895000.0
2026-06-11,MRK,2026-06-11,2026-06-10,True,,False,0.014023007809219834,298566058282.28,294437163637.27
2026-06-11,MSFT,2026-06-11,2026-06-10,True,,False,-0.017666599557076834,2898520053525.84,2950647969639.36
2026-06-11,NKE,2026-06-11,2026-06-10,False,tradability_policy,False,0.04549590536851689,68061568036.68,65099793970.68
2026-06-11,PG,2026-06-11,2026-06-10,True,,False,-0.004763502180476387,344742261612.9,346392302099.25
2026-06-11,TRV,2026-06-11,2026-06-10,False,tradability_policy,False,0.0017800632911391112,65714698417.799995,65597929950.72
2026-06-11,UNH,2026-06-11,2026-06-10,True,,False,-0.004687576694644813,368107936506.45,369841597358.94
2026-06-11,V,2026-06-11,2026-06-10,True,,False,-0.012106762447361752,587817738525.6382,595021522752.6724
2026-06-11,WMT,2026-06-11,2026-06-10,True,,False,-0.0007463305415043031,960674501370.5,961392017595.5901
2026-06-12,AAPL,2026-06-12,2026-06-11,True,,False,-0.015221729865034006,4274120288200.0,4340185418200.0
2026-06-12,AMGN,2026-06-12,2026-06-11,False,tradability_policy,False,0.0032197932553803543,191476838160.0,190862301010.5
2026-06-12,AXP,2026-06-12,2026-06-11,True,,False,0.021821721247134773,223451661787.2,218679694452.45
2026-06-12,BA,2026-06-12,2026-06-11,False,tradability_policy,False,-0.011641023327166877,172030281378.80002,174056476886.48
2026-06-12,CAT,2026-06-12,2026-06-11,True,,False,0.014415739224402202,426582852916.11005,420520735652.49
2026-06-12,CRM,2026-06-12,2026-06-11,False,tradability_policy,False,-0.0033643736857915663,153116470000.0,153633350000.0
2026-06-12,CSCO,2026-06-12,2026-06-11,True,,False,-0.005991956004268273,478332047386.19995,481215469306.86
2026-06-12,CVX,2026-06-12,2026-06-11,True,,False,0.0075341728554514376,373576080611.58,370782540856.98
2026-06-12,DIS,2026-06-12,2026-06-11,False,tradability_policy,False,-0.00298983456248747,177222845894.04,177754301849.34
2026-06-12,GS,2026-06-12,2026-06-11,True,,False,0.02617704994013348,315374167855.5,307329196140.08
2026-06-12,HD,2026-06-12,2026-06-11,True,,False,0.007300389558602571,327080205319.74,324709698030.66
2026-06-12,HON,2026-06-12,2026-06-11,False,tradability_policy,False,0.005430814165753972,73437710260.61877,73041037957.00052
2026-06-12,IBM,2026-06-12,2026-06-11,True,,False,-0.009496088775695855,255370486144.96002,257818755939.40002
2026-06-12,JNJ,2026-06-12,2026-06-11,True,,False,0.010657491713170764,580472356714.3201,574351213416.88
2026-06-12,JPM,2026-06-12,2026-06-11,True,,False,0.023062936616798035,864992223310.0001,845492679238.75
2026-06-12,KO,2026-06-12,2026-06-11,True,,False,0.0010905125408942062,355325739960.78,354938674884.57
2026-06-12,MCD,2026-06-12,2026-06-11,True,,False,0.0001404642342943685,202328637228.02,202300221282.34
2026-06-12,MMM,2026-06-12,2026-06-11,False,tradability_policy,False,0.0025964156798174987,83387144000.0,83171197000.0
2026-06-12,MRK,2026-06-12,2026-06-11,True,,False,-0.014160317986088189,294338267957.14996,298566058282.28
2026-06-12,MSFT,2026-06-12,2026-06-11,True,,False,0.0010247476558897795,2901490305156.24,2898520053525.84
2026-06-12,NKE,2026-06-12,2026-06-11,False,tradability_policy,False,-0.022410791993037416,66536254392.69,68061568036.68
2026-06-12,PG,2026-06-12,2026-06-11,True,,False,0.00856141297020363,347693742482.85004,344742261612.9
2026-06-12,TRV,2026-06-12,2026-06-11,False,tradability_policy,False,0.001842711418229781,65835791642.92,65714698417.799995
2026-06-12,UNH,2026-06-12,2026-06-11,True,,False,0.007323387991616359,370803733748.27997,368107936506.45
2026-06-12,V,2026-06-12,2026-06-11,True,,False,0.010468578592697009,593971354719.5753,587817738525.6382
2026-06-12,WMT,2026-06-12,2026-06-11,True,,False,0.004481327800829993,964979598721.04,960674501370.5
2026-06-15,AAPL,2026-06-15,2026-06-12,True,,False,0.018170576718304687,4351783518800.0,4274120288200.0
2026-06-15,AMGN,2026-06-15,2026-06-12,False,tradability_policy,False,-0.013147522522522603,188959392117.75,191476838160.0
2026-06-15,AXP,2026-06-15,2026-06-12,True,,False,0.03054326450344158,230276604996.9,223451661787.2
2026-06-15,BA,2026-06-15,2026-06-12,False,tradability_policy,False,0.04519516092216369,179805217629.19998,172030281378.80002
2026-06-15,CAT,2026-06-15,2026-06-12,True,,False,0.025654260518136907,437526520557.38995,426582852916.11005
2026-06-15,CRM,2026-06-15,2026-06-12,False,tradability_policy,False,-0.008077641810838365,151879650000.0,153116470000.0
2026-06-15,CSCO,2026-06-15,2026-06-12,True,,False,-0.007679603633360843,474658646857.14,478332047386.19995
2026-06-15,CVX,2026-06-15,2026-06-12,True,,False,-0.036427732079905906,359967551235.60004,373576080611.58
2026-06-15,DIS,2026-06-15,2026-06-12,False,tradability_policy,False,0.016493402638944277,180145853648.19,177222845894.04
2026-06-15,GS,2026-06-15,2026-06-12,True,,False,0.012627617031286897,319356592068.74005,315374167855.5
2026-06-15,HD,2026-06-15,2026-06-12,True,,False,0.004354578397637088,328504501716.12,327080205319.74
2026-06-15,HON,2026-06-15,2026-06-12,False,tradability_policy,False,0.032227316054650235,75804410559.51756,73437710260.61877
2026-06-15,IBM,2026-06-15,2026-06-12,True,,False,-0.012966500146929238,252059224698.83997,255370486144.96002
2026-06-15,JNJ,2026-06-15,2026-06-12,True,,False,-0.02162992485573134,567916783257.76,580472356714.3201
2026-06-15,JPM,2026-06-15,2026-06-12,True,,False,-0.00411573958593181,861432140574.9999,864992223310.0001
2026-06-15,KO,2026-06-15,2026-06-12,True,,False,-0.0142822561123217,347971503512.79,355325739960.78
2026-06-15,MCD,2026-06-15,2026-06-12,True,,False,0.004599557599803461,203259259449.04,202328637228.02
2026-06-15,MMM,2026-06-15,2026-06-12,False,tradability_policy,False,-0.0005684689236988838,83339741000.0,83387144000.0
2026-06-15,MRK,2026-06-15,2026-06-12,True,,False,-0.027719445611087634,284077841144.7,294338267957.14996
2026-06-15,MSFT,2026-06-15,2026-06-12,True,,False,0.023084403951476595,2968469479421.76,2901490305156.24
2026-06-15,NKE,2026-06-15,2026-06-12,False,tradability_policy,False,0.006009347874471382,66936093891.600006,66536254392.69
2026-06-15,PG,2026-06-15,2026-06-12,True,,False,0.005681438406523576,349669143065.10004,347693742482.85004
2026-06-15,TRV,2026-06-15,2026-06-12,False,tradability_policy,False,0.0066018524600934825,66270429825.94,65835791642.92
2026-06-15,UNH,2026-06-15,2026-06-12,True,,False,0.01184764515813197,373091076862.56,370803733748.27997
2026-06-15,V,2026-06-15,2026-06-12,True,,False,0.004435621452278271,596605986802.6083,593971354719.5753
2026-06-15,WMT,2026-06-15,2026-06-12,True,,False,-0.0018175809649703112,963225670170.82,964979598721.04
2026-06-16,AAPL,2026-06-16,2026-06-15,True,,False,0.009513528102017332,4393184333600.0,4351783518800.0
2026-06-16,AMGN,2026-06-16,2026-06-15,False,tradability_policy,False,-0.007674093515533609,187509300072.0,188959392117.75
2026-06-16,AXP,2026-06-16,2026-06-15,True,,False,0.015981871310155604,233956856063.7,230276604996.9
2026-06-16,BA,2026-06-16,2026-06-15,False,tradability_policy,False,-0.006376938196112625,178658610869.04,179805217629.19998
2026-06-16,CAT,2026-06-16,2026-06-15,True,,False,0.012345679012345734,442928082539.58,437526520557.38995
2026-06-16,CRM,2026-06-16,2026-06-15,False,tradability_policy,False,-0.017259191735034984,149258330000.0,151879650000.0
2026-06-16,CSCO,2026-06-16,2026-06-15,True,,False,-0.0049929266871932,472288711031.94,474658646857.14
2026-06-16,CVX,2026-06-16,2026-06-15,True,,False,-0.0016075388026607351,359388889429.29004,359967551235.60004
2026-06-16,DIS,2026-06-16,2026-06-15,False,tradability_policy,False,-0.0040318615399743685,179419530509.28,180145853648.19
2026-06-16,GS,2026-06-16,2026-06-15,True,,False,0.013473707685588643,323659509437.74005,319356592068.74005
2026-06-16,HD,2026-06-16,2026-06-15,True,,False,0.022042326117275968,335745505073.94,328504501716.12
2026-06-16,HON,2026-06-16,2026-06-15,False,tradability_policy,False,0.009146475528780673,76497753745.67384,75804410559.51756
2026-06-16,IBM,2026-06-16,2026-06-15,True,,False,0.007815116668527411,254029096947.24,252059224698.83997
2026-06-16,JNJ,2026-06-16,2026-06-15,True,,False,-0.0020368327251124585,566760031768.48,567916783257.76
2026-06-16,JPM,2026-06-16,2026-06-15,True,,False,0.036756418284283,893095300657.5,861432140574.9999
2026-06-16,KO,2026-06-16,2026-06-15,True,,False,-0.007786429365962078,345262047979.32,347971503512.79
2026-06-16,MCD,2026-06-16,2026-06-15,True,,False,0.0063260170557808415,204545080991.06,203259259449.04
2026-06-16,MMM,2026-06-16,2026-06-15,False,tradability_policy,False,0.021487707767174458,85130521000.0,83339741000.0
2026-06-16,MRK,2026-06-16,2026-06-15,True,,False,0.0023498694516970176,284745386985.51,284077841144.7
2026-06-16,MSFT,2026-06-16,2026-06-15,True,,False,-0.014833900340204154,2924435499001.08,2968469479421.76
2026-06-16,NKE,2026-06-16,2026-06-15,False,tradability_policy,False,-0.0035398230088495852,66699151966.32,66936093891.600006
2026-06-16,PG,2026-06-16,2026-06-15,True,,False,0.013491957995480641,354386864455.65,349669143065.10004
2026-06-16,TRV,2026-06-16,2026-06-15,False,tradability_policy,False,0.003393480601690202,66495317244.02,66270429825.94
2026-06-16,UNH,2026-06-16,2026-06-15,True,,False,-0.008247372518489837,370014055768.35,373091076862.56
2026-06-16,V,2026-06-16,2026-06-15,True,,False,0.028719659069853742,613740307342.6128,596605986802.6083
2026-06-16,WMT,2026-06-16,2026-06-15,True,,False,0.0017381228273465332,964899874696.03,963225670170.82
2026-06-17,AAPL,2026-06-17,2026-06-16,True,,False,-0.010994519449271545,4344883383000.0,4393184333600.0
2026-06-17,AMGN,2026-06-17,2026-06-16,False,tradability_policy,False,-0.01776678932842668,184177861840.5,187509300072.0
2026-06-17,AXP,2026-06-17,2026-06-16,True,,False,-0.0005869577977343221,233819533262.7,233956856063.7
2026-06-17,BA,2026-06-17,2026-06-16,False,tradability_policy,False,-0.008176183568508577,177197865270.48,178658610869.04
2026-06-17,CAT,2026-06-17,2026-06-16,True,,False,0.011063397711166933,447828372074.16,442928082539.58
2026-06-17,CRM,2026-06-17,2026-06-16,False,tradability_policy,False,-0.041370354338012505,143083460000.0,149258330000.0
2026-06-17,CSCO,2026-06-17,2026-06-16,True,,False,-0.018733796102701317,463440950617.86,472288711031.94
2026-06-17,CVX,2026-06-17,2026-06-16,True,,False,-0.01404697129531951,354340564015.62,359388889429.29004
2026-06-17,DIS,2026-06-17,2026-06-16,False,tradability_policy,False,-0.00414691943127965,178675492171.86,179419530509.28
2026-06-17,GS,2026-06-17,2026-06-16,True,,False,0.007765868686220312,326173006687.08,323659509437.74005
2026-06-17,HD,2026-06-17,2026-06-16,True,,False,-0.028508706873535128,326173834885.68,335745505073.94
2026-06-17,HON,2026-06-17,2026-06-16,False,tradability_policy,False,-0.0038345897424724162,76204416243.8385,76497753745.67384
2026-06-17,IBM,2026-06-17,2026-06-16,True,,False,-0.031239614489863676,246093325889.40002,254029096947.24
2026-06-17,JNJ,2026-06-17,2026-06-16,True,,False,-0.004167021005187621,564398330811.2,566760031768.48
2026-06-17,JPM,2026-06-17,2026-06-16,True,,False,0.0070061001389141175,899352415767.5,893095300657.5
2026-06-17,KO,2026-06-17,2026-06-16,True,,False,-0.004359740906826004,343756794905.17004,345262047979.32
2026-06-17,MCD,2026-06-17,2026-06-16,True,,False,-0.014274302781926207,201625342572.44,204545080991.06
2026-06-17,MMM,2026-06-17,2026-06-16,False,tradability_policy,False,-0.014848728577615544,83866441000.0,85130521000.0
2026-06-17,MRK,2026-06-17,2026-06-16,True,,False,0.002344360510549537,285412932826.32,284745386985.51
2026-06-17,MSFT,2026-06-17,2026-06-16,True,,False,-0.03788436635096348,2813645113187.16,2924435499001.08
2026-06-17,NKE,2026-06-17,2026-06-16,False,tradability_policy,False,-0.018872113676731805,65440397988.27,66699151966.32
2026-06-17,PG,2026-06-17,2026-06-16,True,,False,-0.012656567643779981,349901543133.6,354386864455.65
2026-06-17,TRV,2026-06-17,2026-06-16,False,tradability_policy,False,-0.004682774543917301,66183934665.14,66495317244.02
2026-06-17,UNH,2026-06-17,2026-06-16,True,,False,-0.019919048203115408,362643727955.67,370014055768.35
2026-06-17,V,2026-06-17,2026-06-16,True,,False,-0.008225264169068214,608692131183.5146,613740307342.6128
2026-06-17,WMT,2026-06-17,2026-06-16,True,,False,-0.023961001404610438,941779907443.13,964899874696.03
2026-06-18,AAPL,2026-06-18,2026-06-17,True,,False,0.006960635242439617,4375126531400.0,4344883383000.0
2026-06-18,AMGN,2026-06-18,2026-06-17,False,tradability_policy,False,-0.011883158695779383,181989247080.0,184177861840.5
2026-06-18,AXP,2026-06-18,2026-06-17,True,,False,-0.007458741998003227,232075533690.0,233819533262.7
2026-06-18,BA,2026-06-18,2026-06-17,False,tradability_policy,False,-0.012897221114213542,174912505221.12,177197865270.48
2026-06-18,CAT,2026-06-18,2026-06-17,True,,False,0.03127876809774888,461835891871.86005,447828372074.16
2026-06-18,CRM,2026-06-18,2026-06-17,False,tradability_policy,False,-0.02090052896400474,140092940000.0,143083460000.0
2026-06-18,CSCO,2026-06-18,2026-06-17,True,,False,0.018835762379613152,472170214240.68005,463440950617.86
2026-06-18,CVX,2026-06-18,2026-06-17,True,,False,-0.022243495889176845,346458791136.57,354340564015.62
2026-06-18,DIS,2026-06-18,2026-06-17,False,tradability_policy,False,0.03004164187983349,184043197320.39,178675492171.86
2026-06-18,GS,2026-06-18,2026-06-17,True,,False,-0.0023472896992194903,325407384148.32,326173006687.08
2026-06-18,HD,2026-06-18,2026-06-17,True,,False,0.020764626847440848,332946712854.48,326173834885.68
2026-06-18,HON,2026-06-18,2026-06-17,False,tradability_policy,False,0.001749704737325386,76337751471.94545,76204416243.8385
2026-06-18,IBM,2026-06-18,2026-06-17,True,,False,-0.05050505050505061,233664370036.4,246093325889.40002
2026-06-18,JNJ,2026-06-18,2026-06-17,True,,False,-0.02480785653287787,550396817993.0399,564398330811.2
2026-06-18,JPM,2026-06-18,2026-06-17,True,,False,-0.02471060996821195,877128868997.5001,899352415767.5
2026-06-18,KO,2026-06-18,2026-06-17,True,,False,-0.006755911422494765,341434404447.91,343756794905.17004
2026-06-18,MCD,2026-06-18,2026-06-17,True,,False,-0.018356704953843894,197924165647.62,201625342572.44
2026-06-18,MMM,2026-06-18,2026-06-17,False,tradability_policy,False,0.008603906299064379,84588020000.0,83866441000.0
2026-06-18,MRK,2026-06-18,2026-06-17,True,,False,-0.013600138600138534,281531277381.61,285412932826.32
2026-06-18,MSFT,2026-06-18,2026-06-17,True,,False,0.0012931830777755948,2817283671434.4,2813645113187.16
2026-06-18,NKE,2026-06-18,2026-06-17,False,tradability_policy,False,0.02285584973976018,66936093891.600006,65440397988.27
2026-06-18,PG,2026-06-18,2026-06-17,True,,False,-0.0011955366631243303,349483223010.3,349901543133.6
2026-06-18,TRV,2026-06-18,2026-06-17,False,tradability_policy,False,0.005684974025549794,66560188614.62,66183934665.14
2026-06-18,UNH,2026-06-18,2026-06-17,True,,False,0.0035792055665406775,363941704405.44,362643727955.67
2026-06-18,V,2026-06-18,2026-06-17,True,,False,-0.0095042072764695,602906995001.1906,608692131183.5146
2026-06-18,WMT,2026-06-18,2026-06-17,True,,False,-0.008041987640734716,934206125067.18,941779907443.13
2026-06-22,AAPL,2026-06-22,2026-06-18,True,,False,-0.0033555920942249795,4360445391400.0,4375126531400.0
2026-06-22,AMGN,2026-06-22,2026-06-18,False,tradability_policy,False,0.02109004739336484,185827408926.0,181989247080.0
2026-06-22,AXP,2026-06-22,2026-06-18,True,,False,0.0002071005917159141,232123596670.35,232075533690.0
2026-06-22,BA,2026-06-22,2026-06-18,False,tradability_policy,False,-0.008485991379310276,173428199209.68002,174912505221.12
2026-06-22,CAT,2026-06-22,2026-06-18,True,,False,0.036984439349982745,478916633404.44,461835891871.86005
2026-06-22,CRM,2026-06-22,2026-06-18,False,tradability_policy,False,-0.010936882329687703,138560760000.0,140092940000.0
2026-06-22,CSCO,2026-06-22,2026-06-18,True,,False,0.016647147398360262,480030501394.26,472170214240.68005
2026-06-22,CVX,2026-06-22,2026-06-18,True,,False,0.008235903933652144,349312192457.34,346458791136.57
2026-06-22,DIS,2026-06-22,2026-06-18,False,tradability_policy,False,-0.013860814322841475,181492208734.95,184043197320.39
2026-06-22,GS,2026-06-22,2026-06-18,True,,False,0.00894615889691397,328318530313.13995,325407384148.32
2026-06-22,HD,2026-06-22,2026-06-18,True,,False,-0.02291492162259179,325317265024.92,332946712854.48
2026-06-22,HON,2026-06-22,2026-06-18,False,tradability_policy,False,-0.003929959390419513,76037747208.70477,76337751471.94545
2026-06-22,IBM,2026-06-22,2026-06-18,True,,False,0.012525090325170574,236591037376.88,233664370036.4
2026-06-22,JNJ,2026-06-22,2026-06-18,True,,False,0.012697578703095624,557385524907.44,550396817993.0399
2026-06-22,JPM,2026-06-22,2026-06-18,True,,False,0.019248508701801725,894012291665.0,877128868997.5001
2026-06-22,KO,2026-06-22,2026-06-18,True,,False,0.001763446277868841,342036505677.57,341434404447.91
2026-06-22,MCD,2026-06-22,2026-06-18,True,,False,-0.030544488711819362,191878673204.2,197924165647.62
2026-06-22,MMM,2026-06-22,2026-06-18,False,tradability_policy,False,0.01631382316313834,85967974000.0,84588020000.0
2026-06-22,MRK,2026-06-22,2026-06-18,True,,False,0.014138930359181456,285511828506.44,281531277381.61
2026-06-22,MSFT,2026-06-22,2026-06-18,True,,False,-0.031787032156035844,2727730584777.84,2817283671434.4
2026-06-22,NKE,2026-06-22,2026-06-18,False,tradability_policy,False,-0.044469026548672685,63959510955.27,66936093891.600006
2026-06-22,PG,2026-06-22,2026-06-18,True,,False,-0.017954515228088774,343208421160.8,349483223010.3
2026-06-22,TRV,2026-06-22,2026-06-18,False,tradability_policy,False,0.009096520580877954,67165654740.22,66560188614.62
2026-06-22,UNH,2026-06-22,2026-06-18,True,,False,0.01426576217079023,369133610204.52,363941704405.44
2026-06-22,V,2026-06-22,2026-06-18,True,,False,-0.0019557511306685926,601727858964.0289,602906995001.1906
2026-06-22,WMT,2026-06-22,2026-06-18,True,,False,0.0,934206125067.18,934206125067.18
2026-06-23,AAPL,2026-06-23,2026-06-22,True,,False,-0.009124271910036619,4320659502000.0,4360445391400.0
2026-06-23,AMGN,2026-06-23,2026-06-22,False,tradability_policy,False,0.006643072638663261,187061873901.75,185827408926.0
2026-06-23,AXP,2026-06-23,2026-06-22,True,,False,-0.0008578105126157975,231924478608.9,232123596670.35
2026-06-23,BA,2026-06-23,2026-06-22,False,tradability_policy,False,-0.018656885386949207,170192569174.16,173428199209.68002
2026-06-23,CAT,2026-06-23,2026-06-22,True,,False,-0.037210940251203195,461095695173.52,478916633404.44
2026-06-23,CRM,2026-06-23,2026-06-22,False,tradability_policy,False,0.021982414068744793,141606660000.0,138560760000.0
2026-06-23,CSCO,2026-06-23,2026-06-22,True,,False,-0.0031267999670863134,478529542038.30005,480030501394.26
2026-06-23,CVX,2026-06-23,2026-06-22,True,,False,0.005255341025933946,351147947153.22,349312192457.34
2026-06-23,DIS,2026-06-23,2026-06-22,False,tradability_policy,False,0.010541727672035206,183405450174.03,181492208734.95
2026-06-23,GS,2026-06-23,2026-06-22,True,,False,-0.01078301110839941,324778267953.68,328318530313.13995
2026-06-23,HD,2026-06-23,2026-06-22,True,,False,-0.006643806258036955,323155920143.7,325317265024.92
2026-06-23,HON,2026-06-23,2026-06-22,False,tradability_policy,False,-0.025163298408662493,74124386685.36969,76037747208.70477
2026-06-23,IBM,2026-06-23,2026-06-22,True,,False,0.05043216239790649,248522834995.76,236591037376.88
2026-06-23,JNJ,2026-06-23,2026-06-22,True,,False,0.03368066064248354,576158637618.88,557385524907.44
2026-06-23,JPM,2026-06-23,2026-06-22,True,,False,0.008024616869795942,901186397782.5,894012291665.0
2026-06-23,KO,2026-06-23,2026-06-22,True,,False,0.009807619766126097,345391069671.39,342036505677.57
2026-06-23,MCD,2026-06-23,2026-06-22,True,,False,0.005775638652351089,192986895085.72003,191878673204.2
2026-06-23,MMM,2026-06-23,2026-06-22,False,tradability_policy,False,-0.008454846219825951,85241128000.0,85967974000.0
2026-06-23,MRK,2026-06-23,2026-06-22,True,,False,0.035677173536543094,295698083558.8,285511828506.44
2026-06-23,MSFT,2026-06-23,2026-06-22,True,,False,0.017967006043447586,2776739736679.44,2727730584777.84
2026-06-23,NKE,2026-06-23,2026-06-22,False,tradability_policy,False,-0.018754341282704257,62759992458.54,63959510955.27
2026-06-23,PG,2026-06-23,2026-06-22,True,,False,0.02153304442036852,350598743339.10004,343208421160.8
2026-06-23,TRV,2026-06-23,2026-06-22,False,tradability_policy,False,0.02044364315379399,68538765417.92,67165654740.22
2026-06-23,UNH,2026-06-23,2026-06-22,True,,False,0.00631946493557578,371466337110.75,369133610204.52
2026-06-23,V,2026-06-23,2026-06-22,True,,False,0.005756276791181847,605191571073.1912,601727858964.0289
2026-06-23,WMT,2026-06-23,2026-06-22,True,,False,0.019115890083631903,952064306669.42,934206125067.18
2026-06-24,AAPL,2026-06-24,2026-06-23,True,,False,-0.0041454298335033,4302748511200.0,4320659502000.0
2026-06-24,AMGN,2026-06-24,2026-06-23,False,tradability_policy,False,0.012737385089766962,189444553025.25,187061873901.75
2026-06-24,AXP,2026-06-24,2026-06-23,True,,False,0.01415122268932456,235206493552.8,231924478608.9
2026-06-24,BA,2026-06-24,2026-06-23,False,tradability_policy,False,0.016335194499561556,172972697894.0,170192569174.16
2026-06-24,CAT,2026-06-24,2026-06-23,True,,False,0.010373486141591615,465878864977.35004,461095695173.52
2026-06-24,CRM,2026-06-24,2026-06-23,False,tradability_policy,False,-0.00430191630817367,140997480000.0,141606660000.0
2026-06-24,CSCO,2026-06-24,2026-06-23,True,,False,-0.011721007016095797,472920693918.66003,478529542038.30005
2026-06-24,CVX,2026-06-24,2026-06-23,True,,False,-0.0257415615410842,342108850661.55,351147947153.22
2026-06-24,DIS,2026-06-24,2026-06-23,False,tradability_policy,False,-0.023278276827972566,179136087333.12,183405450174.03
2026-06-24,GS,2026-06-24,2026-06-23,True,,False,-0.016017323928218974,319576189231.02,324778267953.68
2026-06-24,HD,2026-06-24,2026-06-23,True,,False,0.05674217907227619,341492491232.76,323155920143.7
2026-06-24,HON,2026-06-24,2026-06-23,False,tradability_policy,False,0.02270989791788458,75807743940.22023,74124386685.36969
2026-06-24,IBM,2026-06-24,2026-06-23,True,,False,-0.00747339020155513,246665526875.83997,248522834995.76
2026-06-24,JNJ,2026-06-24,2026-06-23,True,,False,0.008030784674585956,580785643576.0,576158637618.88
2026-06-24,JPM,2026-06-24,2026-06-23,True,,False,-0.0020650026934817545,899325445443.75,901186397782.5
2026-06-24,KO,2026-06-24,2026-06-23,True,,False,0.0036110073465320802,346638279361.39996,345391069671.39
2026-06-24,MCD,2026-06-24,2026-06-23,True,,False,0.008171979680482888,194563980070.96,192986895085.72003
2026-06-24,MMM,2026-06-24,2026-06-23,False,tradability_policy,False,0.02514829461196233,87384797000.0,85241128000.0
2026-06-24,MRK,2026-06-24,2026-06-23,True,,False,0.008361204013378032,298170475561.8,295698083558.8
2026-06-24,MSFT,2026-06-24,2026-06-23,True,,False,-0.022677434882601544,2713770402114.96,2776739736679.44
2026-06-24,NKE,2026-06-24,2026-06-23,False,tradability_policy,False,-0.013213780084945781,61930695720.06,62759992458.54
2026-06-24,PG,2026-06-24,2026-06-23,True,,False,0.00782182155640987,353341064147.39996,350598743339.10004
2026-06-24,TRV,2026-06-24,2026-06-23,False,tradability_policy,False,0.011925795053003618,69356144687.48,68538765417.92
2026-06-24,UNH,2026-06-24,2026-06-23,True,,False,-0.008430054978619372,368334855466.2,371466337110.75
2026-06-24,V,2026-06-24,2026-06-23,True,,False,0.01141622016561139,612100571290.9349,605191571073.1912
2026-06-24,WMT,2026-06-24,2026-06-23,True,,False,-0.003516998827667095,948715897619.0,952064306669.42
2026-06-25,AAPL,2026-06-25,2026-06-24,True,,False,-0.061177835403302905,4039515670999.9995,4302748511200.0
2026-06-25,AMGN,2026-06-25,2026-06-24,True,,False,0.003955268474518325,190193857093.5,189444553025.25
2026-06-25,AXP,2026-06-25,2026-06-24,True,,False,-0.00029191966370856193,235137832152.3,235206493552.8
2026-06-25,BA,2026-06-25,2026-06-24,False,tradability_policy,False,-0.00967082860385926,171299908579.52,172972697894.0
2026-06-25,CAT,2026-06-25,2026-06-24,True,,False,0.06290914575896212,495186906400.23,465878864977.35004
2026-06-25,CRM,2026-06-25,2026-06-24,False,tradability_policy,False,-0.016823775857554235,138625370000.0,140997480000.0
2026-06-25,CSCO,2026-06-25,2026-06-24,True,,False,-0.006347615468136669,469918775206.74,472920693918.66003
2026-06-25,CVX,2026-06-25,2026-06-24,True,,False,0.004607757363662923,343685205237.36005,342108850661.55
2026-06-25,DIS,2026-06-25,2026-06-24,False,tradability_policy,False,-0.030359968354430444,173697521390.55,179136087333.12
2026-06-25,GS,2026-06-25,2026-06-24,True,,False,-0.010975847563863383,316068569692.98,319576189231.02
2026-06-25,HD,2026-06-25,2026-06-24,True,,False,0.006241614653211158,343623955770.0,341492491232.76
2026-06-25,HON,2026-06-25,2026-06-24,False,tradability_policy,False,0.01679711546917617,77081095368.64185,75807743940.22023
2026-06-25,IBM,2026-06-25,2026-06-24,True,,False,-0.01783541222999696,242266145521.08,246665526875.83997
2026-06-25,JNJ,2026-06-25,2026-06-24,True,,False,0.01609958506224074,590136051447.6799,580785643576.0
2026-06-25,JPM,2026-06-25,2026-06-24,True,,False,0.0050082471135102224,903829489510.0,899325445443.75
2026-06-25,KO,2026-06-25,2026-06-24,True,,False,-0.0022332506203472935,345864149208.98,346638279361.39996
2026-06-25,MCD,2026-06-25,2026-06-24,False,tradability_policy,False,-0.034102526654008924,187928856754.68002,194563980070.96
2026-06-25,MMM,2026-06-25,2026-06-24,False,tradability_policy,False,0.01241637032125853,88469799000.0,87384797000.0
2026-06-25,MRK,2026-06-25,2026-06-24,True,,False,0.04021558872305153,310161576776.35004,298170475561.8
2026-06-25,MSFT,2026-06-25,2026-06-24,True,,False,-0.03455918568379579,2619984706885.08,2713770402114.96
2026-06-25,NKE,2026-06-25,2026-06-24,False,tradability_policy,False,-0.02199904351984705,60568279649.7,61930695720.06
2026-06-25,PG,2026-06-25,2026-06-24,True,,False,-0.02328334648776631,345114101722.5,353341064147.39996
2026-06-25,TRV,2026-06-25,2026-06-24,False,tradability_policy,False,-0.007638585770405881,68826361827.58,69356144687.48
2026-06-25,UNH,2026-06-25,2026-06-24,True,,False,0.023977328733366,377166541379.67,368334855466.2
2026-06-25,V,2026-06-25,2026-06-24,True,,False,-0.005147036691448781,608950067191.6437,612100571290.9349
2026-06-25,WMT,2026-06-25,2026-06-24,True,,False,-0.027058823529411802,923044761565.78,948715897619.0
2026-06-26,AAPL,2026-06-26,2026-06-25,True,,False,0.03136471015809561,4166213909199.9995,4039515670999.9995
2026-06-26,AMGN,2026-06-26,2026-06-25,True,,False,0.015617028513122744,193164119982.75,190193857093.5
2026-06-26,AXP,2026-06-26,2026-06-25,True,,False,-0.006132103019330648,233695942741.80002,235137832152.3
2026-06-26,BA,2026-06-26,2026-06-25,False,tradability_policy,False,-0.00398863011186501,170616656606.0,171299908579.52
2026-06-26,CAT,2026-06-26,2026-06-25,True,,False,-0.05632870076915064,467293671324.81,495186906400.23
2026-06-26,CRM,2026-06-26,2026-06-25,False,tradability_policy,False,0.05446434516279375,146175510000.0,138625370000.0
2026-06-26,CSCO,2026-06-26,2026-06-25,True,,False,-0.04370849794065734,449379331388.33997,469918775206.74
2026-06-26,CVX,2026-06-26,2026-06-25,True,,False,-0.006850905712958655,341330650301.34,343685205237.36005
2026-06-26,DIS,2026-06-26,2026-06-25,False,tradability_policy,False,0.007547169811320753,175008446080.29,173697521390.55
2026-06-26,GS,2026-06-26,2026-06-25,True,,False,-0.04270061684928028,302572246800.42,316068569692.98
2026-06-26,HD,2026-06-26,2026-06-25,True,,False,0.011188405797101453,347468560028.76,343623955770.0
2026-06-26,HON,2026-06-26,2026-06-25,False,tradability_policy,False,0.004194775990313149,77404433296.80125,77081095368.64185
2026-06-26,IBM,2026-06-26,2026-06-25,True,,False,0.05172881093429371,254798285158.52,242266145521.08
2026-06-26,JNJ,2026-06-26,2026-06-25,True,,False,0.03993792878144409,613704863041.76,590136051447.6799
2026-06-26,JPM,2026-06-26,2026-06-25,True,,False,-0.01811291477679633,887458502993.75,903829489510.0
2026-06-26,KO,2026-06-26,2026-06-25,True,,False,0.027480726187515403,355368747191.47,345864149208.98
2026-06-26,MCD,2026-06-26,2026-06-25,False,tradability_policy,False,0.01973236561578573,191637137665.91998,187928856754.68002
2026-06-26,MMM,2026-06-26,2026-06-25,False,tradability_policy,False,-0.023575638506876273,86384067000.0,88469799000.0
2026-06-26,MRK,2026-06-26,2026-06-25,True,,False,0.025587883618971574,318097955105.98,310161576776.35004
2026-06-26,MSFT,2026-06-26,2026-06-25,True,,False,0.05708131394722682,2769536876475.72,2619984706885.08
2026-06-26,NKE,2026-06-26,2026-06-25,False,tradability_policy,False,-0.003667481662591676,60346146594.75,60568279649.7
2026-06-26,PG,2026-06-26,2026-06-25,True,,False,0.0035016835016836723,346322582078.7,345114101722.5
2026-06-26,TRV,2026-06-26,2026-06-25,False,tradability_policy,False,0.028527443526343843,70789801977.74,68826361827.58
2026-06-26,UNH,2026-06-26,2026-06-25,True,,False,0.029745144754891317,388385414749.70996,377166541379.67
2026-06-26,V,2026-06-26,2026-06-25,True,,False,0.01727580781798399,619470171523.195,608950067191.6437
2026-06-26,WMT,2026-06-26,2026-06-25,True,,False,-0.0007773363275177525,922327245340.69,923044761565.78
2026-06-29,AAPL,2026-06-29,2026-06-26,True,,False,-0.0071886672774683635,4138015679440.0,4166213909199.9995
2026-06-29,AMGN,2026-06-29,2026-06-26,True,,False,0.00619540646889738,194360850221.25,193164119982.75
2026-06-29,AXP,2026-06-29,2026-06-26,True,,False,0.0015277941003641882,234052982024.4,233695942741.80002
2026-06-29,BA,2026-06-29,2026-06-26,False,tradability_policy,False,-0.011783659378596045,168606168040.24,170616656606.0
2026-06-29,CAT,2026-06-29,2026-06-26,True,,False,0.03581060082007492,484027738454.37,467293671324.81
2026-06-29,CRM,2026-06-29,2026-06-26,False,tradability_policy,False,-0.0027783039717117486,145769390000.0,146175510000.0
2026-06-29,CSCO,2026-06-29,2026-06-26,True,,False,0.03454337698866139,464902411043.4,449379331388.33997
2026-06-29,CVX,2026-06-29,2026-06-26,True,,False,-0.015140886238746654,336162601755.33,341330650301.34
2026-06-29,DIS,2026-06-29,2026-06-26,False,tradability_policy,False,-0.0016195971252151997,171272121749.12,175008446080.29
2026-06-29,GS,2026-06-29,2026-06-26,True,,False,0.0005884602936416794,302750298553.62,302572246800.42
2026-06-29,HD,2026-06-29,2026-06-26,True,,False,0.005589634810525768,349410782387.46,347468560028.76
2026-06-29,HON,2026-06-29,2026-06-26,False,tradability_policy,False,-0.06460832866801602,72403462230.0,77404433296.80125
2026-06-29,IBM,2026-06-29,2026-06-26,True,,False,0.023451017928800333,260773564312.0,254798285158.52
2026-06-29,JNJ,2026-06-29,2026-06-26,True,,False,0.015118196811434892,622289659173.21,613704863041.76
2026-06-29,JPM,2026-06-29,2026-06-26,True,,False,0.0010332776173833658,888375494001.25,887458502993.75
2026-06-29,KO,2026-06-29,2026-06-26,True,,False,0.00024204284158302336,355454761652.85004,355368747191.47
2026-06-29,MCD,2026-06-29,2026-06-26,False,tradability_policy,False,-0.009564056939501686,189804309169.56,191637137665.91998
2026-06-29,MMM,2026-06-29,2026-06-26,False,tradability_policy,False,-0.009633558929333486,85551881000.0,86384067000.0
2026-06-29,MRK,2026-06-29,2026-06-26,True,,False,0.005596144877972886,319878077348.14,318097955105.98
2026-06-29,MSFT,2026-06-29,2026-06-26,True,,False,-0.011797195484891665,2736864108541.32,2769536876475.72
2026-06-29,NKE,2026-06-29,2026-06-26,False,tradability_policy,False,0.017914110429447794,61427194128.84,60346146594.75
2026-06-29,PG,2026-06-29,2026-06-26,True,,False,-0.0038249899342371885,344997901688.25,346322582078.7
2026-06-29,TRV,2026-06-29,2026-06-26,False,tradability_policy,False,0.013776460885236874,71765034915.76,70789801977.74
2026-06-29,UNH,2026-06-29,2026-06-26,True,,False,-0.018859987379934107,381060470728.98,388385414749.70996
2026-06-29,V,2026-06-29,2026-06-26,True,,False,0.016119917913333115,629455979837.9071,619470171523.195
2026-06-29,WMT,2026-06-29,2026-06-26,True,,False,-0.009421730486645408,913637326614.6,922327245340.69
2026-06-30,AAPL,2026-06-30,2026-06-29,True,,False,0.027046212820330817,4249933332160.0,4138015679440.0
2026-06-30,AMGN,2026-06-30,2026-06-29,True,,False,0.0043544584662320585,195439160180.88,194360850221.25
2026-06-30,AXP,2026-06-30,2026-06-29,True,,False,-0.007715325041070198,230796919344.75,234052982024.4
2026-06-30,BA,2026-06-30,2026-06-29,False,tradability_policy,False,0.008291024267548464,170643805591.57,168606168040.24
2026-06-30,CAT,2026-06-30,2026-06-29,True,,False,0.03069135396200129,490532368987.4,484027738454.37
2026-06-30,CRM,2026-06-30,2026-06-29,False,tradability_policy,False,-0.008041537389982922,144597180000.0,145769390000.0
2026-06-30,CSCO,2026-06-30,2026-06-29,True,,False,-0.0020390824129142837,463954436713.31995,464902411043.4
2026-06-30,CVX,2026-06-30,2026-06-29,True,,False,-0.016085950020775286,330127240056.32,336162601755.33
2026-06-30,DIS,2026-06-30,2026-06-29,False,tradability_policy,False,-0.016526411842238686,167139224560.0,171272121749.12
2026-06-30,GS,2026-06-30,2026-06-29,True,,False,-0.008664882720224254,298361655376.77,302750298553.62
2026-06-30,HD,2026-06-30,2026-06-29,True,,False,0.005330520794732285,351273323828.88,349410782387.46
2026-06-30,HON,2026-06-30,2026-06-29,False,tradability_policy,False,-0.017120280948200173,70937466784.0,72403462230.0
2026-06-30,IBM,2026-06-30,2026-06-29,True,,False,0.011546762589927928,264305139588.8,260773564312.0
2026-06-30,JNJ,2026-06-30,2026-06-29,True,,False,-0.01756218328111092,611360894124.87,622289659173.21
2026-06-30,JPM,2026-06-30,2026-06-29,True,,False,-0.00625398463827076,877084472453.94,888375494001.25
2026-06-30,KO,2026-06-30,2026-06-29,True,,False,-0.016696914700544574,349519763817.63,355454761652.85004
2026-06-30,MCD,2026-06-30,2026-06-29,False,tradability_policy,False,0.01171494872370693,192056838746.29,189804309169.56
2026-06-30,MMM,2026-06-30,2026-06-29,False,tradability_policy,False,-0.0032013790555932564,84446955228.51,85551881000.0
2026-06-30,MRK,2026-06-30,2026-06-29,True,,False,-0.006801669500695606,317372437327.5,319878077348.14
2026-06-30,MSFT,2026-06-30,2026-06-29,True,,False,0.012073690208101562,2770954713286.08,2736864108541.32
2026-06-30,NKE,2026-06-30,2026-06-29,False,tradability_policy,False,-0.010366441658630654,60790412704.649994,61427194128.84
2026-06-30,PG,2026-06-30,2026-06-29,True,,False,-0.012192657460424416,341465754133.92,344997901688.25
2026-06-30,TRV,2026-06-30,2026-06-29,False,tradability_policy,False,-0.005303121610220507,70198266053.16,71765034915.76
2026-06-30,UNH,2026-06-30,2026-06-29,True,,False,-0.00998046781954165,377452058634.52,381060470728.98
2026-06-30,V,2026-06-30,2026-06-29,True,,False,0.004214839748280408,624654033580.8464,629455979837.9071
2026-06-30,WMT,2026-06-30,2026-06-29,True,,False,-0.011692844677137826,902954307263.26,913637326614.6
2026-07-01,AAPL,2026-07-01,2026-06-30,True,,False,0.017348631462537956,4323663859280.0,4249933332160.0
2026-07-01,AMGN,2026-07-01,2026-06-30,True,,False,-0.002181597260576651,195012790644.41998,195439160180.88
2026-07-01,AXP,2026-07-01,2026-06-30,True,,False,0.02882483370288247,237449602164.0,230796919344.75
2026-07-01,BA,2026-07-01,2026-06-30,False,tradability_policy,False,0.009747309095948786,172307123509.98,170643805591.57
2026-07-01,CAT,2026-07-01,2026-06-30,True,,False,-0.0690111747581934,456680153946.66,490532368987.4
2026-07-01,CRM,2026-07-01,2026-06-30,False,tradability_policy,False,0.04193795480658746,150661290000.0,144597180000.0
2026-07-01,CSCO,2026-07-01,2026-06-30,True,,False,-0.0038310914353821834,462176984844.42004,463954436713.31995
2026-07-01,CVX,2026-07-01,2026-06-30,True,,False,-0.0004222972972972583,329987828215.08,330127240056.32
2026-07-01,DIS,2026-07-01,2026-06-30,False,tradability_policy,False,-0.005610389610389621,166201508391.03998,167139224560.0
2026-07-01,GS,2026-07-01,2026-06-30,True,,False,0.008147364466021267,300792516525.81,298361655376.77
2026-07-01,HD,2026-07-01,2026-06-30,True,,False,-0.005217194056935548,349440662731.44,351273323828.88
2026-07-01,HON,2026-07-01,2026-06-30,False,tradability_policy,False,-0.009602501116569906,70256289680.0,70937466784.0
2026-07-01,IBM,2026-07-01,2026-06-30,True,,False,0.017922548984744546,269042161400.0,264305139588.8
2026-07-01,JNJ,2026-07-01,2026-06-30,True,,False,3.937472929860242e-05,611384966294.58,611360894124.87
2026-07-01,JPM,2026-07-01,2026-06-30,True,,False,0.020590841047261277,895144379411.26,877084472453.94
2026-07-01,KO,2026-07-01,2026-06-30,True,,False,0.00024609326934910136,349605778279.01,349519763817.63
2026-07-01,MCD,2026-07-01,2026-06-30,False,tradability_policy,False,-0.0032555214383485076,191431593590.37,192056838746.29
2026-07-01,MMM,2026-07-01,2026-06-30,False,tradability_policy,False,-0.012043727997035347,83429899069.56,84446955228.51
2026-07-01,MRK,2026-07-01,2026-06-30,True,,False,-0.024357976653696434,309641886908.55,317372437327.5
2026-07-01,MSFT,2026-07-01,2026-06-30,True,,False,0.030186049005415327,2854598888053.1196,2770954713286.08
2026-07-01,NKE,2026-07-01,2026-06-30,False,tradability_policy,False,0.0489646772228991,63766995640.98,60790412704.649994
2026-07-01,PG,2026-07-01,2026-06-30,True,,False,0.005387343153300694,343305347326.54004,341465754133.92
2026-07-01,TRV,2026-07-01,2026-06-30,False,tradability_policy,False,0.0136314067611778,71155167171.66,70198266053.16
2026-07-01,UNH,2026-07-01,2026-06-30,True,,False,0.026249308278998296,387359914082.16003,377452058634.52
2026-07-01,V,2026-07-01,2026-06-30,True,,False,0.02328834999562801,639201195341.058,624654033580.8464
2026-07-01,WMT,2026-07-01,2026-06-30,True,,False,-0.03920183648242992,867556840158.82,902954307263.26
2026-07-02,AAPL,2026-07-02,2026-07-01,True,,False,0.048406821115564824,4532958682280.0,4323663859280.0
2026-07-02,AMGN,2026-07-02,2026-07-01,True,,False,0.035480032103617276,201931850717.09998,195012790644.41998
2026-07-02,AXP,2026-07-02,2026-07-01,True,,False,0.014109195402298491,240151614878.28,237449602164.0
2026-07-02,BA,2026-07-02,2026-07-01,False,tradability_policy,False,0.03618812334156818,178542594948.19,172307123509.98
2026-07-02,CAT,2026-07-02,2026-07-01,True,,False,-0.028121564236794017,443837593661.77997,456680153946.66
2026-07-02,CRM,2026-07-02,2026-07-01,False,tradability_policy,False,0.017643815475096636,153319530000.0,150661290000.0
2026-07-02,CSCO,2026-07-02,2026-07-01,True,,False,-0.036919921374241604,445113446902.98,462176984844.42004
2026-07-02,CVX,2026-07-02,2026-07-01,True,,False,0.021184139054861495,336978336254.39996,329987828215.08
2026-07-02,DIS,2026-07-02,2026-07-01,False,tradability_policy,False,0.03959878800543315,172782886688.0,166201508391.03998
2026-07-02,GS,2026-07-02,2026-07-01,True,,False,0.0013632663469365092,301202576841.0,300792516525.81
2026-07-02,HD,2026-07-02,2026-07-01,True,,False,0.020123133052103448,356472503681.39996,349440662731.44
2026-07-02,HON,2026-07-02,2026-07-01,False,tradability_policy,False,0.03657271702367537,72825753081.6,70256289680.0
2026-07-02,IBM,2026-07-02,2026-07-01,True,,False,0.011423580786026122,272115586265.59998,269042161400.0
2026-07-02,JNJ,2026-07-02,2026-07-01,True,,False,0.03567210016536748,633194352051.8401,611384966294.58
2026-07-02,JPM,2026-07-02,2026-07-01,True,,False,0.0011973538479961299,896216183978.4601,895144379411.26
2026-07-02,KO,2026-07-02,2026-07-01,True,,False,0.035059662935170266,361862839025.66,349605778279.01
2026-07-02,MCD,2026-07-02,2026-07-01,False,tradability_policy,False,0.041569238763315086,199389259211.16998,191431593590.37
2026-07-02,MMM,2026-07-02,2026-07-01,False,tradability_policy,False,0.0030007501875468634,83680251354.84,83429899069.56
2026-07-02,MRK,2026-07-02,2026-07-01,True,,False,0.03342107362207858,319990451207.4,309641886908.55
2026-07-02,MSFT,2026-07-02,2026-07-01,True,,False,0.016160091599875193,2900729467564.96,2854598888053.1196
2026-07-02,NKE,2026-07-02,2026-07-01,False,tradability_policy,False,0.02392011147236417,65292309284.97001,63766995640.98
2026-07-02,PG,2026-07-02,2026-07-01,True,,False,0.026995862443193408,352573171258.98,343305347326.54004
2026-07-02,TRV,2026-07-02,2026-07-01,False,tradability_policy,False,0.022981292212061355,72790404860.83,71155167171.66
2026-07-02,UNH,2026-07-02,2026-07-01,True,,False,-0.0027664462887420083,386288303685.44,387359914082.16003
2026-07-02,V,2026-07-02,2026-07-01,True,,False,0.03147430785006278,659319610541.3505,639201195341.058
2026-07-02,WMT,2026-07-02,2026-07-01,True,,False,0.027752251424370655,891633495711.8401,867556840158.82
2026-07-06,AAPL,2026-07-06,2026-07-02,True,,False,0.013057706639017619,4592148726960.0,4532958682280.0
2026-07-06,AMGN,2026-07-06,2026-07-02,False,tradability_policy,False,-0.020606708539355867,197770699924.56,201931850717.09998
2026-07-06,AXP,2026-07-06,2026-07-02,True,,False,0.011563814069780687,242928683501.28998,240151614878.28
2026-07-06,BA,2026-07-06,2026-07-02,False,tradability_policy,False,0.03554240805333553,184888428712.74,178542594948.19
2026-07-06,CAT,2026-07-06,2026-07-02,True,,False,0.006631864083111116,446781064257.92,443837593661.77997
2026-07-06,CRM,2026-07-06,2026-07-02,False,tradability_policy,False,-0.0027692492926374435,152894950000.0,153319530000.0
2026-07-06,CSCO,2026-07-06,2026-07-02,True,,False,0.015174372171443906,450208808927.16003,445113446902.98
2026-07-06,CVX,2026-07-06,2026-07-02,True,,False,-0.006501182033096908,334787578749.2,336978336254.39996
2026-07-06,DIS,2026-07-06,2026-07-02,False,tradability_policy,False,-0.021005025125628185,169153577811.84,172782886688.0
2026-07-06,GS,2026-07-06,2026-07-02,True,,False,0.03358472086190001,311318381307.08997,301202576841.0
2026-07-06,HD,2026-07-06,2026-07-02,True,,False,-0.020257055043308214,349251420552.89996,356472503681.39996
2026-07-06,HON,2026-07-06,2026-07-02,False,tradability_policy,False,0.005742625946228097,73243964140.8,72825753081.6
2026-07-06,IBM,2026-07-06,2026-07-02,True,,False,0.034539928156949395,281514439065.6,272115586265.59998
2026-07-06,JNJ,2026-07-06,2026-07-02,True,,False,-0.014104318734793342,624263577089.4299,633194352051.8401
2026-07-06,JPM,2026-07-06,2026-07-02,True,,False,0.014201572637306814,904924596086.9601,896216183978.4601
2026-07-06,KO,2026-07-06,2026-07-02,True,,False,-0.014024245305443439,356933941397.27997,361862839025.66
2026-07-06,MCD,2026-07-06,2026-07-02,True,,False,-0.004026654313508904,198586387590.5,199389259211.16998
2026-07-06,MMM,2026-07-06,2026-07-02,False,tradability_policy,False,-0.008040388930441233,83007429588.15001,83680251354.84
2026-07-06,MRK,2026-07-06,2026-07-02,True,,False,-0.021457239888854618,313124339333.7,319990451207.4
2026-07-06,MSFT,2026-07-06,2026-07-02,True,,False,-0.009603318907014269,2872872837424.96,2900729467564.96
2026-07-06,NKE,2026-07-06,2026-07-02,False,tradability_policy,False,-0.017010660013608514,64181644010.22001,65292309284.97001
2026-07-06,PG,2026-07-06,2026-07-02,True,,False,-0.01386962552011095,347683113405.18,352573171258.98
2026-07-06,TRV,2026-07-06,2026-07-02,False,tradability_policy,False,-0.00917297186760535,72122700524.81,72790404860.83
2026-07-06,UNH,2026-07-06,2026-07-02,True,,False,-0.017326499905962023,379595279427.96,386288303685.44
2026-07-06,V,2026-07-06,2026-07-02,True,,False,-0.013475823599259917,650434735774.1625,659319610541.3505
2026-07-06,WMT,2026-07-06,2026-07-02,True,,False,-0.010640200286123003,882146336735.65,891633495711.8401
2026-07-07,AAPL,2026-07-07,2026-07-06,True,,False,-0.006396724876863047,4562774014960.0,4592148726960.0
2026-07-07,AMGN,2026-07-07,2026-07-06,False,tradability_policy,False,0.004530073136120638,198666615659.40002,197770699924.56
2026-07-07,AXP,2026-07-07,2026-07-06,True,,False,-0.018116450860882427,238527677943.94,242928683501.28998
2026-07-07,BA,2026-07-07,2026-07-06,False,tradability_policy,False,-0.012194082032915388,182633884046.08002,184888428712.74
2026-07-07,CAT,2026-07-07,2026-07-06,True,,False,-0.03072418343780925,433054080883.12,446781064257.92
2026-07-07,CRM,2026-07-07,2026-07-06,False,tradability_policy,False,0.023362511319046098,156466960000.0,152894950000.0
2026-07-07,CSCO,2026-07-07,2026-07-06,True,,False,-0.01921389717494293,441558543165.18005,450208808927.16003
2026-07-07,CVX,2026-07-07,2026-07-06,True,,False,0.035157644259369514,346557921345.32,334787578749.2
2026-07-07,DIS,2026-07-07,2026-07-06,False,tradability_policy,False,0.0007186120521507355,169275133611.52002,169153577811.84
2026-07-07,GS,2026-07-07,2026-07-06,True,,False,-0.011665039941627375,307686839954.58,311318381307.08997
2026-07-07,HD,2026-07-07,2026-07-06,True,,False,-0.015514045344360516,343833118177.86,349251420552.89996
2026-07-07,HON,2026-07-07,2026-07-06,False,tradability_policy,False,-0.026516134613720932,71301817328.0,73243964140.8
2026-07-07,IBM,2026-07-07,2026-07-06,True,,False,0.02206864316239332,287727080766.4,281514439065.6
2026-07-07,JNJ,2026-07-07,2026-07-06,True,,False,0.030501677399452642,643304663330.04,624263577089.4299
2026-07-07,JPM,2026-07-07,2026-07-06,True,,False,0.004441549212365281,908943863213.9601,904924596086.9601
2026-07-07,KO,2026-07-07,2026-07-06,True,,False,0.01313886210221793,361623647232.89996,356933941397.27997
2026-07-07,MCD,2026-07-07,2026-07-06,True,,False,0.00969588550983902,200511858468.38998,198586387590.5
2026-07-07,MMM,2026-07-07,2026-07-06,False,tradability_policy,False,-0.0071630537229030455,82412842910.61,83007429588.15001
2026-07-07,MRK,2026-07-07,2026-07-06,True,,False,0.0164063732449915,318261574116.9,313124339333.7
2026-07-07,MSFT,2026-07-07,2026-07-06,True,,False,0.005430004654289666,2888472550303.36,2872872837424.96
2026-07-07,NKE,2026-07-07,2026-07-06,False,tradability_policy,False,-0.002999538532533541,63989128695.93,64181644010.22001
2026-07-07,PG,2026-07-07,2026-07-06,True,,False,0.02303931417855476,355693493889.5,347683113405.18
2026-07-07,TRV,2026-07-07,2026-07-06,False,tradability_policy,False,0.013444585311200852,73092360324.89,72122700524.81
2026-07-07,UNH,2026-07-07,2026-07-06,True,,False,0.024402497667408207,388858352348.76,379595279427.96
2026-07-07,V,2026-07-07,2026-07-06,True,,False,-0.014135759272218329,641240346926.97,650434735774.1625
2026-07-07,WMT,2026-07-07,2026-07-06,True,,False,0.008043380027112468,889241774961.54,882146336735.65
2026-07-08,AAPL,2026-07-08,2026-07-07,True,,False,0.008787742226227913,4602870496840.0,4562774014960.0
2026-07-08,AMGN,2026-07-08,2026-07-07,True,,False,-0.0002988318391742295,198607247749.26,198666615659.40002
2026-07-08,AXP,2026-07-08,2026-07-07,True,,False,-0.037730991475484865,229527792160.77,238527677943.94
2026-07-08,BA,2026-07-08,2026-07-07,False,tradability_policy,False,-0.0290486878453039,177328609358.44998,182633884046.08002
2026-07-08,CAT,2026-07-08,2026-07-07,True,,False,0.008467004212228346,436720751610.08,433054080883.12
2026-07-08,CRM,2026-07-08,2026-07-07,False,tradability_policy,False,-0.01734308636149129,153753340000.0,156466960000.0
2026-07-08,CSCO,2026-07-08,2026-07-07,True,,False,0.018159048215403706,449576826040.44,441558543165.18005
2026-07-08,CVX,2026-07-08,2026-07-07,True,,False,0.011263720475834793,350461452900.04,346557921345.32
2026-07-08,DIS,2026-07-08,2026-07-07,False,tradability_policy,False,-0.008001641362330725,167920654700.80002,169275133611.52002
2026-07-08,GS,2026-07-08,2026-07-07,True,,False,-0.012790274022512316,303751440958.44,307686839954.58
2026-07-08,HD,2026-07-08,2026-07-07,True,,False,-0.026071087164334705,334869014983.86,343833118177.86
2026-07-08,HON,2026-07-08,2026-07-07,False,tradability_policy,False,-0.02083981337480556,69815900761.6,71301817328.0
2026-07-08,IBM,2026-07-08,2026-07-07,True,,False,-0.013327671250775719,283892348824.0,287727080766.4
2026-07-08,JNJ,2026-07-08,2026-07-07,True,,False,-0.0143691064211946,634060950161.3999,643304663330.04
2026-07-08,JPM,2026-07-08,2026-07-07,True,,False,-0.02535227875714885,885900065019.16,908943863213.9601
2026-07-08,KO,2026-07-08,2026-07-07,True,,False,-0.00773349196906592,358827033661.2,361623647232.89996
2026-07-08,MCD,2026-07-08,2026-07-07,False,tradability_policy,False,-0.014032103752524616,197698255266.75,200511858468.38998
2026-07-08,MMM,2026-07-08,2026-07-07,False,tradability_policy,False,-0.02094804126321126,80686455276.7,82412842910.61
2026-07-08,MRK,2026-07-08,2026-07-07,True,,False,-0.022272233431631316,311173178045.85,318261574116.9
2026-07-08,MSFT,2026-07-08,2026-07-07,True,,False,-0.014144635325583743,2847616159431.36,2888472550303.36
2026-07-08,NKE,2026-07-08,2026-07-07,False,tradability_policy,False,-0.0074056931265911174,63515244845.37,63989128695.93
2026-07-08,PG,2026-07-08,2026-07-07,True,,False,-0.028477905073649668,345564088335.2,355693493889.5
2026-07-08,TRV,2026-07-08,2026-07-07,False,tradability_policy,False,-0.016844616414046,71861147552.42,73092360324.89
2026-07-08,UNH,2026-07-08,2026-07-07,True,,False,-0.006048716691188449,386506258342.4,388858352348.76
2026-07-08,V,2026-07-08,2026-07-07,True,,False,-0.013259511641113053,632737813082.1404,641240346926.97
2026-07-08,WMT,2026-07-08,2026-07-07,True,,False,0.013986013986013957,901678722863.1,889241774961.54
2026-07-09,AAPL,2026-07-09,2026-07-08,True,,False,0.009030281757554715,4644435714320.0,4602870496840.0
2026-07-09,AMGN,2026-07-09,2026-07-08,False,tradability_policy,False,-0.01187532269898639,196248722591.88,198607247749.26
2026-07-09,AXP,2026-07-09,2026-07-08,True,,False,0.03070840393590779,236576224316.96002,229527792160.77
2026-07-09,BA,2026-07-09,2026-07-08,False,tradability_policy,False,-0.00817959546565894,175878133069.41,177328609358.44998
2026-07-09,CAT,2026-07-09,2026-07-08,True,,False,-0.010220656484684842,432257178828.14,436720751610.08
2026-07-09,CRM,2026-07-09,2026-07-08,False,tradability_policy,False,-0.024492736222835987,149987500000.0,153753340000.0
2026-07-09,CSCO,2026-07-09,2026-07-08,True,,False,0.039448251625373576,467311845799.02,449576826040.44
2026-07-09,CVX,2026-07-09,2026-07-08,True,,False,-0.010910950730238067,346637585254.60004,350461452900.04
2026-07-09,DIS,2026-07-09,2026-07-08,False,tradability_policy,False,-0.005480868665977301,167000303646.08002,167920654700.80002
2026-07-09,GS,2026-07-09,2026-07-08,True,,False,0.0255720445981118,311518986353.37,303751440958.44
2026-07-09,HD,2026-07-09,2026-07-08,True,,False,0.007495315427857641,337378963878.18,334869014983.86
2026-07-09,HON,2026-07-09,2026-07-08,False,tradability_policy,False,0.013886367761844154,70785390035.2,69815900761.6
2026-07-09,IBM,2026-07-09,2026-07-08,True,,False,-0.022347293494454523,277548123184.0,283892348824.0
2026-07-09,JNJ,2026-07-09,2026-07-08,True,,False,-0.016324981017463713,623709917186.1001,634060950161.3999
2026-07-09,JPM,2026-07-09,2026-07-08,True,,False,0.014669408989171906,898895695396.4601,885900065019.16
2026-07-09,KO,2026-07-09,2026-07-08,True,,False,-0.009232613908872978,355514122199.33997,358827033661.2
2026-07-09,MCD,2026-07-09,2026-07-08,True,,False,-0.006325247079964069,196447764954.91,197698255266.75
2026-07-09,MMM,2026-07-09,2026-07-08,False,tradability_policy,False,0.0041370394311570635,81020258323.74,80686455276.7
2026-07-09,MRK,2026-07-09,2026-07-08,True,,False,-0.007302166838638047,308900939584.05,311173178045.85
2026-07-09,MSFT,2026-07-09,2026-07-08,True,,False,0.0026608232900298123,2855193162829.44,2847616159431.36
2026-07-09,NKE,2026-07-09,2026-07-08,False,tradability_policy,False,-0.0025647003963628068,63352347271.740005,63515244845.37
2026-07-09,PG,2026-07-09,2026-07-08,True,,False,-0.01044474393531003,341954759919.3,345564088335.2
2026-07-09,TRV,2026-07-09,2026-07-08,False,tradability_policy,False,-0.001361188376634792,71763330993.64,71861147552.42
2026-07-09,UNH,2026-07-09,2026-07-08,True,,False,0.014285714285714235,392027776318.72003,386506258342.4
2026-07-09,V,2026-07-09,2026-07-08,True,,False,0.0019278911173137292,633957662691.57,632737813082.1404
2026-07-09,WMT,2026-07-09,2026-07-08,True,,False,-0.007869142351900948,894583284637.21,901678722863.1
2026-07-10,AAPL,2026-07-10,2026-07-09,True,,False,-0.0028461197900196966,4631217093920.0,4644435714320.0
2026-07-10,AMGN,2026-07-10,2026-07-09,True,,False,-0.0006325284637809236,196124589688.86,196248722591.88
2026-07-10,AXP,2026-07-10,2026-07-09,True,,False,0.011132902630364372,239210004386.94,236576224316.96002
2026-07-10,BA,2026-07-10,2026-07-09,False,tradability_policy,False,-0.0037201380484963575,175223842134.68,175878133069.41
2026-07-10,CAT,2026-07-10,2026-07-09,True,,False,0.014940483167979135,438715309932.66,432257178828.14
2026-07-10,CRM,2026-07-10,2026-07-09,False,tradability_policy,False,0.0050461538461537,150744360000.0,149987500000.0
2026-07-10,CSCO,2026-07-10,2026-07-09,True,,False,0.025357112670103987,479161524925.02,467311845799.02
2026-07-10,CVX,2026-07-10,2026-07-09,True,,False,0.013501867279517299,351317839924.8,346637585254.60004
2026-07-10,DIS,2026-07-10,2026-07-09,False,tradability_policy,False,-0.0057190392014141445,166045222362.88,167000303646.08002
2026-07-10,GS,2026-07-10,2026-07-09,True,,False,-0.0007481273142229128,311285930490.78,311518986353.37
2026-07-10,HD,2026-07-10,2026-07-09,True,,False,0.013491571458093432,341930736277.8,337378963878.18
2026-07-10,HON,2026-07-10,2026-07-09,False,tradability_policy,False,0.013427625100707274,71735869715.2,70785390035.2
2026-07-10,IBM,2026-07-10,2026-07-09,True,,False,-0.026210633254317717,270273411116.8,277548123184.0
2026-07-10,JNJ,2026-07-10,2026-07-09,True,,False,-0.008182169046700105,618606617207.5801,623709917186.1001
2026-07-10,JPM,2026-07-10,2026-07-09,True,,False,0.002980892479208297,901575206814.4601,898895695396.4601
2026-07-10,KO,2026-07-10,2026-07-09,True,,False,0.01040784218806734,359214257078.82,355514122199.33997
2026-07-10,MCD,2026-07-10,2026-07-09,False,tradability_policy,False,-0.0068356902600454905,195104908881.40002,196447764954.91
2026-07-10,MMM,2026-07-10,2026-07-09,False,tradability_policy,False,0.014033732457834569,82157274952.72,81020258323.74
2026-07-10,MRK,2026-07-10,2026-07-09,True,,False,-0.012233149436315593,305122108229.10004,308900939584.05
2026-07-10,MSFT,2026-07-10,2026-07-09,True,,False,0.001925278384847573,2860690204510.4004,2855193162829.44
2026-07-10,NKE,2026-07-10,2026-07-09,False,tradability_policy,False,0.03716690042075732,65706957654.21,63352347271.740005
2026-07-10,PG,2026-07-10,2026-07-09,True,,False,0.0012938372488933148,342397193725.12,341954759919.3
2026-07-10,TRV,2026-07-10,2026-07-09,False,tradability_policy,False,0.0042669195211568756,72069539351.56,71763330993.64
2026-07-10,UNH,2026-07-10,2026-07-09,True,,False,-0.016354707190511464,385616276826.48,392027776318.72003
2026-07-10,V,2026-07-10,2026-07-09,True,,False,0.0022113727742678613,635359579406.8845,633957662691.57
2026-07-10,WMT,2026-07-10,2026-07-09,True,,False,0.015061046252562216,908056644863.9,894583284637.21
2026-07-13,AAPL,2026-07-13,2026-07-10,True,,False,0.006311049092984966,4660444932360.0,4631217093920.0
2026-07-13,AMGN,2026-07-13,2026-07-10,True,,False,-0.008090481301081476,194537847363.3,196124589688.86
2026-07-13,AXP,2026-07-13,2026-07-10,True,,False,0.010981801585943307,241836961192.49,239210004386.94
2026-07-13,BA,2026-07-13,2026-07-10,False,tradability_policy,False,-0.03045708115889878,169887035353.81,175223842134.68
2026-07-13,CAT,2026-07-13,2026-07-10,True,,False,-0.021986329416952777,429069570608.22003,438715309932.66
2026-07-13,CRM,2026-07-13,2026-07-10,False,tradability_policy,False,0.04837129561596876,158036060000.0,150744360000.0
2026-07-13,CSCO,2026-07-13,2026-07-10,True,,False,-0.016981287610254747,471024745258.5,479161524925.02
2026-07-13,CVX,2026-07-13,2026-07-10,True,,False,0.03287981859410416,362869106770.39996,351317839924.8
2026-07-13,DIS,2026-07-13,2026-07-10,False,tradability_policy,False,0.003974064003346545,166705096704.0,166045222362.88
2026-07-13,GS,2026-07-13,2026-07-10,True,,False,-0.008785230955855816,308551211698.11005,311285930490.78
2026-07-13,HD,2026-07-13,2026-07-10,True,,False,-0.018030876784153826,335765425303.26,341930736277.8
2026-07-13,HON,2026-07-13,2026-07-10,False,tradability_policy,False,-0.01841710096281246,70414702960.0,71735869715.2
2026-07-13,IBM,2026-07-13,2026-07-10,True,,False,0.009285018778689702,272782904814.40002,270273411116.8
2026-07-13,JNJ,2026-07-13,2026-07-10,True,,False,0.003074169196046306,620508318614.6699,618606617207.5801
2026-07-13,JPM,2026-07-13,2026-07-10,True,,False,-0.005765744345707091,896376954663.5399,901575206814.4601
2026-07-13,KO,2026-07-13,2026-07-10,True,,False,0.00910288657324232,362484143716.5,359214257078.82
2026-07-13,MCD,2026-07-13,2026-07-10,False,tradability_policy,False,-0.00724690458849242,193691002221.99002,195104908881.40002
2026-07-13,MMM,2026-07-13,2026-07-10,False,tradability_policy,False,0.0011427120365665733,82251157059.7,82157274952.72
2026-07-13,MRK,2026-07-13,2026-07-10,True,,False,0.003966326695806988,306332322192.45,305122108229.10004
2026-07-13,MSFT,2026-07-13,2026-07-10,True,,False,0.01529472864191117,2904443684916.96,2860690204510.4004
2026-07-13,NKE,2026-07-13,2026-07-10,False,tradability_policy,False,-0.013748027946810848,64803616564.079994,65706957654.21
2026-07-13,PG,2026-07-13,2026-07-10,True,,False,0.00904515778019599,345494230365.86,342397193725.12
2026-07-13,TRV,2026-07-13,2026-07-10,False,tradability_policy,False,0.007641921397379736,72620289106.43,72069539351.56
2026-07-13,UNH,2026-07-13,2026-07-10,True,,False,0.010527059488483648,389675682312.36,385616276826.48
2026-07-13,V,2026-07-13,2026-07-10,True,,False,0.025159755852938614,651345071303.5875,635359579406.8845
2026-07-13,WMT,2026-07-13,2026-07-10,True,,False,0.007726075504828733,915072359064.78,908056644863.9
2026-07-14,AAPL,2026-07-14,2026-07-13,True,,False,-0.007721155967350457,4624460910160.0,4660444932360.0
2026-07-14,AMGN,2026-07-14,2026-07-13,True,,False,-0.014426411430156771,191731364338.5,194537847363.3
2026-07-14,AXP,2026-07-14,2026-07-13,True,,False,0.0017775019044663498,242266826851.58,241836961192.49
2026-07-14,BA,2026-07-14,2026-07-13,False,tradability_policy,False,0.007424249454781817,171148319083.41,169887035353.81
2026-07-14,CAT,2026-07-14,2026-07-13,True,,False,0.0020075794174798656,429930961846.84,429069570608.22003
2026-07-14,CRM,2026-07-14,2026-07-13,False,tradability_policy,False,-0.021376007475762182,154657880000.0,158036060000.0
2026-07-14,CSCO,2026-07-14,2026-07-13,True,,False,-0.01811320754716983,462492976287.78,471024745258.5
2026-07-14,CVX,2026-07-14,2026-07-13,True,,False,-0.0024149286498352796,361992803768.32,362869106770.39996
2026-07-14,DIS,2026-07-14,2026-07-13,False,tradability_policy,False,-0.0013541666666666563,166479350218.88,166705096704.0
2026-07-14,GS,2026-07-14,2026-07-13,True,,False,0.08995993919170853,336308459940.0,308551211698.11005
2026-07-14,HD,2026-07-14,2026-07-13,True,,False,0.0018688261991635091,336392912526.84,335765425303.26
2026-07-14,HON,2026-07-14,2026-07-13,False,tradability_policy,False,0.001934758155230698,70550938380.8,70414702960.0
2026-07-14,IBM,2026-07-14,2026-07-13,True,,False,-0.2520759397719051,204020897729.6,272782904814.40002
2026-07-14,JNJ,2026-07-14,2026-07-13,True,,False,-0.015207355394343702,611072028088.35,620508318614.6699
2026-07-14,JPM,2026-07-14,2026-07-13,True,,False,0.024990284877290492,918777670118.02,896376954663.5399
2026-07-14,KO,2026-07-14,2026-07-13,True,,False,-0.01388724035608313,357450239287.44,362484143716.5
2026-07-14,MCD,2026-07-14,2026-07-13,False,tradability_policy,False,-0.013462455522541439,191083445719.46,193691002221.99002
2026-07-14,MMM,2026-07-14,2026-07-13,False,tradability_policy,False,-0.007102092580849595,81667001727.38,82251157059.7
2026-07-14,MRK,2026-07-14,2026-07-13,True,,False,-0.026203337902120483,298305392843.7,306332322192.45
2026-07-14,MSFT,2026-07-14,2026-07-13,True,,False,-0.015499117624491632,2859427370610.72,2904443684916.96
2026-07-14,NKE,2026-07-14,2026-07-13,False,tradability_policy,False,-0.020566727605118795,63470818234.38,64803616564.079994
2026-07-14,PG,2026-07-14,2026-07-13,True,,False,-0.015434387005459294,340161738706.24005,345494230365.86
2026-07-14,TRV,2026-07-14,2026-07-13,False,tradability_policy,False,-0.013703844689760158,71625111943.19,72620289106.43
2026-07-14,UNH,2026-07-14,2026-07-13,True,,False,-0.009089002307208216,386133919136.76,389675682312.36
2026-07-14,V,2026-07-14,2026-07-13,True,,False,-0.0048357791754019,648195310371.777,651345071303.5875
2026-07-14,WMT,2026-07-14,2026-07-13,True,,False,-0.009409304756926251,906462164363.7001,915072359064.78
2026-07-15,AAPL,2026-07-15,2026-07-14,True,,False,0.040144826271993894,4810109090000.0,4624460910160.0
2026-07-15,AMGN,2026-07-15,2026-07-14,True,,False,0.008641801548205486,193388268739.68,191731364338.5
2026-07-15,AXP,2026-07-15,2026-07-14,True,,False,0.009519517827972779,244573090228.92,242266826851.58
2026-07-15,BA,2026-07-15,2026-07-14,False,tradability_policy,False,0.004652019713509148,171944504437.72,171148319083.41
2026-07-15,CAT,2026-07-15,2026-07-14,True,,False,-0.02039985428675517,421160432871.8,429930961846.84
2026-07-15,CRM,2026-07-15,2026-07-14,False,tradability_policy,False,-0.0033420864168058895,154141000000.0,154657880000.0
2026-07-15,CSCO,2026-07-15,2026-07-14,True,,False,-0.04543513536595789,441479545304.33997,462492976287.78
2026-07-15,CVX,2026-07-15,2026-07-14,True,,False,-0.0008802816901408717,361674148131.2,361992803768.32
2026-07-15,DIS,2026-07-15,2026-07-14,False,tradability_policy,False,0.013351413372274967,168702084841.6,166479350218.88
2026-07-15,GS,2026-07-15,2026-07-14,True,,False,0.010587719298245535,339869199511.47,336308459940.0
2026-07-15,HD,2026-07-15,2026-07-14,True,,False,0.010955172617990172,340078154951.04,336392912526.84
2026-07-15,HON,2026-07-15,2026-07-14,False,tradability_policy,False,0.0007185198491108657,70601630630.4,70550938380.8
2026-07-15,IBM,2026-07-15,2026-07-14,True,,False,-0.027041968028746477,198503771136.0,204020897729.6
2026-07-15,JNJ,2026-07-15,2026-07-14,True,,False,-0.026905652944652303,594630736176.42,611072028088.35
2026-07-15,JPM,2026-07-15,2026-07-14,True,,False,0.011723876461839255,929549306018.3801,918777670118.02
2026-07-15,KO,2026-07-15,2026-07-14,True,,False,-0.007583052479537722,354739675364.10004,357450239287.44
2026-07-15,MCD,2026-07-15,2026-07-14,False,tradability_policy,False,-0.014836022904737178,188248527342.05,191083445719.46
2026-07-15,MMM,2026-07-15,2026-07-14,False,tradability_policy,False,0.025226721164899768,83727192408.33,81667001727.38
2026-07-15,MRK,2026-07-15,2026-07-14,True,,False,0.02343103162775284,305294995938.15,298305392843.7
2026-07-15,MSFT,2026-07-15,2026-07-14,True,,False,0.027797261839815013,2938911621943.52,2859427370610.72
2026-07-15,NKE,2026-07-15,2026-07-14,False,tradability_policy,False,-0.002099860009332599,63337538401.41,63470818234.38
2026-07-15,PG,2026-07-15,2026-07-14,True,,False,0.01348576122672518,344749078692.9,340161738706.24005
2026-07-15,TRV,2026-07-15,2026-07-14,False,tradability_policy,False,-0.02268206513671578,70000506488.67,71625111943.19
2026-07-15,UNH,2026-07-15,2026-07-14,True,,False,-0.01568710458853695,380076595962.07996,386133919136.76
2026-07-15,V,2026-07-15,2026-07-14,True,,False,-0.002471771248806265,646593119839.9889,648195310371.777
2026-07-15,WMT,2026-07-15,2026-07-14,True,,False,-0.010290237467018515,897134453437.53,906462164363.7001
2026-07-16,AAPL,2026-07-16,2026-07-15,True,,False,0.017587786259541938,4894708260560.0,4810109090000.0
2026-07-16,AMGN,2026-07-16,2026-07-15,True,,False,0.03700602813127918,200544800452.91998,193388268739.68
2026-07-16,AXP,2026-07-16,2026-07-15,True,,False,0.00873228434326534,246708771995.51,244573090228.92
2026-07-16,BA,2026-07-16,2026-07-15,False,tradability_policy,False,-0.01732991014120666,168964721626.54,171944504437.72
2026-07-16,CAT,2026-07-16,2026-07-15,True,,False,-0.04061030296401613,404056980096.42,421160432871.8
2026-07-16,CRM,2026-07-16,2026-07-15,False,tradability_policy,False,0.03401197604790429,159383640000.0,154141000000.0
2026-07-16,CSCO,2026-07-16,2026-07-15,True,,False,-0.018878053144851026,433145270985.72,441479545304.33997
2026-07-16,CVX,2026-07-16,2026-07-15,True,,False,0.012444933920704893,366175159005.52,361674148131.2
2026-07-16,DIS,2026-07-16,2026-07-15,False,tradability_policy,False,0.02635100360267617,173147554087.03998,168702084841.6
2026-07-16,GS,2026-07-16,2026-07-15,True,,False,-0.049137639205950934,323168829408.66003,339869199511.47
2026-07-16,HD,2026-07-16,2026-07-15,True,,False,0.019271321462043023,346631910397.32,340078154951.04
2026-07-16,HON,2026-07-16,2026-07-15,False,tradability_policy,False,0.015661461138036348,71707355324.8,70601630630.4
2026-07-16,IBM,2026-07-16,2026-07-15,True,,False,0.037168560606060774,205881870584.0,198503771136.0
2026-07-16,JNJ,2026-07-16,2026-07-15,True,,False,0.011942352845923265,601732026240.87,594630736176.42
2026-07-16,JPM,2026-07-16,2026-07-15,True,,False,-0.010838546020581874,919474343086.7,929549306018.3801
2026-07-16,KO,2026-07-16,2026-07-15,True,,False,0.0299575500303213,365366806936.56,354739675364.10004
2026-07-16,MCD,2026-07-16,2026-07-15,False,tradability_policy,False,0.03211926778637486,194294932202.13998,188248527342.05
2026-07-16,MMM,2026-07-16,2026-07-15,False,tradability_policy,False,0.007724412882327281,84373935811.97,83727192408.33
2026-07-16,MRK,2026-07-16,2026-07-15,True,,False,0.03252164064396079,315223690086.45,305294995938.15
2026-07-16,MSFT,2026-07-16,2026-07-15,True,,False,0.013826049591790346,2979545159774.4004,2938911621943.52
2026-07-16,NKE,2026-07-16,2026-07-15,False,tradability_policy,False,0.04208557400046753,66003135060.81,63337538401.41
2026-07-16,PG,2026-07-16,2026-07-15,True,,False,0.023302938196555045,352782745167.0,344749078692.9
2026-07-16,TRV,2026-07-16,2026-07-15,False,tradability_policy,False,0.02621586317931901,71835630189.26,70000506488.67
2026-07-16,UNH,2026-07-16,2026-07-15,True,,False,0.011612348274873341,384490177765.52,380076595962.07996
2026-07-16,V,2026-07-16,2026-07-15,True,,False,0.028157909556794536,664799830428.4889,646593119839.9889
2026-07-16,WMT,2026-07-16,2026-07-15,True,,False,0.021505376344086002,916427667489.9501,897134453437.53
2026-07-17,AAPL,2026-07-17,2026-07-16,True,,False,0.0014403168697114666,4901758191440.0,4894708260560.0
2026-07-17,AMGN,2026-07-17,2026-07-16,True,,False,-0.014236503579309834,197689743683.46002,200544800452.91998
2026-07-17,AXP,2026-07-17,2026-07-16,True,,False,-0.017202754653317442,242464701520.05002,246708771995.51
2026-07-17,BA,2026-07-17,2026-07-16,False,tradability_policy,False,-0.001446300270598111,168720347903.93,168964721626.54
2026-07-17,CAT,2026-07-17,2026-07-16,True,,False,0.0035454928919138595,405489561247.27997,404056980096.42
2026-07-17,CRM,2026-07-17,2026-07-16,False,tradability_policy,False,-0.011060921936529966,157620710000.0,159383640000.0
2026-07-17,CSCO,2026-07-17,2026-07-16,True,,False,0.020791537479482036,442151027121.48,433145270985.72
2026-07-17,CVX,2026-07-17,2026-07-16,True,,False,0.019145001631676095,373185583022.16,366175159005.52
2026-07-17,DIS,2026-07-17,2026-07-16,False,tradability_policy,False,-0.02045933206298256,169605070782.08002,173147554087.03998
2026-07-17,GS,2026-07-17,2026-07-16,True,,False,-0.027604841801617597,314247804997.62,323168829408.66003
2026-07-17,HD,2026-07-17,2026-07-16,True,,False,-0.026291592437216238,337518405483.42,346631910397.32
2026-07-17,HON,2026-07-17,2026-07-16,False,tradability_policy,False,-0.005788008659921351,71292312531.2,71707355324.8
2026-07-17,IBM,2026-07-17,2026-07-16,True,,False,-0.02912577037206132,199885402497.59998,205881870584.0
2026-07-17,JNJ,2026-07-17,2026-07-16,True,,False,0.012281473776853291,609122182341.84,601732026240.87
2026-07-17,JPM,2026-07-17,2026-07-16,True,,False,-0.005974063820486486,913981344679.8,919474343086.7
2026-07-17,KO,2026-07-17,2026-07-16,True,,False,-0.039566650965614736,350910466012.08,365366806936.56
2026-07-17,MCD,2026-07-17,2026-07-16,False,tradability_policy,False,-0.021026841219922487,190209523512.88998,194294932202.13998
2026-07-17,MMM,2026-07-17,2026-07-16,False,tradability_policy,False,-0.011930518637571885,83367310998.24,84373935811.97
2026-07-17,MRK,2026-07-17,2026-07-16,True,,False,-0.0010185693018882613,314902612912.5,315223690086.45
2026-07-17,MSFT,2026-07-17,2026-07-16,True,,False,-0.018150087260034975,2925466155129.28,2979545159774.4004
2026-07-17,NKE,2026-07-17,2026-07-16,False,tradability_policy,False,-0.018173659412160648,64803616564.079994,66003135060.81
2026-07-17,PG,2026-07-17,2026-07-16,True,,False,-0.010033003300330079,349243274720.44,352782745167.0
2026-07-17,TRV,2026-07-17,2026-07-16,False,tradability_policy,False,0.09223847019122622,78461638823.14,71835630189.26
2026-07-17,UNH,2026-07-17,2026-07-16,True,,False,0.006400869195521741,386951249100.36,384490177765.52
2026-07-17,V,2026-07-17,2026-07-16,True,,False,-0.018020485293312127,652819814861.256,664799830428.4889
2026-07-17,WMT,2026-07-17,2026-07-16,True,,False,-0.006176598521096199,910767261714.24,916427667489.9501
2026-07-20,AAPL,2026-07-20,2026-07-17,True,,False,-0.0214238628872776,4796743596040.0,4901758191440.0
2026-07-20,AMGN,2026-07-20,2026-07-17,True,,False,-0.0057877637937153725,196545562142.58002,197689743683.46002
2026-07-20,AXP,2026-07-20,2026-07-17,True,,False,-0.009624314056563943,240131145084.99,242464701520.05002
2026-07-20,BA,2026-07-20,2026-07-17,False,tradability_policy,False,-0.021258702051114353,165133572297.88,168720347903.93
2026-07-20,CAT,2026-07-20,2026-07-17,True,,False,-0.01630163129913209,398128581571.8,405489561247.27997
2026-07-20,CRM,2026-07-20,2026-07-17,False,tradability_policy,False,0.01768460502430158,160408170000.0,157620710000.0
2026-07-20,CSCO,2026-07-20,2026-07-17,True,,False,-0.011077362872967567,437253159749.4,442151027121.48
2026-07-20,CVX,2026-07-20,2026-07-17,True,,False,0.012434624826555662,377826005737.72003,373185583022.16
2026-07-20,DIS,2026-07-20,2026-07-17,False,tradability_policy,False,-0.012900583597829529,167417066387.84,169605070782.08002
2026-07-20,GS,2026-07-20,2026-07-17,True,,False,-0.009566099021798391,311241679377.63,314247804997.62
2026-07-20,HD,2026-07-20,2026-07-17,True,,False,-0.017204237613243967,331711658636.64,337518405483.42
2026-07-20,HON,2026-07-20,2026-07-17,False,tradability_policy,False,0.005155097324682334,71659831340.8,71292312531.2
2026-07-20,IBM,2026-07-20,2026-07-17,True,,False,0.0015516998166174023,200195564640.0,199885402497.59998
2026-07-20,JNJ,2026-07-20,2026-07-17,True,,False,-0.01667720518495097,598963726724.22,609122182341.84
2026-07-20,JPM,2026-07-20,2026-07-17,True,,False,-0.006537672236880732,908006034217.66,913981344679.8
2026-07-20,KO,2026-07-20,2026-07-17,True,,False,0.006866110838646522,353319856166.16003,350910466012.08
2026-07-20,MCD,2026-07-20,2026-07-17,False,tradability_policy,False,-0.0002614769713495946,190159788102.75998,190209523512.88998
2026-07-20,MMM,2026-07-20,2026-07-17,False,tradability_policy,False,-0.004567067067066999,82986566897.71,83367310998.24
2026-07-20,MRK,2026-07-20,2026-07-17,True,,False,-0.02431372549019606,307246157226.0,314902612912.5
2026-07-20,MSFT,2026-07-20,2026-07-17,True,,False,0.02150728759331688,2988384997072.16,2925466155129.28
2026-07-20,NKE,2026-07-20,2026-07-17,False,tradability_policy,False,-0.006627056672760534,64374159324.509995,64803616564.079994
2026-07-20,PG,2026-07-20,2026-07-17,True,,False,-0.005667422322976345,347263965589.14,349243274720.44
2026-07-20,TRV,2026-07-20,2026-07-17,False,tradability_policy,False,-0.0013008835167218624,78359569370.5,78461638823.14
2026-07-20,UNH,2026-07-20,2026-07-17,True,,False,-0.010655025933488105,382828273506.2,386951249100.36
2026-07-20,V,2026-07-20,2026-07-17,True,,False,0.005605756358768366,656479363689.5444,652819814861.256
2026-07-20,WMT,2026-07-20,2026-07-17,True,,False,-0.017857142857142794,894503560612.2001,910767261714.24
2026-07-21,AAPL,2026-07-21,2026-07-20,True,,False,0.003521234575461607,4813634055440.0,4796743596040.0
2026-07-21,AMGN,2026-07-21,2026-07-20,True,,False,0.005684158497405001,197662758269.76,196545562142.58002
2026-07-21,AXP,2026-07-21,2026-07-20,True,,False,-0.00323928053874345,239353292939.97,240131145084.99
2026-07-21,BA,2026-07-21,2026-07-20,False,tradability_policy,False,-0.022341034943669902,161444317388.80002,165133572297.88
2026-07-21,CAT,2026-07-21,2026-07-20,True,,False,0.029700335531644084,409953134029.22003,398128581571.8
2026-07-21,CRM,2026-07-21,2026-07-20,False,tradability_policy,False,-0.021462684849530955,156965380000.0,160408170000.0
2026-07-21,CSCO,2026-07-21,2026-07-20,True,,False,0.013369467028003568,443099001451.56,437253159749.4
2026-07-21,CVX,2026-07-21,2026-07-20,True,,False,0.007168836645406129,380534578653.24,377826005737.72003
2026-07-21,DIS,2026-07-21,2026-07-20,False,tradability_policy,False,-0.0028005393631365116,166948208303.36002,167417066387.84
2026-07-21,GS,2026-07-21,2026-07-20,True,,False,0.028937565756423922,320248255940.76,311241679377.63
2026-07-21,HD,2026-07-21,2026-07-20,True,,False,-0.004323804948354493,330277402125.60004,331711658636.64
2026-07-21,HON,2026-07-21,2026-07-20,False,tradability_policy,False,0.01627022725263072,72825753081.6,71659831340.8
2026-07-21,IBM,2026-07-21,2026-07-20,True,,False,-0.011737089201877882,197845851440.0,200195564640.0
2026-07-21,JNJ,2026-07-21,2026-07-20,True,,False,0.007193955469817714,603272645102.31,598963726724.22
2026-07-21,JPM,2026-07-21,2026-07-20,True,,False,0.018768259214448024,925047726836.14,908006034217.66
2026-07-21,KO,2026-07-21,2026-07-20,True,,False,-0.0018265952264978624,352674483803.46,353319856166.16003
2026-07-21,MCD,2026-07-21,2026-07-20,False,tradability_policy,False,-0.013936631295770274,187509601248.69003,190159788102.75998
2026-07-21,MMM,2026-07-21,2026-07-20,False,tradability_policy,False,0.07321978505436477,89062825488.36,82986566897.71
2026-07-21,MRK,2026-07-21,2026-07-20,True,,False,0.014951768488745909,311840030637.9,307246157226.0
2026-07-21,MSFT,2026-07-21,2026-07-20,True,,False,-0.011285391135747891,2954659903516.0,2988384997072.16
2026-07-21,NKE,2026-07-21,2026-07-20,False,tradability_policy,False,-0.011732229123533444,63618906937.68,64374159324.509995
2026-07-21,PG,2026-07-21,2026-07-20,True,,False,-0.006906725675585035,344865508641.8,347263965589.14
2026-07-21,TRV,2026-07-21,2026-07-20,False,tradability_policy,False,0.0030664857530529055,78599857873.59,78359569370.5
2026-07-21,UNH,2026-07-21,2026-07-20,True,,False,0.03510852805123954,396268810685.4,382828273506.2
2026-07-21,V,2026-07-21,2026-07-20,True,,False,-0.013173586266189696,647831176160.007,656479363689.5444
2026-07-21,WMT,2026-07-21,2026-07-20,True,,False,-0.01613190730837788,880073512085.39,894503560612.2001
2026-07-22,AAPL,2026-07-22,2026-07-21,True,,False,-0.005644718374321123,4786462446840.0,4813634055440.0
2026-07-22,AMGN,2026-07-22,2026-07-21,True,,False,-0.0005187854958497162,197560213697.7,197662758269.76
2026-07-22,AXP,2026-07-22,2026-07-21,True,,False,-0.005843952222127191,237954523731.82,239353292939.97
2026-07-22,BA,2026-07-22,2026-07-21,False,tradability_policy,False,0.018798828125,164479281363.15,161444317388.80002
2026-07-22,CAT,2026-07-22,2026-07-21,True,,False,-0.0007415980313943971,409649113592.06,409953134029.22003
2026-07-22,CRM,2026-07-22,2026-07-21,False,tradability_policy,False,-0.04151475949664829,150449000000.0,156965380000.0
2026-07-22,CSCO,2026-07-22,2026-07-21,True,,False,0.0002674273489033929,443217498242.81995,443099001451.56
2026-07-22,CVX,2026-07-22,2026-07-21,True,,False,0.009996336421206786,384338530321.36,380534578653.24
2026-07-22,DIS,2026-07-22,2026-07-21,False,tradability_policy,False,-0.002808404410234999,166479350218.88,166948208303.36002
2026-07-22,GS,2026-07-22,2026-07-21,True,,False,0.011643759902723039,323977149742.2,320248255940.76
2026-07-22,HD,2026-07-22,2026-07-21,True,,False,-0.00045235223160444704,330128000405.7,330277402125.60004
2026-07-22,HON,2026-07-22,2026-07-21,False,tradability_policy,False,0.013616984251283437,73817420214.40001,72825753081.6
2026-07-22,IBM,2026-07-22,2026-07-21,True,,False,-0.02247030878859857,193400194065.6,197845851440.0
2026-07-22,JNJ,2026-07-22,2026-07-21,True,,False,0.02003112405730012,615356874296.73,603272645102.31
2026-07-22,JPM,2026-07-22,2026-07-21,True,,False,0.00863192654172562,933032670861.7799,925047726836.14
2026-07-22,KO,2026-07-22,2026-07-21,True,,False,0.0028059045992436804,353664054759.60004,352674483803.46
2026-07-22,MCD,2026-07-22,2026-07-21,False,tradability_policy,False,-0.0012883179871927553,187268029256.63,187509601248.69003
2026-07-22,MMM,2026-07-22,2026-07-21,False,tradability_policy,False,0.0,89062825488.36,89062825488.36
2026-07-22,MRK,2026-07-22,2026-07-21,True,,False,0.009583399334706089,314828518180.05,311840030637.9
2026-07-22,MSFT,2026-07-22,2026-07-21,True,,False,-0.018629792583281013,2899615202359.36,2954659903516.0
2026-07-22,NKE,2026-07-22,2026-07-21,False,tradability_policy,False,-0.017458100558659262,62508241662.93,63618906937.68
2026-07-22,PG,2026-07-22,2026-07-21,True,,False,0.006954760297096518,347263965589.14,344865508641.8
2026-07-22,TRV,2026-07-22,2026-07-21,False,tradability_policy,False,0.00662824987149313,79120837371.44,78599857873.59
2026-07-22,UNH,2026-07-22,2026-07-21,True,,False,-0.011550360948779703,391691762889.24,396268810685.4
2026-07-22,V,2026-07-22,2026-07-21,True,,False,-0.006744983418582318,643461565618.767,647831176160.007
2026-07-22,WMT,2026-07-22,2026-07-21,True,,False,-0.009602319050638686,871622765434.33,880073512085.39
2026-07-23,AAPL,2026-07-23,2026-07-22,True,,False,-0.012979839823253125,4724334930960.0,4786462446840.0
2026-07-23,AMGN,2026-07-23,2026-07-22,True,,False,0.014888676410326429,200501623791.0,197560213697.7
2026-07-23,AXP,2026-07-23,2026-07-22,True,,False,-0.02265297929689747,232564144832.12,237954523731.82
2026-07-23,BA,2026-07-23,2026-07-22,False,tradability_policy,False,0.0027797747423914387,164936496715.13,164479281363.15
2026-07-23,CAT,2026-07-23,2026-07-22,True,,False,0.005880963893355462,412058245238.04,409649113592.06
2026-07-23,CRM,2026-07-23,2026-07-22,False,tradability_policy,False,-0.03723926380368092,144846390000.0,150449000000.0
2026-07-23,CSCO,2026-07-23,2026-07-22,True,,False,0.00490152392834875,445389939415.92004,443217498242.81995
2026-07-23,CVX,2026-07-23,2026-07-22,True,,False,0.007461913151621813,387206431055.44,384338530321.36
2026-07-23,DIS,2026-07-23,2026-07-22,False,tradability_policy,False,-0.03170960675915313,161200355489.91998,166479350218.88
2026-07-23,GS,2026-07-23,2026-07-22,True,,False,-0.02138044072118017,317050375497.12,323977149742.2
2026-07-23,HD,2026-07-23,2026-07-22,True,,False,-0.020334892140594363,323414883124.86,330128000405.7
2026-07-23,HON,2026-07-23,2026-07-22,False,tradability_policy,False,0.056998154427228664,78024876931.2,73817420214.40001
2026-07-23,IBM,2026-07-23,2026-07-22,True,,False,0.004276619526655923,194227293112.0,193400194065.6
2026-07-23,JNJ,2026-07-23,2026-07-22,True,,False,0.014239330282048268,624119144071.1699,615356874296.73
2026-07-23,JPM,2026-07-23,2026-07-22,True,,False,0.0048533930674019565,937561045158.2,933032670861.7799
2026-07-23,KO,2026-07-23,2026-07-22,True,,False,-0.01253041362530416,349232497869.06,353664054759.60004
2026-07-23,MCD,2026-07-23,2026-07-22,False,tradability_policy,False,-0.0029214250483742266,186720939745.2,187268029256.63
2026-07-23,MMM,2026-07-23,2026-07-22,False,tradability_policy,False,-0.006851721714687176,88452591792.99,89062825488.36
2026-07-23,MRK,2026-07-23,2026-07-22,True,,False,0.023613399231191545,322262689669.19995,314828518180.05
2026-07-23,MSFT,2026-07-23,2026-07-22,True,,False,-0.02244197366398526,2834542114352.32,2899615202359.36
2026-07-23,NKE,2026-07-23,2026-07-22,False,tradability_policy,False,-0.028903103529969165,60701559482.670006,62508241662.93
2026-07-23,PG,2026-07-23,2026-07-22,True,,False,-0.014484007242003605,342234191796.66,347263965589.14
2026-07-23,TRV,2026-07-23,2026-07-22,False,tradability_policy,False,0.011529778542249014,80033083104.41,79120837371.44
2026-07-23,UNH,2026-07-23,2026-07-22,True,,False,-0.01796851452551529,384653643758.24,391691762889.24
2026-07-23,V,2026-07-23,2026-07-22,True,,False,-0.005149680267104273,640147944291.66,643461565618.767
2026-07-23,WMT,2026-07-23,2026-07-22,True,,False,-0.008506356901125,864208431108.4,871622765434.33
2026-07-24,AAPL,2026-07-24,2026-07-23,True,,False,0.03531679413044819,4891183295120.0,4724334930960.0
2026-07-24,AMGN,2026-07-24,2026-07-23,True,,False,0.012220726783310987,202951899354.96002,200501623791.0
2026-07-24,AXP,2026-07-24,2026-07-23,True,,False,-0.043040722919844954,222554415913.31,232564144832.12
2026-07-24,BA,2026-07-24,2026-07-23,False,tradability_policy,False,0.0013860345074798719,165165104391.12,164936496715.13
2026-07-24,CAT,2026-07-24,2026-07-23,True,,False,-0.0064949583025911695,409381944116.98,412058245238.04
2026-07-24,CRM,2026-07-24,2026-07-23,False,tradability_policy,False,0.042885362900656254,151058180000.0,144846390000.0
2026-07-24,CSCO,2026-07-24,2026-07-23,True,,False,0.012504434196523473,450959288605.14,445389939415.92004
2026-07-24,CVX,2026-07-24,2026-07-23,True,,False,0.0019030963892603392,387943322216.27997,387206431055.44
2026-07-24,DIS,2026-07-24,2026-07-23,False,tradability_policy,False,0.02176020682968871,164708108566.4,161200355489.91998
2026-07-24,GS,2026-07-24,2026-07-23,True,,False,-0.012552106595206225,313070725387.83,317050375497.12
2026-07-24,HD,2026-07-24,2026-07-23,True,,False,0.025468879923624232,331651897948.68,323414883124.86
2026-07-24,HON,2026-07-24,2026-07-23,False,tradability_policy,False,-0.012669021805335579,77036378064.0,78024876931.2
2026-07-24,IBM,2026-07-24,2026-07-23,True,,False,0.036486813452697664,201314028123.2,194227293112.0
2026-07-24,JNJ,2026-07-24,2026-07-23,True,,False,0.015929340070196973,634060950161.3999,624119144071.1699
2026-07-24,JPM,2026-07-24,2026-07-23,True,,False,0.009459845670191536,946430227951.7799,937561045158.2
2026-07-24,KO,2026-07-24,2026-07-23,True,,False,0.013305408402118912,353879178880.5,349232497869.06
2026-07-24,MCD,2026-07-24,2026-07-23,False,tradability_policy,False,0.007458143074581258,188113531228.84,186720939745.2
2026-07-24,MMM,2026-07-24,2026-07-23,False,tradability_policy,False,0.017866619494073976,90032940593.82,88452591792.99
2026-07-24,MRK,2026-07-24,2026-07-23,True,,False,0.004521765787860232,323719886074.05,322262689669.19995
2026-07-24,MSFT,2026-07-24,2026-07-23,True,,False,0.0003144818910845171,2835433526516.8,2834542114352.32
2026-07-24,NKE,2026-07-24,2026-07-23,False,tradability_policy,False,0.017321297877531228,61752989276.100006,60701559482.670006
2026-07-24,PG,2026-07-24,2026-07-23,True,,False,0.010400081649316384,343258775346.98,342234191796.66
2026-07-24,TRV,2026-07-24,2026-07-23,False,tradability_policy,False,0.028934293381512877,82348783811.18,80033083104.41
2026-07-24,UNH,2026-07-24,2026-07-23,True,,False,-0.006657852488431426,382092676538.96,384653643758.24
2026-07-24,V,2026-07-24,2026-07-23,True,,False,0.011774744027303718,647685522475.299,640147944291.66
2026-07-24,WMT,2026-07-24,2026-07-23,True,,False,0.00987084870848709,872738901784.47,864208431108.4
2026-07-27,AAPL,2026-07-27,2026-07-24,True,,False,0.011680980121314244,4948317109960.0,4891183295120.0
2026-07-27,AMGN,2026-07-27,2026-07-24,True,,False,0.0005850441442398768,203070635175.24,202951899354.96002
2026-07-27,AXP,2026-07-27,2026-07-24,True,,False,0.028267467884845132,228845465717.77,222554415913.31
2026-07-27,BA,2026-07-27,2026-07-24,False,tradability_policy,False,0.009450171821305808,166725943006.5,165165104391.12
2026-07-27,CAT,2026-07-27,2026-07-24,True,,False,-0.017384357453894883,402265102065.27997,409381944116.98
2026-07-27,CRM,2026-07-27,2026-07-24,False,tradability_policy,False,0.06073567151411452,160232800000.0,151058180000.0
2026-07-27,CSCO,2026-07-27,2026-07-24,True,,False,0.003503547341683344,451570169569.05,450959288605.14
2026-07-27,CVX,2026-07-27,2026-07-24,True,,False,-0.02459058473227571,378403569080.0,387943322216.27997
2026-07-27,DIS,2026-07-27,2026-07-24,False,tradability_policy,False,0.01897733263046919,167833829129.6,164708108566.4
2026-07-27,GS,2026-07-27,2026-07-24,True,,False,-0.012249936394561067,309235628914.83,313070725387.83
2026-07-27,HD,2026-07-27,2026-07-24,True,,False,0.009339900294311754,334749493607.94,331651897948.68
2026-07-27,HON,2026-07-27,2026-07-24,False,tradability_policy,False,0.010692987867571446,77860127120.0,77036378064.0
2026-07-27,IBM,2026-07-27,2026-07-24,True,,False,0.009757691768990107,203278388358.4,201314028123.2
2026-07-27,JNJ,2026-07-27,2026-07-24,True,,False,0.009681093394077411,640199353437.45,634060950161.3999
2026-07-27,JPM,2026-07-27,2026-07-24,True,,False,0.00846521899153485,954441967091.6,946430227951.7799
2026-07-27,KO,2026-07-27,2026-07-24,True,,False,0.02212765957446794,361709696881.25995,353879178880.5
2026-07-27,MCD,2026-07-27,2026-07-24,False,tradability_policy,False,0.02232210303671267,192312620855.53,188113531228.84
2026-07-27,MMM,2026-07-27,2026-07-24,False,tradability_policy,False,0.03249913103927704,92958932928.03,90032940593.82
2026-07-27,MRK,2026-07-27,2026-07-24,True,,False,-0.002365148393987937,322954240505.39996,323719886074.05
2026-07-27,MSFT,2026-07-27,2026-07-24,True,,False,0.019386953104532534,2890403943326.4004,2835433526516.8
2026-07-27,NKE,2026-07-27,2026-07-24,False,tradability_policy,False,0.010551558752997625,62404579570.62,61752989276.100006
2026-07-27,PG,2026-07-27,2026-07-24,True,,False,0.008276236347601884,346099666100.14,343258775346.98
2026-07-27,TRV,2026-07-27,2026-07-24,False,tradability_policy,False,0.007979135464545761,83005855912.55,82348783811.18
2026-07-27,UNH,2026-07-27,2026-07-24,True,,False,-0.007367970718258343,379277428886.56,382092676538.96
2026-07-27,V,2026-07-27,2026-07-24,True,,False,0.019086973632428172,660047878964.8904,647685522475.299
2026-07-27,WMT,2026-07-27,2026-07-24,True,,False,0.02073627477847806,890836255461.74,872738901784.47
2026-07-28,AAPL,2026-07-28,2026-07-27,True,,False,0.009409040990175255,4994876028480.0,4948317109960.0
2026-07-28,AMGN,2026-07-28,2026-07-27,True,,False,0.0447562855472281,212159322509.40002,203070635175.24
2026-07-28,AXP,2026-07-28,2026-07-27,True,,False,0.003697188347893565,229691550507.09,228845465717.77
2026-07-28,BA,2026-07-28,2026-07-27,False,tradability_policy,False,0.047565011820331016,174656264456.36002,166725943006.5
2026-07-28,CAT,2026-07-28,2026-07-27,True,,False,-0.03713585562477095,387326643312.10004,402265102065.27997
2026-07-28,CRM,2026-07-28,2026-07-27,False,tradability_policy,False,0.04550691244239635,167524500000.0,160232800000.0
2026-07-28,CSCO,2026-07-28,2026-07-27,True,,False,0.008815571266474587,455551018580.7,451570169569.05
2026-07-28,CVX,2026-07-28,2026-07-27,True,,False,-0.012736842105263046,373583902568.56,378403569080.0
2026-07-28,DIS,2026-07-28,2026-07-27,False,tradability_policy,False,0.023176409725814695,171723614719.36002,167833829129.6
2026-07-28,GS,2026-07-28,2026-07-27,True,,False,-0.014204897780067394,304842968416.13995,309235628914.83
2026-07-28,HD,2026-07-28,2026-07-27,True,,False,0.0249337974947188,343096069693.02,334749493607.94
2026-07-28,HON,2026-07-28,2026-07-27,False,tradability_policy,False,0.00528992878942014,78272001648.0,77860127120.0
2026-07-28,IBM,2026-07-28,2026-07-27,True,,False,0.05210837802848167,213870895464.0,203278388358.4
2026-07-28,JNJ,2026-07-28,2026-07-27,True,,False,0.0029328821206995315,642076982674.8301,640199353437.45
2026-07-28,JPM,2026-07-28,2026-07-27,True,,False,0.0031162268388547076,957416224765.58,954441967091.6
2026-07-28,KO,2026-07-28,2026-07-27,True,,False,0.04995836802664444,379780123036.86,361709696881.25995
2026-07-28,MCD,2026-07-28,2026-07-27,False,tradability_policy,False,0.00868215908671055,193982309624.18,192312620855.53
2026-07-28,MMM,2026-07-28,2026-07-27,False,tradability_policy,False,0.023845592773382718,95175593787.28,92958932928.03
2026-07-28,MRK,2026-07-28,2026-07-27,True,,False,0.008106454573264088,325572254385.3,322954240505.39996
2026-07-28,MSFT,2026-07-28,2026-07-27,True,,False,0.010922641994346005,2921974790818.4004,2890403943326.4004
2026-07-28,NKE,2026-07-28,2026-07-27,False,tradability_policy,False,0.021594684385382035,63752186770.649994,62404579570.62
2026-07-28,PG,2026-07-28,2026-07-27,True,,False,0.0016820292000268022,346681815844.64,346099666100.14
2026-07-28,TRV,2026-07-28,2026-07-27,False,tradability_policy,False,0.017599590111438523,84466724953.46,83005855912.55
2026-07-28,UNH,2026-07-28,2026-07-27,True,,False,0.02669763432621397,389403238991.16003,379277428886.56
2026-07-28,V,2026-07-28,2026-07-27,True,,False,0.011199073180150565,667439803463.8214,660047878964.8904
2026-07-28,WMT,2026-07-28,2026-07-27,True,,False,0.012171111508859855,901678722863.1,890836255461.74
2026-07-29,AAPL,2026-07-29,2026-07-28,True,,False,-0.005557515878616748,4967116925640.0,4994876028480.0
2026-07-29,AMGN,2026-07-29,2026-07-28,True,,False,-0.013889595522767806,209212515333.36,212159322509.40002
2026-07-29,AXP,2026-07-29,2026-07-28,True,,False,-0.01523928348632031,226191215854.5,229691550507.09
2026-07-29,BA,2026-07-29,2026-07-28,False,tradability_policy,False,-0.0340765481133779,168704581857.31,174656264456.36002
2026-07-29,CAT,2026-07-29,2026-07-28,True,,False,-0.06914431824939049,360545206620.46,387326643312.10004
2026-07-29,CRM,2026-07-29,2026-07-28,False,tradability_policy,False,0.03790633608815419,173874740000.0,167524500000.0
2026-07-29,CSCO,2026-07-29,2026-07-28,True,,False,-0.026821249351098753,443332571119.2,455551018580.7
2026-07-29,CVX,2026-07-29,2026-07-28,True,,False,0.022816931442584565,382107940861.52,373583902568.56
2026-07-29,DIS,2026-07-29,2026-07-28,False,tradability_policy,False,-0.004146020831226616,171011645035.52002,171723614719.36002
2026-07-29,GS,2026-07-29,2026-07-28,True,,False,-0.05089322004374153,289328528145.75,304842968416.13995
2026-07-29,HD,2026-07-29,2026-07-28,True,,False,-0.01799866461520605,336920798603.82,343096069693.02
2026-07-29,HON,2026-07-29,2026-07-28,False,tradability_policy,False,-0.024003238210888456,76393220147.2,78272001648.0
2026-07-29,IBM,2026-07-29,2026-07-28,True,,False,-0.004878048780487809,212827622803.2,213870895464.0
2026-07-29,JNJ,2026-07-29,2026-07-28,True,,False,-0.004498931503768011,639188322309.6299,642076982674.8301
2026-07-29,JPM,2026-07-29,2026-07-28,True,,False,-0.03526349668355211,923654380898.7799,957416224765.58
2026-07-29,KO,2026-07-29,2026-07-28,True,,False,0.009176390619689556,383265133795.44,379780123036.86
2026-07-29,MCD,2026-07-29,2026-07-28,False,tradability_policy,False,-0.0054941029961175225,192916550835.68,193982309624.18
2026-07-29,MMM,2026-07-29,2026-07-28,False,tradability_policy,False,-0.024824638316527814,92812894094.95,95175593787.28
2026-07-29,MRK,2026-07-29,2026-07-28,True,,False,-0.011075709300561232,321966310739.4,325572254385.3
2026-07-29,MSFT,2026-07-29,2026-07-28,True,,False,-0.007143765094699384,2901100889300.16,2921974790818.4004
2026-07-29,NKE,2026-07-29,2026-07-28,False,tradability_policy,False,0.0039488966318235175,64003937566.259995,63752186770.649994
2026-07-29,PG,2026-07-29,2026-07-28,True,,False,-0.018672756582482575,340208310685.8,346681815844.64
2026-07-29,TRV,2026-07-29,2026-07-28,False,tradability_policy,False,-0.02066864709732652,82720912023.93,84466724953.46
2026-07-29,UNH,2026-07-29,2026-07-28,True,,False,-0.019170223186175117,381938291990.27997,389403238991.16003
2026-07-29,V,2026-07-29,2026-07-28,True,,False,0.005837584222155634,671336039529.7605,667439803463.8214
2026-07-29,WMT,2026-07-29,2026-07-28,True,,False,0.009902740937223653,910607813664.22,901678722863.1
2026-07-30,AAPL,2026-07-30,2026-07-29,True,,False,-0.014074928294745548,4897205111080.0,4967116925640.0
2026-07-30,AMGN,2026-07-30,2026-07-29,True,,False,0.0,209212515333.36,209212515333.36
2026-07-30,AXP,2026-07-30,2026-07-29,True,,False,0.01815987933634977,230298821041.36,226191215854.5
2026-07-30,BA,2026-07-30,2026-07-29,False,tradability_policy,False,0.03219475725433396,174135984917.9,168704581857.31
2026-07-30,CAT,2026-07-30,2026-07-29,True,,False,0.033767295677837206,372719843217.64,360545206620.46
2026-07-30,CRM,2026-07-30,2026-07-29,False,tradability_policy,False,-0.04071557490179423,166795330000.0,173874740000.0
2026-07-30,CSCO,2026-07-30,2026-07-29,True,,False,0.009601706970127966,447589320557.4,443332571119.2
2026-07-30,CVX,2026-07-30,2026-07-29,True,,False,0.0023454602314185724,383004159840.92,382107940861.52
2026-07-30,DIS,2026-07-30,2026-07-29,False,tradability_policy,False,-0.023558082859463925,166982938531.84,171011645035.52002
2026-07-30,GS,2026-07-30,2026-07-29,True,,False,0.044975783838898664,302341305486.06,289328528145.75
2026-07-30,HD,2026-07-30,2026-07-29,True,,False,-0.014544594554645629,332020422191.10004,336920798603.82
2026-07-30,HON,2026-07-30,2026-07-29,False,tradability_policy,False,0.003276376907763723,76643513129.6,76393220147.2
2026-07-30,IBM,2026-07-30,2026-07-29,True,,False,-0.020756050167814788,208410161987.2,212827622803.2
2026-07-30,JNJ,2026-07-30,2026-07-29,True,,False,-0.03656837268858504,615814245521.22,639188322309.6299
2026-07-30,JPM,2026-07-30,2026-07-29,True,,False,0.01781207391720585,940106581005.3,923654380898.7799
2026-07-30,KO,2026-07-30,2026-07-29,True,,False,-0.006623259991019315,380726669168.82,383265133795.44
2026-07-30,MCD,2026-07-30,2026-07-29,False,tradability_policy,False,-0.01134354743665289,190728192789.96,192916550835.68
2026-07-30,MMM,2026-07-30,2026-07-29,False,tradability_policy,False,-0.01056476538353468,91832347644.26999,92812894094.95
2026-07-30,MRK,2026-07-30,2026-07-29,True,,False,-0.004372506903958406,320558510822.85,321966310739.4
2026-07-30,MSFT,2026-07-30,2026-07-29,True,,False,0.15506734265376143,3350966894974.4004,2901100889300.16
2026-07-30,NKE,2026-07-30,2026-07-29,False,tradability_policy,False,-0.021517815826006426,62626712625.57,64003937566.259995
2026-07-30,PG,2026-07-30,2026-07-29,True,,False,-0.014647501711156696,335225108872.88,340208310685.8
2026-07-30,TRV,2026-07-30,2026-07-29,False,tradability_policy,False,-0.033469576617567665,79952278121.07,82720912023.93
2026-07-30,UNH,2026-07-30,2026-07-29,True,,False,0.002139952921035748,382755621953.88,381938291990.27997
2026-07-30,V,2026-07-30,2026-07-29,True,,False,-0.006671548287364826,666857188724.9894,671336039529.7605
2026-07-30,WMT,2026-07-30,2026-07-29,True,,False,-0.02731570653125548,885733917861.1,910607813664.22
2026-07-31,AAPL,2026-07-31,2026-07-30,True,,False,-0.07353867378460244,4537071141960.0,4897205111080.0
2026-07-31,AMGN,2026-07-31,2026-07-30,True,,False,-0.006397688577030158,207874038813.84003,209212515333.36
2026-07-31,AXP,2026-07-31,2026-07-30,True,,False,-0.003762739985778585,229432266458.75,230298821041.36
2026-07-31,BA,2026-07-31,2026-07-30,False,tradability_policy,False,-0.021548211860570432,170383665822.34,174135984917.9
2026-07-31,CAT,2026-07-31,2026-07-30,True,,False,0.007007439998022447,375331655155.06,372719843217.64
2026-07-31,CRM,2026-07-31,2026-07-30,False,tradability_policy,False,0.018316639920314293,150712380000.0,166795330000.0
2026-07-31,CSCO,2026-07-31,2026-07-30,True,,False,0.02139837971116587,457167006793.35,447589320557.4
2026-07-31,CVX,2026-07-31,2026-07-30,True,,False,0.02350371795538453,392006181589.56,383004159840.92
2026-07-31,DIS,2026-07-31,2026-07-30,False,tradability_policy,False,0.00031198003327781443,167035033874.56,166982938531.84
2026-07-31,GS,2026-07-31,2026-07-30,True,,False,-0.006322814823487954,300429657397.98,302341305486.06
2026-07-31,HD,2026-07-31,2026-07-30,True,,False,-0.004169791510424625,330635966253.36,332020422191.10004
2026-07-31,HON,2026-07-31,2026-07-30,False,tradability_policy,False,0.004712496382952347,77004695408.0,76643513129.6
2026-07-31,IBM,2026-07-31,2026-07-30,True,,False,0.008613691711012894,210205342872.0,208410161987.2
2026-07-31,JNJ,2026-07-31,2026-07-30,True,,False,0.002071769212727892,617090070515.8501,615814245521.22
2026-07-31,JPM,2026-07-31,2026-07-30,True,,False,0.002679207638591974,942625321738.2201,940106581005.3
2026-07-31,KO,2026-07-31,2026-07-30,True,,False,-0.010170640750367221,376854434992.62,380726669168.82
2026-07-31,MCD,2026-07-31,2026-07-30,False,tradability_policy,False,0.008195499925495398,192291305679.75998,190728192789.96
2026-07-31,MMM,2026-07-31,2026-07-30,False,tradability_policy,False,0.0011927074459021636,91941876769.08,91832347644.26999
2026-07-31,MRK,2026-07-31,2026-07-30,True,,False,0.0031589490715770996,321571138833.0,320558510822.85
2026-07-31,MSFT,2026-07-31,2026-07-30,True,,False,0.03019286189315018,3452142175642.8804,3350966894974.4004
2026-07-31,NKE,2026-07-31,2026-07-30,False,tradability_policy,False,-0.01371482620004727,61767798146.43,62626712625.57
2026-07-31,PG,2026-07-31,2026-07-30,True,,False,0.0036815782161712107,336459266331.22003,335225108872.88
2026-07-31,TRV,2026-07-31,2026-07-30,False,tradability_policy,False,-0.004335221681427637,79605667271.48,79952278121.07
2026-07-31,UNH,2026-07-31,2026-07-30,True,,False,-0.016774622155788177,376335041017.6,382755621953.88
2026-07-31,V,2026-07-31,2026-07-30,True,,False,-0.00038223168700679544,666602294776.7505,666857188724.9894
2026-07-31,WMT,2026-07-31,2026-07-30,True,,False,0.0009000900090010422,884938402036.0,885733917861.1
2026-08-03,AAPL,2026-08-03,2026-07-31,True,,False,-0.01777216665048076,4456437557520.0,4537071141960.0
2026-08-03,AMGN,2026-08-03,2026-07-31,True,,False,-0.016330875480319973,204479273770.38,207874038813.84003
2026-08-03,AXP,2026-08-03,2026-07-31,True,,False,0.025189591078067064,235211571430.96002,229432266458.75
2026-08-03,BA,2026-08-03,2026-07-31,False,tradability_policy,False,0.08027204589617853,184060711265.19,170383665822.34
2026-08-03,CAT,2026-08-03,2026-07-31,True,,False,0.018679201286189384,382342550690.77997,375331655155.06
2026-08-03,CRM,2026-08-03,2026-07-31,False,tradability_policy,False,0.010487990435822159,152293050000.0,150712380000.0
2026-08-03,CSCO,2026-08-03,2026-07-31,True,,False,-0.00112078627467882,456654620286.9,457167006793.35
2026-08-03,CVX,2026-08-03,2026-07-31,True,,False,-0.01854392115023118,384736849867.76,392006181589.56
2026-08-03,DIS,2026-08-03,2026-07-31,False,tradability_policy,False,0.020272377586027623,170421231151.36002,167035033874.56
2026-08-03,GS,2026-08-03,2026-07-31,True,,False,0.008523340992556694,302990321812.26,300429657397.98
2026-08-03,HD,2026-08-03,2026-07-31,True,,False,0.02428003373900478,339039614213.63995,330635966253.36
2026-08-03,HON,2026-08-03,2026-07-31,False,tradability_policy,False,0.015305492696976009,78183290211.2,77004695408.0
2026-08-03,IBM,2026-08-03,2026-07-31,True,,False,0.011893583724569723,212705437716.8,210205342872.0
2026-08-03,JNJ,2026-08-03,2026-07-31,True,,False,-0.00756777842793066,612420069592.11,617090070515.8501
2026-08-03,JPM,2026-08-03,2026-07-31,True,,False,0.0024162142187098556,944902906443.52,942625321738.2201
2026-08-03,KO,2026-08-03,2026-07-31,True,,False,-0.008334284735700415,373713622827.48,376854434992.62
2026-08-03,MCD,2026-08-03,2026-07-31,False,tradability_policy,False,-0.019989654153118375,188447468982.57,192291305679.75998
2026-08-03,MMM,2026-08-03,2026-07-31,False,tradability_policy,False,0.005389153619242082,92437365667.03,91941876769.08
2026-08-03,MRK,2026-08-03,2026-07-31,True,,False,-0.018663594470046063,315569465504.55,321571138833.0
2026-08-03,MSFT,2026-08-03,2026-07-31,True,,False,0.0493415389912204,3622476183405.5996,3452142175642.8804
2026-08-03,NKE,2026-08-03,2026-07-31,False,tradability_policy,False,0.02229681131623118,63145023087.12,61767798146.43
2026-08-03,PG,2026-08-03,2026-07-31,True,,False,0.0033220292061733048,337576993840.66,336459266331.22003
2026-08-03,TRV,2026-08-03,2026-07-31,False,tradability_policy,False,-0.0014424618014745594,79490839137.26,79605667271.48
2026-08-03,UNH,2026-08-03,2026-07-31,True,,False,0.0023166023166023564,377206859645.44,376335041017.6
2026-08-03,V,2026-08-03,2026-07-31,True,,False,-0.0012563843443584854,665764786089.6794,666602294776.7505
2026-08-03,WMT,2026-08-03,2026-07-31,True,,False,-0.004406474820144002,881038943250.0499,884938402036.0
2026-08-04,AAPL,2026-08-04,2026-08-03,True,,False,0.019642739437083945,4543974199280.0,4456437557520.0
2026-08-04,AMGN,2026-08-04,2026-08-03,True,,False,0.02942961965845803,210497021025.47998,204479273770.38
2026-08-04,AXP,2026-08-04,2026-08-03,True,,False,0.005772801113947512,236569401052.53,235211571430.96002
2026-08-04,BA,2026-08-04,2026-08-03,False,tradability_policy,False,0.01571801790226557,186953780819.96,184060711265.19
2026-08-04,CAT,2026-08-04,2026-08-03,True,,False,0.05603411924870194,403766778770.04,382342550690.77997
2026-08-04,CRM,2026-08-04,2026-08-03,False,tradability_policy,False,0.02710406023124512,156420810000.0,152293050000.0
2026-08-04,CSCO,2026-08-04,2026-08-03,True,,False,0.05075090626618328,479830256117.1,456654620286.9
2026-08-04,CVX,2026-08-04,2026-08-03,True,,False,-0.014390723677399353,379200208172.8,384736849867.76
2026-08-04,DIS,2026-08-04,2026-08-03,False,tradability_policy,False,0.0004075810067252217,170490691608.32,170421231151.36002
2026-08-04,GS,2026-08-04,2026-08-03,True,,False,0.02523708449360318,310636914164.58,302990321812.26
2026-08-04,HD,2026-08-04,2026-08-03,True,,False,0.024175048526557275,347235913339.68,339039614213.63995
2026-08-04,HON,2026-08-04,2026-08-03,False,tradability_policy,False,0.00818576001945126,78823279862.4,78183290211.2
2026-08-04,IBM,2026-08-04,2026-08-03,True,,False,0.03906146436304181,221014023592.0,212705437716.8
2026-08-04,JNJ,2026-08-04,2026-08-03,True,,False,0.0020439448134901284,613671822417.03,612420069592.11
2026-08-04,JPM,2026-08-04,2026-08-03,True,,False,0.013838475499092562,957978922163.36,944902906443.52
2026-08-04,KO,2026-08-04,2026-08-03,True,,False,-0.003453833755468483,372422878102.08,373713622827.48
2026-08-04,MCD,2026-08-04,2026-08-03,False,tradability_policy,False,0.01172567205821351,190657142204.05997,188447468982.57
2026-08-04,MMM,2026-08-04,2026-08-03,False,tradability_policy,False,0.023810867234666855,94638379508.45,92437365667.03
2026-08-04,MRK,2026-08-04,2026-08-03,True,,False,0.0018001095718869209,316137525120.0,315569465504.55
2026-08-04,MSFT,2026-08-04,2026-08-03,True,,False,0.010581359581667282,3660806906478.24,3622476183405.5996
2026-08-04,NKE,2026-08-04,2026-08-03,False,tradability_policy,False,-0.026031894934334,61501238480.490005,63145023087.12
2026-08-04,PG,2026-08-04,2026-08-03,True,,False,0.02096985583224109,344655934733.77997,337576993840.66
2026-08-04,TRV,2026-08-04,2026-08-03,False,tradability_policy,False,0.008908030602963857,80198945964.95,79490839137.26
2026-08-04,UNH,2026-08-04,2026-08-03,True,,False,-0.018802966101694962,370114251850.2,377206859645.44
2026-08-04,V,2026-08-04,2026-08-03,True,,False,0.010720048130828275,672901816640.3715,665764786089.6794
2026-08-04,WMT,2026-08-04,2026-08-03,True,,False,0.007587390479631528,887723729740.25,881038943250.0499
2026-08-05,AAPL,2026-08-05,2026-08-04,True,,False,0.005236279009632083,4567767716000.0,4543974199280.0
2026-08-05,AMGN,2026-08-05,2026-08-04,True,,False,0.04566432490641503,220109225385.41998,210497021025.47998
2026-08-05,AXP,2026-08-05,2026-08-04,True,,False,0.006576101064290185,238125105342.57,236569401052.53
2026-08-05,BA,2026-08-05,2026-08-04,False,tradability_policy,False,0.012776184854107031,189342336882.88998,186953780819.96
2026-08-05,CAT,2026-08-05,2026-08-04,True,,False,-0.006229036895064599,401251700608.08,403766778770.04
2026-08-05,CRM,2026-08-05,2026-08-04,False,tradability_policy,False,0.01041939368553324,158050620000.0,156420810000.0
2026-08-05,CSCO,2026-08-05,2026-08-04,True,,False,-0.0019714144898964614,478884311797.5,479830256117.1
2026-08-05,CVX,2026-08-05,2026-08-04,True,,False,-0.020955882352941213,371253733222.12,379200208172.8
2026-08-05,DIS,2026-08-05,2026-08-04,False,tradability_policy,False,0.036463638215522565,176707402506.24002,170490691608.32
2026-08-05,GS,2026-08-05,2026-08-04,True,,False,0.007027673839959059,312819969079.98004,310636914164.58
2026-08-05,HD,2026-08-05,2026-08-04,True,,False,0.014070755800597246,352121785081.48,347235913339.68
2026-08-05,HON,2026-08-05,2026-08-04,False,tradability_policy,False,-0.0026930342859439182,78611006067.2,78823279862.4
2026-08-05,IBM,2026-08-05,2026-08-04,True,,False,0.003274505634701219,221737735257.59998,221014023592.0
2026-08-05,JNJ,2026-08-05,2026-08-04,True,,False,0.010434236849331091,620075019559.8899,613671822417.03
2026-08-05,JPM,2026-08-05,2026-08-04,True,,False,0.004810919668829738,962587681802.3201,957978922163.36
2026-08-05,KO,2026-08-05,2026-08-04,True,,False,0.0031192236598891476,373584548354.94,372422878102.08
2026-08-05,MCD,2026-08-05,2026-08-04,False,tradability_policy,False,0.021092643661027255,194678605366.0,190657142204.05997
2026-08-05,MMM,2026-08-05,2026-08-04,False,tradability_policy,False,0.0034720308624967,94966966882.88,94638379508.45
2026-08-05,MRK,2026-08-05,2026-08-04,True,,False,0.0025781250000000977,316952567176.95,316137525120.0
2026-08-05,MSFT,2026-08-05,2026-08-04,True,,False,-0.010856110874373548,3621064780811.84,3660806906478.24
2026-08-05,NKE,2026-08-05,2026-08-04,False,tradability_policy,False,0.022152660727185136,62863654550.850006,61501238480.490005
2026-08-05,PG,2026-08-05,2026-08-04,True,,False,-0.008175123302479381,341838329970.4,344655934733.77997
2026-08-05,TRV,2026-08-05,2026-08-04,False,tradability_policy,False,0.014052764152194142,81325962837.84999,80198945964.95
2026-08-05,UNH,2026-08-05,2026-08-04,True,,False,0.012759170653907415,374836602751.0,370114251850.2
2026-08-05,V,2026-08-05,2026-08-04,True,,False,-0.002840985957412112,670990112028.579,672901816640.3715
2026-08-05,WMT,2026-08-05,2026-08-04,True,,False,0.007082025997310781,894010612272.7001,887723729740.25
2026-08-06,AAPL,2026-08-06,2026-08-05,True,,False,0.00453376205787781,4588476887960.0,4567767716000.0
2026-08-06,AMGN,2026-08-06,2026-08-05,True,,False,-0.007306966137851423,218500894728.90002,220109225385.41998
2026-08-06,AXP,2026-08-06,2026-08-05,True,,False,-0.018309980228659817,233765039371.80002,238125105342.57
2026-08-06,BA,2026-08-06,2026-08-05,False,tradability_policy,False,-0.03330696531912236,183035918234.88998,189342336882.88998
2026-08-06,CAT,2026-08-06,2026-08-05,True,,False,-0.016209762593561994,394747505800.96,401251700608.08
2026-08-06,CRM,2026-08-06,2026-08-05,False,tradability_policy,False,-0.032179500466369415,152964630000.0,158050620000.0
2026-08-06,CSCO,2026-08-06,2026-08-05,True,,False,-0.005102880658436226,476440622305.2,478884311797.5
2026-08-06,CVX,2026-08-06,2026-08-05,True,,False,0.01512794377984017,376870038826.36,371253733222.12
2026-08-06,DIS,2026-08-06,2026-08-05,False,tradability_policy,False,0.02869496855345921,181778015864.32,176707402506.24002
2026-08-06,GS,2026-08-06,2026-08-05,True,,False,-0.02621701654124009,304618762776.18,312819969079.98004
2026-08-06,HD,2026-08-06,2026-08-05,True,,False,-0.01025089199750806,348512222692.63995,352121785081.48
2026-08-06,HON,2026-08-06,2026-08-05,False,tradability_policy,False,-0.02974367241657261,76272826054.40001,78611006067.2
2026-08-06,IBM,2026-08-06,2026-08-05,True,,False,-0.010554425228891051,219397420910.4,221737735257.59998
2026-08-06,JNJ,2026-08-06,2026-08-05,True,,False,-0.002368104351876843,618606617207.5801,620075019559.8899
2026-08-06,JPM,2026-08-06,2026-08-05,True,,False,-0.008183943881527656,954709918233.4,962587681802.3201
2026-08-06,KO,2026-08-06,2026-08-05,True,,False,0.00023033513762515945,373670598003.3,373584548354.94
2026-08-06,MCD,2026-08-06,2026-08-05,False,tradability_policy,False,0.008248175182481665,196284348607.34,194678605366.0
2026-08-06,MMM,2026-08-06,2026-08-05,False,tradability_policy,False,-0.007524165202108968,94252419735.31,94966966882.88
2026-08-06,MRK,2026-08-06,2026-08-05,True,,False,0.0003116964076987916,317051360153.55,316952567176.95
2026-08-06,MSFT,2026-08-06,2026-08-05,True,,False,0.025437984655151347,3713177371141.44,3621064780811.84
2026-08-06,NKE,2026-08-06,2026-08-05,False,tradability_policy,False,-0.010600706713780994,62197255386.0,62863654550.850006
2026-08-06,PG,2026-08-06,2026-08-05,True,,False,0.0011580381471387735,342234191796.66,341838329970.4
2026-08-06,TRV,2026-08-06,2026-08-05,False,tradability_policy,False,0.009282259118839065,82080851498.0,81325962837.84999
2026-08-06,UNH,2026-08-06,2026-08-05,True,,False,-0.021271956390066515,366863094883.88,374836602751.0
2026-08-06,V,2026-08-06,2026-08-05,True,,False,0.00523688066424266,674504007172.1595,670990112028.579
2026-08-06,WMT,2026-08-06,2026-08-05,True,,False,-0.0024034181947659716,891861930900.85,894010612272.7001
2026-08-07,AAPL,2026-08-07,2026-08-06,True,,False,0.0029448481162572815,4601989255480.0,4588476887960.0
2026-08-07,AMGN,2026-08-07,2026-08-06,True,,False,0.015054958626651738,221790416658.93,218500894728.90002
2026-08-07,AXP,2026-08-07,2026-08-06,True,,False,-0.004932866316403994,232611907683.13,233765039371.80002
2026-08-07,BA,2026-08-07,2026-08-06,False,tradability_policy,False,0.009604203454067761,184793832433.02,183035918234.88998
2026-08-07,CAT,2026-08-07,2026-08-06,True,,False,-0.01723534353995515,387943896926.94,394747505800.96
2026-08-07,CRM,2026-08-07,2026-08-06,False,tradability_policy,False,0.03196444825186062,157854060000.0,152964630000.0
2026-08-07,CSCO,2026-08-07,2026-08-06,True,,False,0.004549966909331626,478608411370.95,476440622305.2
2026-08-07,CVX,2026-08-07,2026-08-06,True,,False,-0.014109813454526221,371552472881.92,376870038826.36
2026-08-07,DIS,2026-08-07,2026-08-06,False,tradability_policy,False,0.0021971723347342653,182177413491.84,181778015864.32
2026-08-07,GS,2026-08-07,2026-08-06,True,,False,0.006808189195994574,306692664945.81,304618762776.18
2026-08-07,HD,2026-08-07,2026-08-06,True,,False,0.017452506294346692,354594634452.84,348512222692.63995
2026-08-07,HON,2026-08-07,2026-08-06,False,tradability_policy,False,0.02272160837417969,78005867337.6,76272826054.40001
2026-08-07,IBM,2026-08-07,2026-08-06,True,,False,0.0164931671164803,223015979238.4,219397420910.4
2026-08-07,JNJ,2026-08-07,2026-08-06,True,,False,0.008794458712740205,624046927562.04,618606617207.5801
2026-08-07,JPM,2026-08-07,2026-08-06,True,,False,0.003424080830760401,957978922163.36,954709918233.4
2026-08-07,KO,2026-08-07,2026-08-06,True,,False,0.0023028209556708035,374531094486.89996,373670598003.3
2026-08-07,MCD,2026-08-07,2026-08-06,False,tradability_policy,False,-0.00644320567581258,195019648178.32,196284348607.34
2026-08-07,MMM,2026-08-07,2026-08-06,False,tradability_policy,False,0.01211886447899957,95394652036.90001,94252419735.31
2026-08-07,MRK,2026-08-07,2026-08-06,True,,False,0.001635896237438761,317570023280.7,317051360153.55
2026-08-07,MSFT,2026-08-07,2026-08-06,True,,False,0.0002600728203896452,3714143067652.96,3713177371141.44
2026-08-07,NKE,2026-08-07,2026-08-06,False,tradability_policy,False,-0.0071428571428571175,61752989276.100006,62197255386.0
2026-08-07,PG,2026-08-07,2026-08-06,True,,False,-0.008028849425052775,339486445002.62,342234191796.66
2026-08-07,TRV,2026-08-07,2026-08-06,False,tradability_policy,False,-0.004378238341968932,81721481966.83,82080851498.0
2026-08-07,UNH,2026-08-07,2026-08-06,True,,False,0.007698591479565309,369687423980.32,366863094883.88
2026-08-07,V,2026-08-07,2026-08-06,True,,False,-0.02151321294571762,659993258833.125,674504007172.1595
2026-08-07,WMT,2026-08-07,2026-08-06,True,,False,-0.0019630588025341122,890111153486.75,891861930900.85
2026-08-10,AAPL,2026-08-10,2026-08-07,True,,False,-0.015319311907573407,4527524360560.0,4601989255480.0
2026-08-10,AMGN,2026-08-10,2026-08-07,True,,False,0.015221014977673475,225166291912.8,221790416658.93
2026-08-10,AXP,2026-08-10,2026-08-07,True,,False,-0.0060133172978206195,231213138474.98,232611907683.13
2026-08-10,BA,2026-08-10,2026-08-07,False,tradability_policy,False,-0.006953331626994297,183508899633.49,184793832433.02
2026-08-10,CAT,2026-08-10,2026-08-07,True,,False,-0.005473824196440269,385820360237.08,387943896926.94
2026-08-10,CRM,2026-08-10,2026-08-07,False,tradability_policy,False,0.02474836567396488,161760690000.0,157854060000.0
2026-08-10,CSCO,2026-08-10,2026-08-07,True,,False,0.00938812484559004,483101646889.05,478608411370.95
2026-08-10,CVX,2026-08-10,2026-08-07,True,,False,0.044757718696397886,388182313944.12,371552472881.92
2026-08-10,DIS,2026-08-10,2026-08-07,False,tradability_policy,False,-0.016490325040510845,179173248728.32,182177413491.84
2026-08-10,GS,2026-08-10,2026-08-07,True,,False,-0.004905685786015801,305188127098.71,306692664945.81
2026-08-10,HD,2026-08-10,2026-08-07,True,,False,-0.013610033181485903,349768589711.95996,354594634452.84
2026-08-10,HON,2026-08-10,2026-08-07,False,tradability_policy,False,-0.013321960927663357,76966676220.8,78005867337.6
2026-08-10,IBM,2026-08-10,2026-08-07,True,,False,0.0030343897505056283,222104290516.8,223015979238.4
2026-08-10,JNJ,2026-08-10,2026-08-07,True,,False,0.009913593581237334,630233475177.51,624046927562.04
2026-08-10,JPM,2026-08-10,2026-08-07,True,,False,0.0063492951443278045,964061413082.2201,957978922163.36
2026-08-10,KO,2026-08-10,2026-08-07,True,,False,-0.0020677771395748445,373756647651.66003,374531094486.89996
2026-08-10,MCD,2026-08-10,2026-08-07,False,tradability_policy,False,-0.002768872048965254,194479663725.48,195019648178.32
2026-08-10,MMM,2026-08-10,2026-08-07,False,tradability_policy,False,-0.00470202296336808,94946104192.44,95394652036.90001
2026-08-10,MRK,2026-08-10,2026-08-07,True,,False,0.018198786747549933,323349412411.8,317570023280.7
2026-08-10,MSFT,2026-08-10,2026-08-07,True,,False,0.012140242804856038,3759233666306.24,3714143067652.96
2026-08-10,NKE,2026-08-10,2026-08-07,False,tradability_policy,False,0.009832134292565797,62360152959.63,61752989276.100006
2026-08-10,PG,2026-08-10,2026-08-07,True,,False,0.004458467658961629,341000034338.32,339486445002.62
2026-08-10,TRV,2026-08-10,2026-08-07,False,tradability_policy,False,-0.022611953891389702,79873599584.66,81721481966.83
2026-08-10,UNH,2026-08-10,2026-08-07,True,,False,0.0040778225410238456,371194943690.96,369687423980.32
2026-08-10,V,2026-08-10,2026-08-07,True,,False,-0.0032551724137931393,657844866983.682,659993258833.125
2026-08-10,WMT,2026-08-10,2026-08-07,True,,False,0.007241841752346989,896557197602.2999,890111153486.75
2026-08-11,AAPL,2026-08-11,2026-08-10,True,,False,-0.010867449555569841,4478321717960.0,4527524360560.0
2026-08-11,AMGN,2026-08-11,2026-08-10,True,,False,-0.006951102588686475,223601137918.2,225166291912.8
2026-08-11,AXP,2026-08-11,2026-08-10,True,,False,0.005754588915776404,232543675038.83,231213138474.98
2026-08-11,BA,2026-08-11,2026-08-10,False,tradability_policy,False,0.0019330727264916803,183863635682.44,183508899633.49
2026-08-11,CAT,2026-08-11,2026-08-10,True,,False,0.006912772511282528,388487448617.62,385820360237.08
2026-08-11,CRM,2026-08-11,2026-08-10,False,tradability_policy,False,-0.00020252139132193037,161727930000.0,161760690000.0
2026-08-11,CSCO,2026-08-11,2026-08-10,True,,False,-0.0174594109488454,474666976705.95,483101646889.05
2026-08-11,CVX,2026-08-11,2026-08-10,True,,False,0.008978502898773888,391667609975.12,388182313944.12
2026-08-11,DIS,2026-08-11,2026-08-10,False,tradability_policy,False,0.0033921302578019397,179781027726.72,179173248728.32
2026-08-11,GS,2026-08-11,2026-08-10,True,,False,-9.666412117803613e-05,305158626356.61005,305188127098.71
2026-08-11,HD,2026-08-11,2026-08-10,True,,False,0.010547921774331614,353457921435.36005,349768589711.95996
2026-08-11,HON,2026-08-11,2026-08-10,False,tradability_policy,False,-0.05273123945169389,72908127987.2,76966676220.8
2026-08-11,IBM,2026-08-11,2026-08-10,True,,False,0.00892894926156318,224087448457.59998,222104290516.8
2026-08-11,JNJ,2026-08-11,2026-08-10,True,,False,-0.007677323249684842,625394969065.8,630233475177.51
2026-08-11,JPM,2026-08-11,2026-08-10,True,,False,0.006253647961310671,970090313772.7201,964061413082.2201
2026-08-11,KO,2026-08-11,2026-08-10,True,,False,-0.0044894670196845565,372078679508.64,373756647651.66003
2026-08-11,MCD,2026-08-11,2026-08-10,False,tradability_policy,False,0.0015709484144379449,194785181244.84998,194479663725.48
2026-08-11,MMM,2026-08-11,2026-08-10,False,tradability_policy,False,0.005987695012085181,95514612506.93,94946104192.44
2026-08-11,MRK,2026-08-11,2026-08-10,True,,False,-0.0038191261839291,322114500204.3,323349412411.8
2026-08-11,MSFT,2026-08-11,2026-08-10,True,,False,-0.004446113109117467,3742519688222.24,3759233666306.24
2026-08-11,NKE,2026-08-11,2026-08-10,False,tradability_policy,False,-0.01876038945618619,61190252203.56,62360152959.63
2026-08-11,PG,2026-08-11,2026-08-10,True,,False,-0.008399344441409329,338135857595.38,341000034338.32
2026-08-11,TRV,2026-08-11,2026-08-10,False,tradability_policy,False,-2.6622650551089144e-05,79871473137.73,79873599584.66
2026-08-11,UNH,2026-08-11,2026-08-10,True,,False,-0.01602485687723254,365246597844.76,371194943690.96
2026-08-11,V,2026-08-11,2026-08-10,True,,False,0.006005756669988038,660575873571.9569,657844866983.682
2026-08-11,WMT,2026-08-11,2026-08-10,True,,False,0.005325758920646351,901332045095.3,896557197602.2999
2026-08-12,AAPL,2026-08-12,2026-08-11,True,,False,-0.00872388573677485,4439253351000.0,4478321717960.0
2026-08-12,AMGN,2026-08-12,2026-08-11,True,,False,0.004537774559497887,224615789473.32,223601137918.2
2026-08-12,AXP,2026-08-12,2026-08-11,True,,False,0.009594788885302519,234774882507.44,232543675038.83
2026-08-12,BA,2026-08-12,2026-08-11,False,tradability_policy,False,-0.008746355685131268,182255498927.19998,183863635682.44
2026-08-12,CAT,2026-08-12,2026-08-11,True,,False,0.0145013457912897,394121039445.60004,388487448617.62
2026-08-12,CRM,2026-08-12,2026-08-11,False,tradability_policy,False,-0.02101585050893806,158329080000.0,161727930000.0
2026-08-12,CSCO,2026-08-12,2026-08-11,True,,False,0.028647347006559798,488264926300.2,474666976705.95
2026-08-12,CVX,2026-08-12,2026-08-11,True,,False,-0.00030509508796905394,391548114111.2,391667609975.12
2026-08-12,DIS,2026-08-12,2026-08-11,False,tradability_policy,False,-0.0029943011687433296,179242709185.28,179781027726.72
2026-08-12,GS,2026-08-12,2026-08-11,True,,False,0.002706857048945688,305984647135.41003,305158626356.61005
2026-08-12,HD,2026-08-12,2026-08-11,True,,False,-0.03117242157526523,342439782099.26,353457921435.36005
2026-08-12,HON,2026-08-12,2026-08-11,False,tradability_policy,False,0.02268381713888412,74561962630.4,72908127987.2
2026-08-12,IBM,2026-08-12,2026-08-11,True,,False,-0.01023404076839185,221794128374.4,224087448457.59998
2026-08-12,JNJ,2026-08-12,2026-08-11,True,,False,0.004080061585835182,627946619055.06,625394969065.8
2026-08-12,JPM,2026-08-12,2026-08-11,True,,False,0.008673074798364766,978503979625.24,970090313772.7201
2026-08-12,KO,2026-08-12,2026-08-11,True,,False,0.0026595744680850686,373068250464.77997,372078679508.64
2026-08-12,MCD,2026-08-12,2026-08-11,False,tradability_policy,False,0.005653839139157402,195886465326.3,194785181244.84998
2026-08-12,MMM,2026-08-12,2026-08-11,False,tradability_policy,False,0.0035493911429038683,95853631226.58,95514612506.93
2026-08-12,MRK,2026-08-12,2026-08-11,True,,False,0.019168839135101923,328289061241.8,322114500204.3
2026-08-12,MSFT,2026-08-12,2026-08-11,True,,False,-0.02258788035171988,3657984101290.72,3742519688222.24
2026-08-12,NKE,2026-08-12,2026-08-11,False,tradability_policy,False,-0.019603097773475353,59990733706.829994,61190252203.56
2026-08-12,PG,2026-08-12,2026-08-11,True,,False,-0.007781833207079369,335504540750.24005,338135857595.38
2026-08-12,TRV,2026-08-12,2026-08-11,False,tradability_policy,False,-0.014509730837837131,78712559560.88,79871473137.73
2026-08-12,UNH,2026-08-12,2026-08-11,True,,False,0.00845371590541788,368334288818.36,365246597844.76
2026-08-12,V,2026-08-12,2026-08-11,True,,False,-0.009371037980265617,654385591971.867,660575873571.9569
2026-08-12,WMT,2026-08-12,2026-08-11,True,,False,0.024280416740243727,923216762771.55,901332045095.3
2026-08-13,AAPL,2026-08-13,2026-08-12,True,,False,0.009958643507030684,4483462292560.0,4439253351000.0
2026-08-13,AMGN,2026-08-13,2026-08-12,True,,False,0.003988658753423913,225511705208.15997,224615789473.32
2026-08-13,AXP,2026-08-13,2026-08-12,True,,False,-0.001249709369913976,234481482136.94998,234774882507.44
2026-08-13,BA,2026-08-13,2026-08-12,False,tradability_policy,False,-0.0037629757785465623,181569675899.23,182255498927.19998
2026-08-13,CAT,2026-08-13,2026-08-12,True,,False,-0.001168770453482959,393660402419.60004,394121039445.60004
2026-08-13,CRM,2026-08-13,2026-08-12,False,tradability_policy,False,0.04164080281398719,164922030000.0,158329080000.0
2026-08-13,CSCO,2026-08-13,2026-08-12,True,,False,-0.08403293509848242,447234591437.55,488264926300.2
2026-08-13,CVX,2026-08-13,2026-08-12,True,,False,0.005595116988809767,393738871616.39996,391548114111.2
2026-08-13,DIS,2026-08-13,2026-08-12,False,tradability_policy,False,0.015307111024995157,181986397235.19998,179242709185.28
2026-08-13,GS,2026-08-13,2026-08-12,True,,False,0.00522555702316807,307583587357.23004,305984647135.41003
2026-08-13,HD,2026-08-13,2026-08-12,True,,False,-0.005037416649681159,340714770239.39996,342439782099.26
2026-08-13,HON,2026-08-13,2026-08-12,False,tradability_policy,False,-0.005736381405625823,74134246774.40001,74561962630.4
2026-08-13,IBM,2026-08-13,2026-08-12,True,,False,0.004915670819561013,222884395299.19998,221794128374.4
2026-08-13,JNJ,2026-08-13,2026-08-12,True,,False,0.0046768381507320544,630883423759.6799,627946619055.06
2026-08-13,JPM,2026-08-13,2026-08-12,True,,False,-0.005668437482885147,972957390989.98,978503979625.24
2026-08-13,KO,2026-08-13,2026-08-12,True,,False,0.008188213585515136,376123012981.56,373068250464.77997
2026-08-13,MCD,2026-08-13,2026-08-12,False,tradability_policy,False,-0.012513601741022784,193435220112.75,195886465326.3
2026-08-13,MMM,2026-08-13,2026-08-12,False,tradability_policy,False,-0.006148656001741193,95264260221.65001,95853631226.58
2026-08-13,MRK,2026-08-13,2026-08-12,True,,False,0.0197863376467049,334784699453.25,328289061241.8
2026-08-13,MSFT,2026-08-13,2026-08-12,True,,False,0.009036817415673193,3691040635723.52,3657984101290.72
2026-08-13,NKE,2026-08-13,2026-08-12,False,tradability_policy,False,0.017773389286595886,61056972370.59,59990733706.829994
2026-08-13,PG,2026-08-13,2026-08-12,True,,False,0.0012493059411435858,335923688566.27997,335504540750.24005
2026-08-13,TRV,2026-08-13,2026-08-12,False,tradability_policy,False,-0.00043224551545284484,78678536410.0,78712559560.88
2026-08-13,UNH,2026-08-13,2026-08-12,True,,False,-0.016100002465543994,362404105860.24,368334288818.36
2026-08-13,V,2026-08-13,2026-08-12,True,,False,0.016777029658894715,665364238456.7324,654385591971.867
2026-08-13,WMT,2026-08-13,2026-08-12,True,,False,-0.002499784501336144,920908919816.6,923216762771.55
2026-08-14,AAPL,2026-08-14,2026-08-13,True,,False,0.0021948502915547508,4493302821080.0,4483462292560.0
2026-08-14,AMGN,2026-08-14,2026-08-13,True,,False,-0.006294275320696929,224092272447.53998,225511705208.15997
2026-08-14,AXP,2026-08-14,2026-08-13,True,,False,-0.003404626800523669,233683160198.64,234481482136.94998
2026-08-14,BA,2026-08-14,2026-08-13,False,tradability_policy,False,0.005817739764685248,182626001022.77,181569675899.23
2026-08-14,CAT,2026-08-14,2026-08-13,True,,False,0.0023051720102973405,394567857360.82,393660402419.60004
2026-08-14,CRM,2026-08-14,2026-08-13,False,tradability_policy,False,-0.02562447236430454,160695990000.0,164922030000.0
2026-08-14,CSCO,2026-08-14,2026-08-13,True,,False,-0.015775094738697426,440179423387.2,447234591437.55
2026-08-14,CVX,2026-08-14,2026-08-13,True,,False,0.01163378856853825,398319546400.0,393738871616.39996
2026-08-14,DIS,2026-08-14,2026-08-13,False,tradability_policy,False,0.01956106870229002,185546245654.4,181986397235.19998
2026-08-14,GS,2026-08-14,2026-08-13,True,,False,-0.0030787527694388084,306636613535.82,307583587357.23004
2026-08-14,HD,2026-08-14,2026-08-13,True,,False,-0.00831138425519451,337882958862.52,340714770239.39996
2026-08-14,HON,2026-08-14,2026-08-13,False,tradability_policy,False,0.0028633702294968977,74124741977.6,74134246774.40001
2026-08-14,IBM,2026-08-14,2026-08-13,True,,False,-0.011891709538669137,220233918809.6,222884395299.19998
2026-08-14,JNJ,2026-08-14,2026-08-13,True,,False,-0.0066010378510377166,626718938399.8501,630883423759.6799
2026-08-14,JPM,2026-08-14,2026-08-13,True,,False,-0.0007435763267330531,972233922907.1199,972957390989.98
2026-08-14,KO,2026-08-14,2026-08-13,True,,False,0.00331731869137486,377370732882.77997,376123012981.56
2026-08-14,MCD,2026-08-14,2026-08-13,False,tradability_policy,False,0.002130394857667417,193847313510.97,193435220112.75
2026-08-14,MMM,2026-08-14,2026-08-13,False,tradability_policy,False,0.0,95264260221.65001,95264260221.65001
2026-08-14,MRK,2026-08-14,2026-08-13,True,,False,0.0021394319439320686,335500948533.60004,334784699453.25
2026-08-14,MSFT,2026-08-14,2026-08-13,True,,False,-0.002978586379005055,3680046552361.5996,3691040635723.52
2026-08-14,NKE,2026-08-14,2026-08-13,False,tradability_policy,False,-0.012127091923356814,60316528854.09,61056972370.59
2026-08-14,PG,2026-08-14,2026-08-13,True,,False,0.00201025925412468,336598982269.9,335923688566.27997
2026-08-14,TRV,2026-08-14,2026-08-13,False,tradability_policy,False,0.0009729729729730519,78755088499.48,78678536410.0
2026-08-14,UNH,2026-08-14,2026-08-13,True,,False,0.0066907231995188,364828851418.92004,362404105860.24
2026-08-14,V,2026-08-14,2026-08-13,True,,False,-0.003557258174852973,662997366080.2274,665364238456.7324
2026-08-14,WMT,2026-08-14,2026-08-13,True,,False,-0.003888696854476348,917327784196.85,920908919816.6
2026-08-17,AAPL,2026-08-17,2026-08-14,True,,False,-0.0011113653450136596,4488309120040.0,4493302821080.0
2026-08-17,AMGN,2026-08-17,2026-08-14,True,,False,0.010043110715059811,226342855950.12,224092272447.53998
2026-08-17,AXP,2026-08-17,2026-08-14,True,,False,-0.018307638402242588,229404973401.03,233683160198.64
2026-08-17,BA,2026-08-17,2026-08-14,False,tradability_policy,False,-0.024690292226011157,178116911689.44998,182626001022.77
2026-08-17,CAT,2026-08-17,2026-08-14,True,,False,0.029279568511621834,406120633972.89996,394567857360.82
2026-08-17,CRM,2026-08-17,2026-08-14,False,tradability_policy,False,-0.02670608022017229,156404430000.0,160695990000.0
2026-08-17,CSCO,2026-08-17,2026-08-14,True,,False,0.01092406876790819,444987973678.5,440179423387.2
2026-08-17,CVX,2026-08-17,2026-08-14,True,,False,0.013499999999999845,403696860276.39996,398319546400.0
2026-08-17,DIS,2026-08-17,2026-08-14,False,tradability_policy,False,-0.0313523631258773,179728932384.0,185546245654.4
2026-08-17,GS,2026-08-17,2026-08-14,True,,False,0.011439071790036559,310144251771.51,306636613535.82
2026-08-17,HD,2026-08-17,2026-08-14,True,,False,-0.0028920498140825313,336905784514.16,337882958862.52
2026-08-17,HON,2026-08-17,2026-08-14,False,tradability_policy,False,-0.019276799452898064,72695854192.0,74124741977.6
2026-08-17,IBM,2026-08-17,2026-08-14,True,,False,-0.023344144759303465,215092746328.0,220233918809.6
2026-08-17,JNJ,2026-08-17,2026-08-14,True,,False,0.0077587862492798365,631581516681.27,626718938399.8501
2026-08-17,JPM,2026-08-17,2026-08-14,True,,False,-0.005181347150259086,967196441441.2799,972233922907.1199
2026-08-17,KO,2026-08-17,2026-08-14,True,,False,-0.008322882225515804,374229920717.64,377370732882.77997
2026-08-17,MCD,2026-08-17,2026-08-14,False,tradability_policy,False,-0.0267565883517209,188660620740.27,193847313510.97
2026-08-17,MMM,2026-08-17,2026-08-14,False,tradability_policy,False,-0.013358883109772735,93991636104.81,95264260221.65001
2026-08-17,MRK,2026-08-17,2026-08-14,True,,False,0.0009570082449941175,335822025707.55,335500948533.60004
2026-08-17,MSFT,2026-08-17,2026-08-14,True,,False,-0.03037949132014528,3568248610066.4004,3680046552361.5996
2026-08-17,NKE,2026-08-17,2026-08-14,False,tradability_policy,False,-0.04026516081512388,57887874119.97001,60316528854.09
2026-08-17,PG,2026-08-17,2026-08-14,True,,False,-0.00989277066758909,333269085731.36,336598982269.9
2026-08-17,TRV,2026-08-17,2026-08-14,False,tradability_policy,False,-0.01579544227238372,77511117045.43,78755088499.48
2026-08-17,UNH,2026-08-17,2026-08-14,True,,False,-0.015209220122968214,359280089110.48,364828851418.92004
2026-08-17,V,2026-08-17,2026-08-14,True,,False,-0.014581903061925083,653329602757.7339,662997366080.2274
2026-08-17,WMT,2026-08-17,2026-08-14,True,,False,-0.008154767068621505,909847189791.15,917327784196.85
2026-08-18,AAPL,2026-08-18,2026-08-17,True,,False,0.014529271245786735,4553520980680.0,4488309120040.0
2026-08-18,AMGN,2026-08-18,2026-08-17,True,,False,0.014068386666030719,229527134766.71997,226342855950.12
2026-08-18,AXP,2026-08-18,2026-08-17,True,,False,0.006870705808869504,230981147484.36,229404973401.03
2026-08-18,BA,2026-08-18,2026-08-17,False,tradability_policy,False,-0.012790440362912103,175838717952.86002,178116911689.44998
2026-08-18,CAT,2026-08-18,2026-08-17,True,,False,-0.04625418249872393,387335856052.62,406120633972.89996
2026-08-18,CRM,2026-08-18,2026-08-17,False,tradability_policy,False,0.027072315023302096,160638660000.0,156404430000.0
2026-08-18,CSCO,2026-08-18,2026-08-17,True,,False,-0.011426040744021315,439903522960.65,444987973678.5
2026-08-18,CVX,2026-08-18,2026-08-17,True,,False,0.014997533300444177,409751317381.68,403696860276.39996
2026-08-18,DIS,2026-08-18,2026-08-17,False,tradability_policy,False,0.004347826086956497,180510362524.80002,179728932384.0
2026-08-18,GS,2026-08-18,2026-08-17,True,,False,-0.010310945391939552,306946371327.87,310144251771.51
2026-08-18,HD,2026-08-18,2026-08-17,True,,False,-0.001154255948857541,336516909008.18,336905784514.16
2026-08-18,HON,2026-08-18,2026-08-17,False,tradability_policy,False,-0.007583351492699841,72144575977.6,72695854192.0
2026-08-18,IBM,2026-08-18,2026-08-17,True,,False,0.01669215643434563,218683108097.59998,215092746328.0
2026-08-18,JNJ,2026-08-18,2026-08-17,True,,False,0.03331173533559473,652620593007.81,631581516681.27
2026-08-18,JPM,2026-08-18,2026-08-17,True,,False,0.006344193262411313,973332522588.5,967196441441.2799
2026-08-18,KO,2026-08-18,2026-08-17,True,,False,0.021154288342147387,382146488366.75995,374229920717.64
2026-08-18,MCD,2026-08-18,2026-08-17,False,tradability_policy,False,0.0054984370880881706,189697959294.41,188660620740.27
2026-08-18,MMM,2026-08-18,2026-08-17,False,tradability_policy,False,0.004050829587703086,94372380205.34,93991636104.81
2026-08-18,MRK,2026-08-18,2026-08-17,True,,False,-0.005883650805324825,333846166175.55,335822025707.55
2026-08-18,MSFT,2026-08-18,2026-08-17,True,,False,0.0026647236390131557,3577757006487.52,3568248610066.4004
2026-08-18,NKE,2026-08-18,2026-08-17,False,tradability_policy,False,0.024814530570478333,59324334541.98,57887874119.97001
2026-08-18,PG,2026-08-18,2026-08-17,True,,False,0.0023057574063720665,334037523394.1,333269085731.36
2026-08-18,TRV,2026-08-18,2026-08-17,False,tradability_policy,False,0.009382458643109937,78238361895.49,77511117045.43
2026-08-18,UNH,2026-08-18,2026-08-17,True,,False,-0.00427177594661543,357745325067.72003,359280089110.48
2026-08-18,V,2026-08-18,2026-08-17,True,,False,0.015076357150819453,663179433186.1124,653329602757.7339
2026-08-18,WMT,2026-08-18,2026-08-17,True,,False,0.007609551298871642,916770718656.0,909847189791.15
2026-08-19,AAPL,2026-08-19,2026-08-18,True,,False,0.02193336128761736,4653395001480.0,4553520980680.0
2026-08-19,AMGN,2026-08-19,2026-08-18,True,,False,0.04016177577125668,238745352086.64,229527134766.71997
2026-08-19,AXP,2026-08-19,2026-08-18,True,,False,0.00407656859269756,231922757975.69998,230981147484.36
2026-08-19,BA,2026-08-19,2026-08-18,False,tradability_policy,False,-0.003855464897337124,175160777948.19998,175838717952.86002
2026-08-19,CAT,2026-08-19,2026-08-18,True,,False,-0.029398123372221696,375948908769.89996,387335856052.62
2026-08-19,CRM,2026-08-19,2026-08-18,False,tradability_policy,False,0.05072907107168367,168787710000.0,160638660000.0
2026-08-19,CSCO,2026-08-19,2026-08-18,True,,False,-0.009497356867664175,435725602215.75,439903522960.65
2026-08-19,CVX,2026-08-19,2026-08-18,True,,False,0.00874890638670145,409791149336.32,409751317381.68
2026-08-19,DIS,2026-08-19,2026-08-18,False,tradability_policy,False,0.02866762866762862,185685166568.32,180510362524.80002
2026-08-19,GS,2026-08-19,2026-08-18,True,,False,-0.018087979470816085,301394331664.64996,306946371327.87
2026-08-19,HD,2026-08-19,2026-08-18,True,,False,0.0201783756555749,343307273612.60004,336516909008.18
2026-08-19,HON,2026-08-19,2026-08-18,False,tradability_policy,False,-0.026261472926090268,70249953148.8,72144575977.6
2026-08-19,IBM,2026-08-19,2026-08-18,True,,False,0.019297717797739367,222903193004.8,218683108097.59998
2026-08-19,JNJ,2026-08-19,2026-08-18,True,,False,0.008483641326398894,658157192041.1101,652620593007.81
2026-08-19,JPM,2026-08-19,2026-08-18,True,,False,-0.016490020646937387,957282249194.6799,973332522588.5
2026-08-19,KO,2026-08-19,2026-08-18,True,,False,0.01722585003377608,388729286466.3,382146488366.75995
2026-08-19,MCD,2026-08-19,2026-08-18,False,tradability_policy,False,0.0017229109704481882,190024791989.55,189697959294.41
2026-08-19,MMM,2026-08-19,2026-08-18,False,tradability_policy,False,-0.0015474743008732084,94226341372.26,94372380205.34
2026-08-19,MRK,2026-08-19,2026-08-18,True,,False,0.1259894947103648,375907275963.0,333846166175.55
2026-08-19,MSFT,2026-08-19,2026-08-18,True,,False,0.005564437431223146,3597665211494.24,3577757006487.52
2026-08-19,NKE,2026-08-19,2026-08-18,False,tradability_policy,False,0.02471293060409363,60790412704.649994,59324334541.98
2026-08-19,PG,2026-08-19,2026-08-18,True,,False,0.0064830951551062554,336203120443.64,334037523394.1
2026-08-19,TRV,2026-08-19,2026-08-18,False,tradability_policy,False,-0.015519256380289725,77024160698.46,78238361895.49
2026-08-19,UNH,2026-08-19,2026-08-18,True,,False,-0.013504937425430907,352913996838.44,357745325067.72003
2026-08-19,V,2026-08-19,2026-08-18,True,,False,0.0035415236787921245,665528098852.029,663179433186.1124
2026-08-19,WMT,2026-08-19,2026-08-18,True,,False,-0.0078125,909608447416.5,916770718656.0
2026-08-20,AAPL,2026-08-20,2026-08-19,True,,False,-0.017454155225199552,4572173922800.0,4653395001480.0
2026-08-20,AMGN,2026-08-20,2026-08-19,True,,False,-0.019508997196853284,234087669682.02002,238745352086.64
2026-08-20,AXP,2026-08-20,2026-08-19,True,,False,-0.025742865548690763,225952401599.44998,231922757975.69998
2026-08-20,BA,2026-08-20,2026-08-19,False,tradability_policy,False,-0.03195319531953189,169563831398.1,175160777948.19998
2026-08-20,CAT,2026-08-20,2026-08-19,True,,False,-0.0009312013722967416,375598824630.14,375948908769.89996
2026-08-20,CRM,2026-08-20,2026-08-19,False,tradability_policy,False,-0.003202484351496948,168247170000.0,168787710000.0
2026-08-20,CSCO,2026-08-20,2026-08-19,True,,False,-0.008683853459972801,431941824937.35004,435725602215.75
2026-08-20,CVX,2026-08-20,2026-08-19,True,,False,4.8600311042035216e-05,409811065313.64,409791149336.32
2026-08-20,DIS,2026-08-20,2026-08-19,False,tradability_policy,False,0.0036472458617786696,186362406023.68,185685166568.32
2026-08-20,GS,2026-08-20,2026-08-19,True,,False,-0.019282533157147674,295582685470.95,301394331664.64996
2026-08-20,HD,2026-08-20,2026-08-19,True,,False,-0.02849259366831247,333525558962.18,343307273612.60004
2026-08-20,HON,2026-08-20,2026-08-19,False,tradability_policy,False,-0.015379064628151307,69169574579.2,70249953148.8
2026-08-20,IBM,2026-08-20,2026-08-19,True,,False,-0.014631472423680236,219641791083.2,222903193004.8
2026-08-20,JNJ,2026-08-20,2026-08-19,True,,False,-0.022091364617241593,643617601536.27,658157192041.1101
2026-08-20,JPM,2026-08-20,2026-08-19,True,,False,-0.015982757655488955,941982238997.9,957282249194.6799
2026-08-20,KO,2026-08-20,2026-08-19,True,,False,0.0016602102933038765,389374658829.0,388729286466.3
2026-08-20,MCD,2026-08-20,2026-08-19,False,tradability_policy,False,0.006281547952888378,191218441832.66998,190024791989.55
2026-08-20,MMM,2026-08-20,2026-08-19,False,tradability_policy,False,-0.014225617181445771,92885913511.49,94226341372.26
2026-08-20,MRK,2026-08-20,2026-08-19,True,,False,-0.021090670170827774,367979139590.85004,375907275963.0
2026-08-20,MSFT,2026-08-20,2026-08-19,True,,False,-0.004645784724659929,3574191357829.5996,3597665211494.24
2026-08-20,NKE,2026-08-20,2026-08-19,False,tradability_policy,False,-0.020462850182703884,59546467596.93,60790412704.649994
2026-08-20,PG,2026-08-20,2026-08-19,True,,False,-0.009765895553400683,332919795884.66,336203120443.64
2026-08-20,TRV,2026-08-20,2026-08-19,False,tradability_policy,False,0.006266909612942406,77506864151.57,77024160698.46
2026-08-20,UNH,2026-08-20,2026-08-19,True,,False,-0.009675510151565758,349499373879.4,352913996838.44
2026-08-20,V,2026-08-20,2026-08-19,True,,False,0.000519778957159156,665874026353.2104,665528098852.029
2026-08-20,WMT,2026-08-20,2026-08-19,True,,False,-0.09151356080489936,826366939455.2001,909608447416.5
2026-08-21,AAPL,2026-08-21,2026-08-20,True,,False,-0.006264053967234173,4543533578600.0,4572173922800.0
2026-08-21,AMGN,2026-08-21,2026-08-20,True,,False,0.018721324326193667,237110036016.41998,234087669682.02002
2026-08-21,AXP,2026-08-21,2026-08-20,True,,False,0.014645930847048128,229261684848.0,225952401599.44998
2026-08-21,BA,2026-08-21,2026-08-20,False,tradability_policy,False,-0.004184100418410108,168854359300.19998,169563831398.1
2026-08-21,CAT,2026-08-21,2026-08-20,True,,False,0.015342351512773078,381361393825.39996,375598824630.14
2026-08-21,CRM,2026-08-21,2026-08-20,False,tradability_policy,False,0.01820571484203848,171310230000.0,168247170000.0
2026-08-21,CSCO,2026-08-21,2026-08-20,True,,False,0.013231134227575492,437656905201.60004,431941824937.35004
2026-08-21,CVX,2026-08-21,2026-08-20,True,,False,-0.0024298974583272237,408815266447.64,409811065313.64
2026-08-21,DIS,2026-08-21,2026-08-20,False,tradability_policy,False,0.004286246738725463,187161201278.72,186362406023.68
2026-08-21,GS,2026-08-21,2026-08-20,True,,False,0.037257348171066296,306595312496.88,295582685470.95
2026-08-21,HD,2026-08-21,2026-08-20,True,,False,0.0033483811175221145,334642329646.02,333525558962.18
2026-08-21,HON,2026-08-21,2026-08-20,False,tradability_policy,False,-0.011084646390619235,68402854304.0,69169574579.2
2026-08-21,IBM,2026-08-21,2026-08-20,True,,False,0.008515554794813696,221512162790.4,219641791083.2
2026-08-21,JNJ,2026-08-21,2026-08-20,True,,False,0.010734188577626425,650526314243.04,643617601536.27
2026-08-21,JPM,2026-08-21,2026-08-20,True,,False,8.533636751528739e-05,942062624340.44,941982238997.9
2026-08-21,KO,2026-08-21,2026-08-20,True,,False,0.006629834254143541,391956148279.8,389374658829.0
2026-08-21,MCD,2026-08-21,2026-08-20,False,tradability_policy,False,0.006762531118790216,192511562496.05,191218441832.66998
2026-08-21,MMM,2026-08-21,2026-08-20,False,tradability_policy,False,0.004885170419450802,93339677028.56,92885913511.49
2026-08-21,MRK,2026-08-21,2026-08-20,True,,False,0.02389422108866368,376771714508.25,367979139590.85004
2026-08-21,MSFT,2026-08-21,2026-08-20,True,,False,0.004343759742284181,3589716786360.96,3574191357829.5996
2026-08-21,NKE,2026-08-21,2026-08-20,False,tradability_policy,False,0.013678189505098137,60360955465.079994,59546467596.93
2026-08-21,PG,2026-08-21,2026-08-20,True,,False,0.011960551164579947,336901700137.04004,332919795884.66
2026-08-21,TRV,2026-08-21,2026-08-20,False,tradability_policy,False,-0.0024966391396198384,77313357480.94,77506864151.57
2026-08-21,UNH,2026-08-21,2026-08-20,True,,False,0.013667662725737273,354276213444.44,349499373879.4
2026-08-21,V,2026-08-21,2026-08-20,True,,False,0.014518907390698166,675541789675.704,665874026353.2104
2026-08-21,WMT,2026-08-21,2026-08-20,True,,False,0.0010352465331278093,825252808373.5,826366939455.2001
2026-08-24,AAPL,2026-08-24,2026-08-21,True,,False,0.003200258606755879,4558074061040.0,4543533578600.0
2026-08-24,AMGN,2026-08-24,2026-08-21,True,,False,0.010265631757448768,239544120332.15997,237110036016.41998
2026-08-24,AXP,2026-08-24,2026-08-21,True,,False,0.003958333333333286,230169179017.19,229261684848.0
2026-08-24,BA,2026-08-24,2026-08-21,False,tradability_policy,False,-0.0174603174603174,165906108582.26,168854359300.19998
2026-08-24,CAT,2026-08-24,2026-08-21,True,,False,-0.020388935861819002,373585840826.52,381361393825.39996
2026-08-24,CRM,2026-08-24,2026-08-21,False,tradability_policy,False,-0.0005258880336567184,171220140000.0,171310230000.0
2026-08-24,CSCO,2026-08-24,2026-08-21,True,,False,-0.007294668587896291,434464343122.95,437656905201.60004
2026-08-24,CVX,2026-08-24,2026-08-21,True,,False,-0.01062015881521905,404473583391.88,408815266447.64
2026-08-24,DIS,2026-08-24,2026-08-21,False,tradability_policy,False,0.026257190573390154,192075528608.63998,187161201278.72
2026-08-24,GS,2026-08-24,2026-08-21,True,,False,-0.0028866138095604565,305710290233.88,306595312496.88
2026-08-24,HD,2026-08-24,2026-08-21,True,,False,0.005422961175173491,336457082007.26,334642329646.02
2026-08-24,HON,2026-08-24,2026-08-21,False,tradability_policy,False,-0.0052339045854562505,68044840291.200005,68402854304.0
2026-08-24,IBM,2026-08-24,2026-08-21,True,,False,-0.019687712152070658,217151095091.19998,221512162790.4
2026-08-24,JNJ,2026-08-24,2026-08-21,True,,False,0.010361160449970486,657266521761.8401,650526314243.04
2026-08-24,JPM,2026-08-24,2026-08-21,True,,False,0.013681096763183298,954951074261.02,942062624340.44
2026-08-24,KO,2026-08-24,2026-08-21,True,,False,0.009769484083424818,395785357631.82,391956148279.8
2026-08-24,MCD,2026-08-24,2026-08-21,False,tradability_policy,False,0.005868241372947169,193641266811.86002,192511562496.05
2026-08-24,MMM,2026-08-24,2026-08-21,False,tradability_policy,False,0.004637907912382611,93365755391.61,93339677028.56
2026-08-24,MRK,2026-08-24,2026-08-21,True,,False,-0.012389380530973493,372103746363.89996,376771714508.25
2026-08-24,MSFT,2026-08-24,2026-08-21,True,,False,0.008422316033440902,3619950515606.24,3589716786360.96
2026-08-24,NKE,2026-08-24,2026-08-21,False,tradability_policy,False,-0.0002453385672227526,60346146594.75,60360955465.079994
2026-08-24,PG,2026-08-24,2026-08-21,True,,False,0.01327066629803686,341372610174.8,336901700137.04004
2026-08-24,TRV,2026-08-24,2026-08-21,False,tradability_policy,False,0.019170471423070712,78795490991.15001,77313357480.94
2026-08-24,UNH,2026-08-24,2026-08-21,True,,False,0.022173233190638575,362131662539.04,354276213444.44
2026-08-24,V,2026-08-24,2026-08-21,True,,False,0.03064359637774894,696242819614.8285,675541789675.704
2026-08-24,WMT,2026-08-24,2026-08-21,True,,False,0.026904532304725004,847455849215.95,825252808373.5
2026-08-25,AAPL,2026-08-25,2026-08-24,True,,False,-0.001417799832441835,4551611624400.0,4558074061040.0
2026-08-25,AMGN,2026-08-25,2026-08-24,True,,False,-0.0036049026676279183,238680587093.76,239544120332.15997
2026-08-25,AXP,2026-08-25,2026-08-24,True,,False,-0.004090949515311415,229227568525.85,230169179017.19
2026-08-25,BA,2026-08-25,2026-08-24,False,tradability_policy,False,0.002945927967309636,166394856027.48,165906108582.26
2026-08-25,CAT,2026-08-25,2026-08-24,True,,False,0.00033291410816005396,373710212823.54,373585840826.52
2026-08-25,CRM,2026-08-25,2026-08-24,False,tradability_policy,False,-0.016119774227494554,168460110000.0,171220140000.0
2026-08-25,CSCO,2026-08-25,2026-08-24,True,,False,0.007983307629501946,437932805628.15,434464343122.95
2026-08-25,CVX,2026-08-25,2026-08-24,True,,False,-0.015756561130533364,398100470649.48,404473583391.88
2026-08-25,DIS,2026-08-25,2026-08-24,False,tradability_policy,False,0.005786095289756821,193186895920.0,192075528608.63998
2026-08-25,GS,2026-08-25,2026-08-24,True,,False,0.02180877755046917,312377457948.48004,305710290233.88
2026-08-25,HD,2026-08-25,2026-08-24,True,,False,0.0013336099339122942,336905784514.16,336457082007.26
2026-08-25,HON,2026-08-25,2026-08-24,False,tradability_policy,False,0.004237090841365143,68333152460.8,68044840291.200005
2026-08-25,IBM,2026-08-25,2026-08-24,True,,False,0.013634002770083198,220111733723.2,217151095091.19998
2026-08-25,JNJ,2026-08-25,2026-08-24,True,,False,0.005273952534427195,657507243458.94,657266521761.8401
2026-08-25,JPM,2026-08-25,2026-08-24,True,,False,0.000841774460562883,955754927686.42,954951074261.02
2026-08-25,KO,2026-08-25,2026-08-24,True,,False,-0.0038047613871072805,394279488785.52,395785357631.82
2026-08-25,MCD,2026-08-25,2026-08-24,False,tradability_policy,False,-0.016291186614808773,190486620797.90002,193641266811.86002
2026-08-25,MMM,2026-08-25,2026-08-24,False,tradability_policy,False,0.002011060834590239,93553519605.57,93365755391.61
2026-08-25,MRK,2026-08-25,2026-08-24,True,,False,0.03843090402230187,386404029726.75,372103746363.89996
2026-08-25,MSFT,2026-08-25,2026-08-24,True,,False,0.009029160082903998,3652635628303.84,3619950515606.24
2026-08-25,NKE,2026-08-25,2026-08-24,False,tradability_policy,False,-0.03116564417177925,58465420062.84,60346146594.75
2026-08-25,PG,2026-08-25,2026-08-24,True,,False,-0.008185538881309573,338578291401.2,341372610174.8
2026-08-25,TRV,2026-08-25,2026-08-24,False,tradability_policy,False,-0.002401835109971606,78606237214.38,78795490991.15001
2026-08-25,UNH,2026-08-25,2026-08-24,True,,False,-0.005441869796368737,360160989182.36,362131662539.04
2026-08-25,V,2026-08-25,2026-08-24,True,,False,0.004523940273528204,699392580546.6389,696242819614.8285
2026-08-25,WMT,2026-08-25,2026-08-24,True,,False,-0.010423513944971319,838622381353.9,847455849215.95
2026-08-26,AAPL,2026-08-26,2026-08-25,True,,False,0.011455308163923927,4603751738200.0,4551611624400.0
2026-08-26,AMGN,2026-08-26,2026-08-25,True,,False,-0.004296309696092737,237655141373.15997,238680587093.76
2026-08-26,AXP,2026-08-26,2026-08-25,True,,False,0.000595326685518538,229364033814.44998,229227568525.85
2026-08-26,BA,2026-08-26,2026-08-25,False,tradability_policy,False,0.004784915671783185,167191041381.79,166394856027.48
2026-08-26,CAT,2026-08-26,2026-08-25,True,,False,0.013114915751457623,378611390780.18,373710212823.54
2026-08-26,CRM,2026-08-26,2026-08-25,False,tradability_policy,False,-0.00034031795420286226,168402780000.0,168460110000.0
2026-08-26,CSCO,2026-08-26,2026-08-25,True,,False,0.011250112501125065,442859598959.4,437932805628.15
2026-08-26,CVX,2026-08-26,2026-08-25,True,,False,0.0016008804842664315,398737781923.72003,398100470649.48
2026-08-26,DIS,2026-08-26,2026-08-25,False,tradability_policy,False,-0.01456179775280908,190373747413.12,193186895920.0
2026-08-26,GS,2026-08-26,2026-08-25,True,,False,-0.01739573889392576,306943421253.66003,312377457948.48004
2026-08-26,HD,2026-08-26,2026-08-25,True,,False,-0.008967680833431912,333884520967.7,336905784514.16
2026-08-26,HON,2026-08-26,2026-08-25,False,tradability_policy,False,0.023136127596439016,69914116995.2,68333152460.8
2026-08-26,IBM,2026-08-26,2026-08-25,True,,False,-0.018446560485076202,216051429313.6,220111733723.2
2026-08-26,JNJ,2026-08-26,2026-08-25,True,,False,-0.011495936149959696,649948582170.0,657507243458.94
2026-08-26,JPM,2026-08-26,2026-08-25,True,,False,-0.0005326754324483929,955245820517.0,955754927686.42
2026-08-26,KO,2026-08-26,2026-08-25,True,,False,-0.01702313400261901,387567616213.44,394279488785.52
2026-08-26,MCD,2026-08-26,2026-08-25,False,tradability_policy,False,-0.004364043267437556,189655328942.87,190486620797.90002
2026-08-26,MMM,2026-08-26,2026-08-25,False,tradability_policy,False,0.00351229302558953,93882106980.0,93553519605.57
2026-08-26,MRK,2026-08-26,2026-08-25,True,,False,-0.02141259188239053,378130117936.5,386404029726.75
2026-08-26,MSFT,2026-08-26,2026-08-25,True,,False,0.009477130829147251,3687252134024.48,3652635628303.84
2026-08-26,NKE,2026-08-26,2026-08-25,False,tradability_policy,False,-0.022543059777102137,57147430603.47001,58465420062.84
2026-08-26,PG,2026-08-26,2026-08-25,True,,False,-0.0027510316368638543,337646851810.0,338578291401.2
2026-08-26,TRV,2026-08-26,2026-08-25,False,tradability_policy,False,0.004030730941946503,78923077806.95,78606237214.38
2026-08-26,UNH,2026-08-26,2026-08-25,True,,False,0.011145011220656142,364174987448.04,360160989182.36
2026-08-26,V,2026-08-26,2026-08-25,True,,False,-0.0006247722184620219,698955619492.5149,699392580546.6389
2026-08-26,WMT,2026-08-26,2026-08-25,True,,False,-0.009869045359650719,830345979032.7001,838622381353.9
2026-08-27,AAPL,2026-08-27,2026-08-26,True,,False,0.003605040676343929,4620348450480.0,4603751738200.0
2026-08-27,AMGN,2026-08-27,2026-08-26,True,,False,-0.007607757641822199,235847118655.26,237655141373.15997
2026-08-27,AXP,2026-08-27,2026-08-26,True,,False,-0.005919976201100519,228006204192.88,229364033814.44998
2026-08-27,BA,2026-08-27,2026-08-26,False,tradability_policy,False,-0.010372954877646334,165456776253.59,167191041381.79
2026-08-27,CAT,2026-08-27,2026-08-26,True,,False,-0.005998077695180792,376340450242.0,378611390780.18
2026-08-27,CRM,2026-08-27,2026-08-26,False,tradability_policy,False,0.22580488279350264,206428950000.0,168402780000.0
2026-08-27,CSCO,2026-08-27,2026-08-26,True,,False,-0.0018689925240298333,442031897679.75,442859598959.4
2026-08-27,CVX,2026-08-27,2026-08-26,True,,False,-0.002197692422955866,397861478921.64,398737781923.72003
2026-08-27,DIS,2026-08-27,2026-08-26,False,tradability_policy,False,-0.0256316701632765,185494150311.68,190373747413.12
2026-08-27,GS,2026-08-27,2026-08-26,True,,False,0.0003940564750204434,307064374296.26996,306943421253.66003
2026-08-27,HD,2026-08-27,2026-08-26,True,,False,-0.018635209795430763,327662512872.02,333884520967.7
2026-08-27,HON,2026-08-27,2026-08-26,False,tradability_policy,False,-0.001268863008111687,69825405558.4,69914116995.2
2026-08-27,IBM,2026-08-27,2026-08-26,True,,False,0.038804541697481154,224435206011.19998,216051429313.6
2026-08-27,JNJ,2026-08-27,2026-08-26,True,,False,-0.015666666666666718,639766054382.6699,649948582170.0
2026-08-27,JPM,2026-08-27,2026-08-26,True,,False,-0.0063955119214585965,949136534483.9601,955245820517.0
2026-08-27,KO,2026-08-27,2026-08-26,True,,False,-0.011323268206039017,383179084147.08,387567616213.44
2026-08-27,MCD,2026-08-27,2026-08-26,False,tradability_policy,False,-0.025737084628928986,184774153691.54,189655328942.87
2026-08-27,MMM,2026-08-27,2026-08-26,False,tradability_policy,False,-0.00649999999999995,93271873284.63,93882106980.0
2026-08-27,MRK,2026-08-27,2026-08-26,True,,False,-0.023252775963422567,369337543019.1,378130117936.5
2026-08-27,MSFT,2026-08-27,2026-08-26,True,,False,0.01750710155730606,3751805231602.24,3687252134024.48
2026-08-27,NKE,2026-08-27,2026-08-26,False,tradability_policy,False,-0.003887017362011025,56925297548.52,57147430603.47001
2026-08-27,PG,2026-08-27,2026-08-26,True,,False,-0.012827586206896613,333315657710.92,337646851810.0
2026-08-27,TRV,2026-08-27,2026-08-26,False,tradability_policy,False,-0.004903677758318681,78536064465.69,78923077806.95
2026-08-27,UNH,2026-08-27,2026-08-26,True,,False,-0.014862472257549664,358762446800.2,364174987448.04
2026-08-27,V,2026-08-27,2026-08-26,True,,False,-0.011044542849700356,691235974202.991,698955619492.5149
2026-08-27,WMT,2026-08-27,2026-08-26,True,,False,-0.0163887291546867,816737663677.65,830345979032.7001
2026-08-28,AAPL,2026-08-28,2026-08-27,True,,False,0.016275669146163185,4695547713200.0,4620348450480.0
2026-08-28,AMGN,2026-08-28,2026-08-27,True,,False,-0.010457905215222274,233380651843.08002,235847118655.26
2026-08-28,AXP,2026-08-28,2026-08-27,True,,False,-0.00287287526933222,227351170807.6,228006204192.88
2026-08-28,BA,2026-08-28,2026-08-27,False,tradability_policy,False,-0.00033350802801468404,165401595090.41998,165456776253.59
2026-08-28,CAT,2026-08-28,2026-08-27,True,,False,-0.020501835985312078,368624780056.5,376340450242.0
2026-08-28,CRM,2026-08-28,2026-08-27,False,tradability_policy,False,0.015671493751239884,209664000000.0,206428950000.0
2026-08-28,CSCO,2026-08-28,2026-08-27,True,,False,-0.019794917521177013,433281912723.45,442031897679.75
2026-08-28,CVX,2026-08-28,2026-08-27,True,,False,0.010462031336036404,402023918181.52,397861478921.64
2026-08-28,DIS,2026-08-28,2026-08-27,False,tradability_policy,False,0.011982774761280623,187716884934.4,185494150311.68
2026-08-28,GS,2026-08-28,2026-08-27,True,,False,-0.006609855217270089,305034723239.79,307064374296.26996
2026-08-28,HD,2026-08-28,2026-08-27,True,,False,0.00480813121937862,329237957229.58,327662512872.02
2026-08-28,HON,2026-08-28,2026-08-27,False,tradability_policy,False,-0.013430736421797596,68887598940.8,69825405558.4
2026-08-28,IBM,2026-08-28,2026-08-27,True,,False,-0.013400896184932343,221427573115.2,224435206011.19998
2026-08-28,JNJ,2026-08-28,2026-08-27,True,,False,0.008541219851751602,645230436906.8401,639766054382.6699
2026-08-28,JPM,2026-08-28,2026-08-27,True,,False,0.009598554570605877,958246873305.16,949136534483.9601
2026-08-28,KO,2026-08-28,2026-08-27,True,,False,0.006737031214911315,385760573597.88,383179084147.08
2026-08-28,MCD,2026-08-28,2026-08-27,False,tradability_policy,False,0.018995616396216164,188284052635.0,184774153691.54
2026-08-28,MMM,2026-08-28,2026-08-27,False,tradability_policy,False,-0.025107644131297957,90930036282.74,93271873284.63
2026-08-28,MRK,2026-08-28,2026-08-27,True,,False,-0.007957737060318326,366398451965.25,369337543019.1
2026-08-28,MSFT,2026-08-28,2026-08-27,True,,False,0.016770284718647277,3814724073545.1196,3751805231602.24
2026-08-28,NKE,2026-08-28,2026-08-27,False,tradability_policy,False,0.03017689906347565,58643126506.8,56925297548.52
2026-08-28,PG,2026-08-28,2026-08-27,True,,False,0.004471147128685349,334805961056.84,333315657710.92
2026-08-28,TRV,2026-08-28,2026-08-27,False,tradability_policy,False,0.0015433352286573498,78657271940.7,78536064465.69
2026-08-28,UNH,2026-08-28,2026-08-27,True,,False,-0.005315782812302272,356855343551.8,358762446800.2
2026-08-28,V,2026-08-28,2026-08-27,True,,False,0.0051098351156297905,694768076057.16,691235974202.991
2026-08-28,WMT,2026-08-28,2026-08-27,True,,False,0.004482120237747411,820398380088.9501,816737663677.65
2026-08-31,AAPL,2026-08-31,2026-08-28,True,,False,-0.008914607444479139,4653688748600.0,4695547713200.0
2026-08-31,AMGN,2026-08-31,2026-08-28,True,,False,-0.00587391887516775,232009792827.12,233380651843.08002
2026-08-31,AXP,2026-08-31,2026-08-28,True,,False,-0.009093637454981929,225283721685.31,227351170807.6
2026-08-31,BA,2026-08-31,2026-08-28,False,tradability_policy,False,-0.00972261938804686,163793458335.18,165401595090.41998
2026-08-31,CAT,2026-08-31,2026-08-28,True,,False,-0.0034739144017493784,367344209124.22003,368624780056.5
2026-08-31,CRM,2026-08-31,2026-08-28,False,tradability_policy,False,0.00601562500000008,210925260000.00003,209664000000.0
2026-08-31,CSCO,2026-08-31,2026-08-28,True,,False,0.005094150823251153,435489116135.85,433281912723.45
2026-08-31,CVX,2026-08-31,2026-08-28,True,,False,0.02120281383136824,410547956474.48,402023918181.52
2026-08-31,DIS,2026-08-31,2026-08-28,False,tradability_policy,False,-0.005087881591119281,186761803651.19998,187716884934.4
2026-08-31,GS,2026-08-31,2026-08-28,True,,False,-0.007824060194005611,302648113203.9,305034723239.79
2026-08-31,HD,2026-08-31,2026-08-28,True,,False,-0.007147399981828673,326884761860.06,329237957229.58
2026-08-31,HON,2026-08-31,2026-08-28,False,tradability_policy,False,-0.017936807248309816,67651975356.8,68887598940.8
2026-08-31,IBM,2026-08-31,2026-08-28,True,,False,-0.007300819219831056,219810970433.6,221427573115.2
2026-08-31,JNJ,2026-08-31,2026-08-28,True,,False,-0.008170422325026072,639958631740.3501,645230436906.8401
2026-08-31,JPM,2026-08-31,2026-08-28,True,,False,-0.004474022705665326,953959655036.36,958246873305.16
2026-08-31,KO,2026-08-31,2026-08-28,True,,False,-0.011041713138523201,381501116004.06,385760573597.88
2026-08-31,MCD,2026-08-31,2026-08-28,False,tradability_policy,False,-0.00550943396226411,187246714080.86002,188284052635.0
2026-08-31,MMM,2026-08-31,2026-08-28,False,tradability_policy,False,-0.014397154984512994,89620902457.63,90930036282.74
2026-08-31,MRK,2026-08-31,2026-08-28,True,,False,-0.003977081226828494,364941255560.39996,366398451965.25
2026-08-31,MSFT,2026-08-31,2026-08-28,True,,False,-0.012151188830253234,3768370640992.16,3814724073545.1196
2026-08-31,NKE,2026-08-31,2026-08-28,False,tradability_policy,False,-0.013636363636363669,57843447508.98,58643126506.8
2026-08-31,PG,2026-08-31,2026-08-28,True,,False,0.009319794129920789,337926283687.36,334805961056.84
2026-08-31,TRV,2026-08-31,2026-08-28,False,tradability_policy,False,-0.01073263044065953,77813072509.49,78657271940.7
2026-08-31,UNH,2026-08-31,2026-08-28,True,,False,-0.009008779742969764,353640512361.64,356855343551.8
2026-08-31,V,2026-08-31,2026-08-28,True,,False,-0.005843815513626893,690707979595.9244,694768076057.16
2026-08-31,WMT,2026-08-31,2026-08-28,True,,False,0.01726646619458716,834563760984.85,820398380088.9501
2026-09-01,AAPL,2026-09-01,2026-08-31,True,,False,0.026132239229919474,4775300056280.0,4653688748600.0
2026-09-01,AMGN,2026-09-01,2026-08-31,True,,False,0.019168139946031504,236456989004.88,232009792827.12
2026-09-01,AXP,2026-09-01,2026-08-31,True,,False,-0.018111881757882364,221203409556.17,225283721685.31
2026-09-01,BA,2026-09-01,2026-08-31,False,tradability_policy,False,-0.010203099432091634,162122257393.46,163793458335.18
2026-09-01,CAT,2026-09-01,2026-08-31,True,,False,-0.022960111352151258,358909945178.16,367344209124.22003
2026-09-01,CRM,2026-09-01,2026-08-31,False,tradability_policy,False,0.002213248427428649,211392090000.0,210925260000.00003
2026-09-01,CSCO,2026-09-01,2026-08-31,True,,False,-0.006787944610372021,432533040137.1,435489116135.85
2026-09-01,CVX,2026-09-01,2026-08-31,True,,False,0.023818763946832355,420326701338.60004,410547956474.48
2026-09-01,DIS,2026-09-01,2026-08-31,False,tradability_policy,False,-0.01236634123663416,184452243457.28,186761803651.19998
2026-09-01,GS,2026-09-01,2026-08-31,True,,False,-0.01787698606101973,295762639997.76,302648113203.9
2026-09-01,HD,2026-09-01,2026-08-31,True,,False,-0.02458591343074157,318848001403.13995,326884761860.06
2026-09-01,HON,2026-09-01,2026-08-31,False,tradability_policy,False,-0.016625298552896628,66527241068.799995,67651975356.8
2026-09-01,IBM,2026-09-01,2026-08-31,True,,False,-0.010561423012784843,217489453792.0,219810970433.6
2026-09-01,JNJ,2026-09-01,2026-08-31,True,,False,0.020086514952040613,652813170365.49,639958631740.3501
2026-09-01,JPM,2026-09-01,2026-08-31,True,,False,-0.003005449132071236,951092577819.1,953959655036.36
2026-09-01,KO,2026-09-01,2026-08-31,True,,False,-0.007556106913273908,378618452784.0,381501116004.06
2026-09-01,MCD,2026-09-01,2026-08-31,False,tradability_policy,False,-0.002162859527965466,185520184843.49002,187246714080.86002
2026-09-01,MMM,2026-09-01,2026-08-31,False,tradability_policy,False,-0.009253331781411855,88791610512.64,89620902457.63
2026-09-01,MRK,2026-09-01,2026-08-31,True,,False,0.014212236058473326,370127886831.9,364941255560.39996
2026-09-01,MSFT,2026-09-01,2026-08-31,True,,False,-0.012359794200555996,3721794355398.08,3768370640992.16
2026-09-01,NKE,2026-09-01,2026-08-31,False,tradability_policy,False,-0.013568868407578094,56451413697.96,57843447508.98
2026-09-01,PG,2026-09-01,2026-08-31,True,,False,0.007511025358324153,340464456573.38,337926283687.36
2026-09-01,TRV,2026-09-01,2026-08-31,False,tradability_policy,False,-0.005492853824501931,77385656676.56,77813072509.49
2026-09-01,UNH,2026-09-01,2026-08-31,True,,False,0.0176934336560437,359897627305.2,353640512361.64
2026-09-01,V,2026-09-01,2026-08-31,True,,False,-0.017660858792208134,678509483501.6295,690707979595.9244
2026-09-01,WMT,2026-09-01,2026-08-31,True,,False,0.010012396300181248,842919744097.6,834563760984.85
2026-09-02,AAPL,2026-09-02,2026-09-01,True,,False,-0.0005228677759665512,4772803205760.0,4775300056280.0
2026-09-02,AMGN,2026-09-02,2026-09-01,True,,False,0.010773304117593252,239004412058.15997,236456989004.88
2026-09-02,AXP,2026-09-02,2026-09-01,True,,False,0.017859896973996703,225154079661.14,221203409556.17
2026-09-02,BA,2026-09-02,2026-09-01,False,tradability_policy,False,0.015608285519789877,164652707875.97,162122257393.46
2026-09-02,CAT,2026-09-02,2026-09-01,True,,False,0.016838646747779684,364953502959.27997,358909945178.16
2026-09-02,CRM,2026-09-02,2026-09-01,False,tradability_policy,False,-0.004571694238890367,210425670000.0,211392090000.0
2026-09-02,CSCO,2026-09-02,2026-09-01,True,,False,-0.0025970475669764292,431409731257.575,432533040137.1
2026-09-02,CVX,2026-09-02,2026-09-01,True,,False,0.00345889599620941,421780567682.96,420326701338.60004
2026-09-02,DIS,2026-09-02,2026-09-01,False,tradability_policy,False,0.016569384296742706,187508503563.52002,184452243457.28
2026-09-02,GS,2026-09-02,2026-09-01,True,,False,0.001855250558570054,296311353800.82,295762639997.76
2026-09-02,HD,2026-09-02,2026-09-01,True,,False,-0.0039403321137067016,317591634383.82,318848001403.13995
2026-09-02,HON,2026-09-02,2026-09-01,False,tradability_policy,False,-0.018620821030574275,65288449219.2,66527241068.799995
2026-09-02,IBM,2026-09-02,2026-09-01,True,,False,0.0012964563526360884,217771419376.0,217489453792.0
2026-09-02,JNJ,2026-09-02,2026-09-01,True,,False,0.01482355544083469,662490182588.9099,652813170365.49
2026-09-02,JPM,2026-09-02,2026-09-01,True,,False,0.0035779687279899886,954495557319.9601,951092577819.1
2026-09-02,KO,2026-09-02,2026-09-01,True,,False,0.0027272727272726893,379651048564.32,378618452784.0
2026-09-02,MCD,2026-09-02,2026-09-01,False,tradability_policy,False,-0.000612768564972721,185406503906.05,185520184843.49002
2026-09-02,MMM,2026-09-02,2026-09-01,False,tradability_policy,False,-0.00875234962406024,88014475293.75,88791610512.64
2026-09-02,MRK,2026-09-02,2026-09-01,True,,False,0.011877752569064315,374524174290.6,370127886831.9
2026-09-02,MSFT,2026-09-02,2026-09-01,True,,False,-0.008382898886271972,3690594929641.28,3721794355398.08
2026-09-02,NKE,2026-09-02,2026-09-01,False,tradability_policy,False,0.0031479538300105414,56629120141.920006,56451413697.96
2026-09-02,PG,2026-09-02,2026-09-01,True,,False,0.009780452773408,343794353111.92,340464456573.38
2026-09-02,TRV,2026-09-02,2026-09-01,False,tradability_policy,False,0.006210156078259033,77866233682.74,77385656676.56
2026-09-02,UNH,2026-09-02,2026-09-01,True,,False,0.008478425435276327,362948992502.64,359897627305.2
2026-09-02,V,2026-09-02,2026-09-01,True,,False,0.015375533313655376,688941928668.84,678509483501.6295
2026-09-02,WMT,2026-09-02,2026-09-01,True,,False,0.0016049848942598643,844272617553.9501,842919744097.6
2026-09-03,AAPL,2026-09-03,2026-09-02,True,,False,0.010001230920728688,4820537112760.0,4772803205760.0
2026-09-03,AMGN,2026-09-03,2026-09-02,True,,False,0.002890434468431069,239695238648.88,239004412058.15997
2026-09-03,AXP,2026-09-03,2026-09-02,True,,False,-0.0004848778713861801,225044907430.26,225154079661.14
2026-09-03,BA,2026-09-03,2026-09-02,False,tradability_policy,False,0.007851773830612307,165945523698.81,164652707875.97
2026-09-03,CAT,2026-09-03,2026-09-02,True,,False,0.009920735093653876,368574109983.64,364953502959.27997
2026-09-03,CRM,2026-09-03,2026-09-02,False,tradability_policy,False,0.02919083018721058,216568170000.0,210425670000.0
2026-09-03,CSCO,2026-09-03,2026-09-02,True,,False,-0.007720067607692616,428079218965.65,431409731257.575
2026-09-03,CVX,2026-09-03,2026-09-02,True,,False,-0.0021720653508358057,420864432726.24,421780567682.96
2026-09-03,DIS,2026-09-03,2026-09-02,False,tradability_policy,False,-0.007593998888683173,186084564195.84,187508503563.52002
2026-09-03,GS,2026-09-03,2026-09-02,True,,False,0.033362537583879304,306197052478.53,296311353800.82
2026-09-03,HD,2026-09-03,2026-09-02,True,,False,0.005933879627013416,317152903043.74,317591634383.82
2026-09-03,HON,2026-09-03,2026-09-02,False,tradability_policy,False,0.0075702431212694155,65782698652.799995,65288449219.2
2026-09-03,IBM,2026-09-03,2026-09-02,True,,False,0.012990936555891341,220600474068.80002,217771419376.0
2026-09-03,JNJ,2026-09-03,2026-09-02,True,,False,0.011700156244322635,670241421235.53,662490182588.9099
2026-09-03,JPM,2026-09-03,2026-09-02,True,,False,0.01639436303407993,970143904001.08,954495557319.9601
2026-09-03,KO,2026-09-03,2026-09-02,True,,False,0.006459655485040905,382103463542.58,379651048564.32
2026-09-03,MCD,2026-09-03,2026-09-02,False,tradability_policy,False,-0.005058440314236412,184468636172.16998,185406503906.05
2026-09-03,MMM,2026-09-03,2026-09-02,False,tradability_policy,False,-0.0026074074074073916,87784985698.91,88014475293.75
2026-09-03,MRK,2026-09-03,2026-09-02,True,,False,0.004616196254286553,376253051381.10004,374524174290.6
2026-09-03,MSFT,2026-09-03,2026-09-02,True,,False,0.026770258846262163,3789393111204.48,3690594929641.28
2026-09-03,NKE,2026-09-03,2026-09-02,False,tradability_policy,False,0.013859832635983338,57413990269.41,56629120141.920006
2026-09-03,PG,2026-09-03,2026-09-02,True,,False,-0.004876727174207507,342117761847.75995,343794353111.92
2026-09-03,TRV,2026-09-03,2026-09-02,False,tradability_policy,False,0.02228412256267398,79601414377.62,77866233682.74
2026-09-03,UNH,2026-09-03,2026-09-02,True,,False,0.003202722313966788,364111417339.76,362948992502.64
2026-09-03,V,2026-09-03,2026-09-02,True,,False,0.0009249471458774305,689579163539.4375,688941928668.84
2026-09-03,WMT,2026-09-03,2026-09-02,True,,False,0.021962484682816363,862814941985.1,844272617553.9501
2026-09-04,AAPL,2026-09-04,2026-09-03,True,,False,-0.02510587733463321,4699513299320.0,4820537112760.0
2026-09-04,AMGN,2026-09-04,2026-09-03,True,,False,-0.015513825092317357,235976648641.02002,239695238648.88
2026-09-04,AXP,2026-09-04,2026-09-03,True,,False,-0.011096961979261355,222547592648.88,225044907430.26
2026-09-04,BA,2026-09-04,2026-09-03,False,tradability_policy,False,0.008265640587145517,167317169754.75,165945523698.81
2026-09-04,CAT,2026-09-04,2026-09-03,True,,False,0.01724698177818884,374930900942.44,368574109983.64
2026-09-04,CRM,2026-09-04,2026-09-03,False,tradability_policy,False,-0.01966493968157923,212309370000.0,216568170000.0
2026-09-04,CSCO,2026-09-04,2026-09-03,True,,False,0.005432280637142073,430404665418.0,428079218965.65
2026-09-04,CVX,2026-09-04,2026-09-03,True,,False,-0.012871474540980476,415447286895.2,420864432726.24
2026-09-04,DIS,2026-09-04,2026-09-03,False,tradability_policy,False,-0.017263904441955913,182872018061.44,186084564195.84
2026-09-04,GS,2026-09-04,2026-09-03,True,,False,0.0006551501546345762,306397657524.81,306197052478.53
2026-09-04,HD,2026-09-04,2026-09-03,True,,False,0.009369006822397719,320124310756.10004,317152903043.74
2026-09-04,HON,2026-09-04,2026-09-03,False,tradability_policy,False,0.009536194191590797,66410015241.600006,65782698652.799995
2026-09-04,IBM,2026-09-04,2026-09-03,True,,False,0.0007669038387796423,220769653419.19998,220600474068.80002
2026-09-04,JNJ,2026-09-04,2026-09-03,True,,False,-0.011493014402183643,662538326928.3301,670241421235.53
2026-09-04,JPM,2026-09-04,2026-09-03,True,,False,-0.00944594818538369,960979974951.52,970143904001.08
2026-09-04,KO,2026-09-04,2026-09-03,True,,False,-0.008332395000563153,378919626553.25995,382103463542.58
2026-09-04,MCD,2026-09-04,2026-09-03,False,tradability_policy,False,-0.015175441975118442,181669243087.71,184468636172.16998
2026-09-04,MMM,2026-09-04,2026-09-03,False,tradability_policy,False,0.001485354405561079,87915377514.16,87784985698.91
2026-09-04,MRK,2026-09-04,2026-09-03,True,,False,-0.013194170933438332,371288704306.95,376253051381.10004
2026-09-04,MSFT,2026-09-04,2026-09-03,True,,False,-0.020426566298126003,3711988821588.8,3789393111204.48
2026-09-04,NKE,2026-09-04,2026-09-03,False,tradability_policy,False,-0.009543461439257328,56866062067.2,57413990269.41
2026-09-04,PG,2026-09-04,2026-09-03,True,,False,-0.0032670841274161644,341000034338.32,342117761847.75995
2026-09-04,TRV,2026-09-04,2026-09-03,False,tradability_policy,False,-0.013330127691403404,78540317359.55,79601414377.62
2026-09-04,UNH,2026-09-04,2026-09-03,True,,False,-0.009477727340749253,360660468604.56,364111417339.76
2026-09-04,V,2026-09-04,2026-09-03,True,,False,-0.009716171617161762,682879094042.8695,689579163539.4375
2026-09-04,WMT,2026-09-04,2026-09-03,True,,False,-0.011805939863493875,852628600666.7,862814941985.1
2026-09-08,AAPL,2026-09-08,2026-09-04,True,,False,-0.011719848735818994,4644435714320.0,4699513299320.0
2026-09-08,AMGN,2026-09-08,2026-09-04,True,,False,-0.10077076138416852,212197102088.58002,235976648641.02002
2026-09-08,AXP,2026-09-08,2026-09-04,True,,False,-0.00018395879323029884,222506653062.30002,222547592648.88
2026-09-08,BA,2026-09-08,2026-09-04,False,tradability_policy,False,-0.007161366313309769,166118950211.63,167317169754.75
2026-09-08,CAT,2026-09-08,2026-09-04,True,,False,0.010492173870309873,378864741144.48,374930900942.44
2026-09-08,CRM,2026-09-08,2026-09-04,False,tradability_policy,False,-0.03900011572734641,204029280000.0,212309370000.0
2026-09-08,CSCO,2026-09-08,2026-09-04,True,,False,-0.00027472527472527375,430286422378.05,430404665418.0
2026-09-08,CVX,2026-09-08,2026-09-04,True,,False,0.0057526366251199335,417837204173.60004,415447286895.2
2026-09-08,DIS,2026-09-08,2026-09-04,False,tradability_policy,False,-0.0023739435951001253,182437890205.44,182872018061.44
2026-09-08,GS,2026-09-08,2026-09-04,True,,False,-0.00200267665437448,305784042089.13,306397657524.81
2026-09-08,HD,2026-09-08,2026-09-04,True,,False,-0.02289363027565805,312795503143.39996,320124310756.10004
2026-09-08,HON,2026-09-08,2026-09-04,False,tradability_policy,False,-0.006535947712418277,65975962854.4,66410015241.600006
2026-09-08,IBM,2026-09-08,2026-09-04,True,,False,-0.011920473413086885,218137974635.2,220769653419.19998
2026-09-08,JNJ,2026-09-08,2026-09-04,True,,False,-0.022199614867565387,647830231235.52,662538326928.3301
2026-09-08,JPM,2026-09-08,2026-09-04,True,,False,-0.014304037474905162,947234081377.1799,960979974951.52
2026-09-08,KO,2026-09-08,2026-09-04,True,,False,0.0032928352446917053,380167346454.48,378919626553.25995
2026-09-08,MCD,2026-09-08,2026-09-04,False,tradability_policy,False,0.0004693183151471825,181754503790.79,181669243087.71
2026-09-08,MMM,2026-09-08,2026-09-04,False,tradability_policy,False,-0.006169909824394804,87372947562.72,87915377514.16
2026-09-08,MRK,2026-09-08,2026-09-04,True,,False,-0.012439300206212978,366670132650.9,371288704306.95
2026-09-08,MSFT,2026-09-08,2026-09-04,True,,False,-0.011506904142485452,3669275322040.8,3711988821588.8
2026-09-08,NKE,2026-09-08,2026-09-04,False,tradability_policy,False,-0.007812499999999889,56421795957.3,56866062067.2
2026-09-08,PG,2026-09-08,2026-09-04,True,,False,-0.005872712373668265,338997439217.24005,341000034338.32
2026-09-08,TRV,2026-09-08,2026-09-04,False,tradability_policy,False,-0.009990523893326109,77755658442.38,78540317359.55
2026-09-08,UNH,2026-09-08,2026-09-04,True,,False,0.00931661378858828,364020602899.36,360660468604.56
2026-09-08,V,2026-09-08,2026-09-04,True,,False,-0.017143466552910103,671172179134.464,682879094042.8695
2026-09-08,WMT,2026-09-08,2026-09-04,True,,False,-0.010173604629456823,843954294387.75,852628600666.7
2026-09-09,AAPL,2026-09-09,2026-09-08,True,,False,-0.0027828726835749107,4631510841040.0,4644435714320.0
2026-09-09,AMGN,2026-09-09,2026-09-08,True,,False,-0.004832515196988685,211171656367.97998,212197102088.58002
2026-09-09,AXP,2026-09-09,2026-09-08,True,,False,-0.013186139221097903,219572649357.4,222506653062.30002
2026-09-09,BA,2026-09-09,2026-09-08,False,tradability_policy,False,-0.020452712001138962,162721367165.02,166118950211.63
2026-09-09,CAT,2026-09-09,2026-09-08,True,,False,-0.008413578445676584,375677132924.56,378864741144.48
2026-09-09,CRM,2026-09-09,2026-09-08,False,tradability_policy,False,-0.019910083493898556,199967040000.0,204029280000.0
2026-09-09,CSCO,2026-09-09,2026-09-08,True,,False,0.002381606668498737,431311195390.95,430286422378.05
2026-09-09,CVX,2026-09-09,2026-09-08,True,,False,0.01911344137273585,425823511078.92,417837204173.60004
2026-09-09,DIS,2026-09-09,2026-09-08,False,tradability_policy,False,-0.008376166000380714,180909760152.32,182437890205.44
2026-09-09,GS,2026-09-09,2026-09-08,True,,False,-0.0074768699410533435,303497734576.38,305784042089.13
2026-09-09,HD,2026-09-09,2026-09-08,True,,False,-0.01036021676761234,309554873926.89996,312795503143.39996
2026-09-09,HON,2026-09-09,2026-09-08,False,tradability_policy,False,-0.01589512101421442,64927266940.8,65975962854.4
2026-09-09,IBM,2026-09-09,2026-09-08,True,,False,0.033823085871860004,225516074083.2,218137974635.2
2026-09-09,JNJ,2026-09-09,2026-09-08,True,,False,-0.007580261593341353,642919508614.6799,647830231235.52
2026-09-09,JPM,2026-09-09,2026-09-08,True,,False,0.0033945291505190767,950449495078.7799,947234081377.1799
2026-09-09,KO,2026-09-09,2026-09-08,True,,False,-0.0091670439112721,376682335695.89996,380167346454.48
2026-09-09,MCD,2026-09-09,2026-09-08,False,tradability_policy,False,-0.009108322583167294,180099025139.32,181754503790.79
2026-09-09,MMM,2026-09-09,2026-09-08,False,tradability_policy,False,-0.018624641833810962,85745657708.40001,87372947562.72
2026-09-09,MRK,2026-09-09,2026-09-08,True,,False,-0.006264313619830264,364373195944.95,366670132650.9
2026-09-09,MSFT,2026-09-09,2026-09-08,True,,False,-0.004656341734993408,3652189922221.5996,3669275322040.8
2026-09-09,NKE,2026-09-09,2026-09-08,False,tradability_policy,False,-0.019685039370078705,55311130682.55,56421795957.3
2026-09-09,PG,2026-09-09,2026-09-08,True,,False,-0.02019508174199769,332151358221.92,338997439217.24005
2026-09-09,TRV,2026-09-09,2026-09-08,False,tradability_policy,False,0.003254389323415152,78008705627.05,77755658442.38
2026-09-09,UNH,2026-09-09,2026-09-08,True,,False,-0.01940924059475091,356955239436.24,364020602899.36
2026-09-09,V,2026-09-09,2026-09-08,True,,False,-0.0033908420138888395,668896340310.9015,671172179134.464
2026-09-09,WMT,2026-09-09,2026-09-08,True,,False,-0.002074493163602087,842203516973.65,843954294387.75
2026-09-10,AAPL,2026-09-10,2026-09-09,True,,False,0.03561235491850079,4796449848920.0,4631510841040.0
2026-09-10,AMGN,2026-09-10,2026-09-09,True,,False,-0.02249086308687087,206422223556.78003,211171656367.97998
2026-09-10,AXP,2026-09-10,2026-09-09,True,,False,-0.0033871970167806964,218828913534.53,219572649357.4
2026-09-10,BA,2026-09-10,2026-09-09,False,tradability_policy,False,-0.007848076736750254,161444317388.80002,162721367165.02
2026-09-10,CAT,2026-09-10,2026-09-09,True,,False,-0.012948158320662984,370812805930.0,375677132924.56
2026-09-10,CRM,2026-09-10,2026-09-09,False,tradability_policy,False,-0.004750982961992167,199017000000.0,199967040000.0
2026-09-10,CSCO,2026-09-10,2026-09-09,True,,False,-0.018185141186146447,423467740407.6,431311195390.95
2026-09-10,CVX,2026-09-10,2026-09-09,True,,False,-0.004910902202890477,423732333460.32,425823511078.92
2026-09-10,DIS,2026-09-10,2026-09-09,False,tradability_policy,False,0.015741985025916616,183757638887.68,180909760152.32
2026-09-10,GS,2026-09-10,2026-09-09,True,,False,-0.008757946305332553,300839717713.17,303497734576.38
2026-09-10,HD,2026-09-10,2026-09-09,True,,False,-0.015332581736189344,304808598520.58,309554873926.89996
2026-09-10,HON,2026-09-10,2026-09-09,False,tradability_policy,False,-0.013419216317766991,64055993900.8,64927266940.8
2026-09-10,IBM,2026-09-10,2026-09-09,True,,False,-0.024672834875385408,219951953225.6,225516074083.2
2026-09-10,JNJ,2026-09-10,2026-09-09,True,,False,-0.0027332634416652457,641162240225.8501,642919508614.6799
2026-09-10,JPM,2026-09-10,2026-09-09,True,,False,-0.0032420850835893633,947368056948.08,950449495078.7799
2026-09-10,KO,2026-09-10,2026-09-09,True,,False,0.0031981724728726846,377887030772.94,376682335695.89996
2026-09-10,MCD,2026-09-10,2026-09-09,False,tradability_policy,False,-0.0016963863026667747,179793507619.95,180099025139.32
2026-09-10,MMM,2026-09-10,2026-09-09,False,tradability_policy,False,-0.009367396593673916,84942444126.46,85745657708.40001
2026-09-10,MRK,2026-09-10,2026-09-09,True,,False,-0.019114756320748327,357408291094.65,364373195944.95
2026-09-10,MSFT,2026-09-10,2026-09-09,True,,False,0.0016068341299706468,3658058385637.76,3652189922221.5996
2026-09-10,NKE,2026-09-10,2026-09-09,False,tradability_policy,False,-0.019544846050870257,54230083148.46,55311130682.55
2026-09-10,PG,2026-09-10,2026-09-09,True,,False,0.002313516545148664,332919795884.66,332151358221.92
2026-09-10,TRV,2026-09-10,2026-09-09,False,tradability_policy,False,0.005342783153877484,78159683359.08,78008705627.05
2026-09-10,UNH,2026-09-10,2026-09-09,True,,False,-0.01216099323258546,352614309185.12,356955239436.24
2026-09-10,V,2026-09-10,2026-09-09,True,,False,-0.0004899425678434044,668568619520.3085,668896340310.9015
2026-09-10,WMT,2026-09-10,2026-09-09,True,,False,-0.0009449116507606048,841407709058.15,842203516973.65
2026-09-11,AAPL,2026-09-11,2026-09-10,True,,False,0.01745414459380834,4880167778120.0,4796449848920.0
2026-09-11,AMGN,2026-09-11,2026-09-10,True,,False,-0.013386670850001336,203658917193.90002,206422223556.78003
2026-09-11,AXP,2026-09-11,2026-09-10,True,,False,0.012409965389292621,221544572777.67,218828913534.53
2026-09-11,BA,2026-09-11,2026-09-10,False,tradability_policy,False,0.027587890624999778,165898225558.94998,161444317388.80002
2026-09-11,CAT,2026-09-11,2026-09-10,True,,False,0.016857142857142904,377063650372.82,370812805930.0
2026-09-11,CRM,2026-09-11,2026-09-10,False,tradability_policy,False,0.01942386831275722,202882680000.0,199017000000.0
2026-09-11,CSCO,2026-09-11,2026-09-10,True,,False,0.04365227103499625,441953068986.45,423467740407.6
2026-09-11,CVX,2026-09-11,2026-09-10,True,,False,0.0061101710847903945,426321410511.92,423732333460.32
2026-09-11,DIS,2026-09-11,2026-09-10,False,tradability_policy,False,0.0068985068985070175,185025292227.19998,183757638887.68
2026-09-11,GS,2026-09-11,2026-09-10,True,,False,0.00922757092285531,303615737544.78,300839717713.17
2026-09-11,HD,2026-09-11,2026-09-10,True,,False,0.009977428113448372,307849804400.68,304808598520.58
2026-09-11,HON,2026-09-11,2026-09-10,False,tradability_policy,False,0.0008902957760412722,64113022681.600006,64055993900.8
2026-09-11,IBM,2026-09-11,2026-09-10,True,,False,0.03961199897444656,228664689771.19998,219951953225.6
2026-09-11,JNJ,2026-09-11,2026-09-10,True,,False,-0.002890932982917316,639308683158.1799,641162240225.8501
2026-09-11,JPM,2026-09-11,2026-09-10,True,,False,0.007551759248783929,954522352434.14,947368056948.08
2026-09-11,KO,2026-09-11,2026-09-10,True,,False,0.005237390413298515,379866172685.22003,377887030772.94
2026-09-11,MCD,2026-09-11,2026-09-10,False,tradability_policy,False,-0.002054929855759724,179424044573.27,179793507619.95
2026-09-11,MMM,2026-09-11,2026-09-10,False,tradability_policy,False,0.012955913054156776,86042951047.17,84942444126.46
2026-09-11,MRK,2026-09-11,2026-09-10,True,,False,-0.005390090525879354,355481828050.95,357408291094.65
2026-09-11,MSFT,2026-09-11,2026-09-10,True,,False,0.006477946551864289,3681755092343.52,3658058385637.76
2026-09-11,NKE,2026-09-11,2026-09-10,False,tradability_policy,False,0.004915346805024479,54496642814.399994,54230083148.46
2026-09-11,PG,2026-09-11,2026-09-10,True,,False,0.016087291040078444,338275573534.06,332919795884.66
2026-09-11,TRV,2026-09-11,2026-09-10,False,tradability_policy,False,0.020785722058983547,79784288813.59999,78159683359.08
2026-09-11,UNH,2026-09-11,2026-09-10,True,,False,-0.02366848665911203,344268462112.36,352614309185.12
2026-09-11,V,2026-09-11,2026-09-10,True,,False,0.008823289126113076,674467593750.9824,668568619520.3085
2026-09-11,WMT,2026-09-11,2026-09-10,True,,False,0.01343043601626781,852708181458.25,841407709058.15
2026-09-14,AAPL,2026-09-14,2026-09-11,True,,False,0.002437776507057565,4892064536480.0,4880167778120.0
2026-09-14,AMGN,2026-09-14,2026-09-11,False,tradability_policy,False,0.010997747449317474,205898706531.0,203658917193.90002
2026-09-14,AXP,2026-09-14,2026-09-11,True,,False,0.009516769842003114,223652961486.53998,221544572777.67
2026-09-14,BA,2026-09-14,2026-09-11,False,tradability_policy,False,-0.0008553100498930322,165756331139.37,165898225558.94998
2026-09-14,CAT,2026-09-14,2026-09-11,True,,False,-0.04223218539648421,361139428384.0,377063650372.82
2026-09-14,CRM,2026-09-14,2026-09-11,True,,False,0.047271112546423355,212473170000.0,202882680000.0
2026-09-14,CSCO,2026-09-14,2026-09-11,True,,False,-0.018460715241237824,433794299229.9,441953068986.45
2026-09-14,CVX,2026-09-14,2026-09-11,True,,False,-0.008829300196206757,422557290798.44,426321410511.92
2026-09-14,DIS,2026-09-14,2026-09-11,False,tradability_policy,False,0.019145940872829614,188567775532.16,185025292227.19998
2026-09-14,GS,2026-09-14,2026-09-11,True,,False,-0.039575195786937134,291600085287.45,303615737544.78
2026-09-14,HD,2026-09-14,2026-09-11,True,,False,0.006899008874781343,309973662933.34,307849804400.68
2026-09-14,HON,2026-09-14,2026-09-11,False,tradability_policy,False,-0.004842854319035417,63802532652.799995,64113022681.600006
2026-09-14,IBM,2026-09-14,2026-09-11,True,,False,0.023839861893213854,234116024395.2,228664689771.19998
2026-09-14,JNJ,2026-09-14,2026-09-11,True,,False,0.0027863543941561986,641090023716.72,639308683158.1799
2026-09-14,JPM,2026-09-14,2026-09-11,True,,False,-0.017123768351907542,938177332784.34,954522352434.14
2026-09-14,KO,2026-09-14,2026-09-11,True,,False,0.012005889681730553,384426804048.3,379866172685.22003
2026-09-14,MCD,2026-09-14,2026-09-11,False,tradability_policy,False,0.019641230744862126,182948153633.91,179424044573.27
2026-09-14,MMM,2026-09-14,2026-09-11,False,tradability_policy,False,-0.017882039158634844,84504327627.22,86042951047.17
2026-09-14,MRK,2026-09-14,2026-09-11,True,,False,0.006391996109219589,357754066512.75,355481828050.95
2026-09-14,MSFT,2026-09-14,2026-09-11,True,,False,0.01973246171539267,3754405183748.64,3681755092343.52
2026-09-14,NKE,2026-09-14,2026-09-11,False,tradability_policy,False,0.006793478260869623,54866864572.649994,54496642814.399994
2026-09-14,PG,2026-09-14,2026-09-11,True,,False,0.00592001101397388,340278168655.14,338275573534.06
2026-09-14,TRV,2026-09-14,2026-09-11,False,tradability_policy,False,0.007595948827292087,80390326188.65001,79784288813.59999
2026-09-14,UNH,2026-09-14,2026-09-11,True,,False,0.01788493497586341,348318786154.2,344268462112.36
2026-09-14,V,2026-09-14,2026-09-11,True,,False,0.013038196787690692,683261434965.2279,674467593750.9824
2026-09-14,WMT,2026-09-14,2026-09-11,True,,False,0.018012132524498403,868067274227.4,852708181458.25
2026-09-15,AAPL,2026-09-15,2026-09-14,True,,False,-0.005223970217365204,4866508537040.0,4892064536480.0
2026-09-15,AMGN,2026-09-15,2026-09-14,False,tradability_policy,False,-0.015334207077326356,202741413128.09998,205898706531.0
2026-09-15,AXP,2026-09-15,2026-09-14,True,,False,-0.010220269693086759,221367167902.49,223652961486.53998
2026-09-15,BA,2026-09-15,2026-09-14,False,tradability_policy,False,-0.0027583583012318336,165299115787.38998,165756331139.37
2026-09-15,CAT,2026-09-15,2026-09-14,True,,False,-0.0005867346938775997,360927535352.04,361139428384.0
2026-09-15,CRM,2026-09-15,2026-09-14,True,,False,-0.014570404347993726,209377350000.0,212473170000.0
2026-09-15,CSCO,2026-09-15,2026-09-14,True,,False,9.085953116483303e-05,433833713576.55,433794299229.9
2026-09-15,CVX,2026-09-15,2026-09-14,True,,False,0.02639392939623897,433710238097.64,422557290798.44
2026-09-15,DIS,2026-09-15,2026-09-14,False,tradability_policy,False,-0.019983423888019214,184799545742.08002,188567775532.16
2026-09-15,GS,2026-09-15,2026-09-14,True,,False,-0.01191764884415003,288124897868.07,291600085287.45
2026-09-15,HD,2026-09-15,2026-09-14,True,,False,-0.017338437288898834,304599204017.36005,309973662933.34
2026-09-15,HON,2026-09-15,2026-09-14,False,tradability_policy,False,0.01022941702254454,64455195366.4,63802532652.799995
2026-09-15,IBM,2026-09-15,2026-09-14,True,,False,-0.00289052149825364,233439306993.6,234116024395.2
2026-09-15,JNJ,2026-09-15,2026-09-14,True,,False,0.0033042955842594868,643208374651.2,641090023716.72
2026-09-15,JPM,2026-09-15,2026-09-14,True,,False,0.006740353582954883,944500979730.8201,938177332784.34
2026-09-15,KO,2026-09-15,2026-09-14,True,,False,-0.0012311135982093768,381673215300.77997,384426804048.3
2026-09-15,MCD,2026-09-15,2026-09-14,False,tradability_policy,False,-0.018291972503786558,179601671038.02,182948153633.91
2026-09-15,MMM,2026-09-15,2026-09-14,False,tradability_policy,False,0.01635600543142801,85886480868.87,84504327627.22
2026-09-15,MRK,2026-09-15,2026-09-14,True,,False,-0.001449775629962069,355136052632.85,357754066512.75
2026-09-15,MSFT,2026-09-15,2026-09-14,True,,False,-0.016402524682930686,3692823460052.48,3754405183748.64
2026-09-15,NKE,2026-09-15,2026-09-14,False,tradability_policy,False,-0.022402159244264475,53637728335.259995,54866864572.649994
2026-09-15,PG,2026-09-15,2026-09-14,True,,False,0.0036953397659618137,341535612103.25995,340278168655.14
2026-09-15,TRV,2026-09-15,2026-09-14,False,tradability_policy,False,-0.00021161222060572804,80373314613.21,80390326188.65001
2026-09-15,UNH,2026-09-15,2026-09-14,True,,False,-0.019867031677747393,341398725795.72003,348318786154.2
2026-09-15,V,2026-09-15,2026-09-14,True,,False,0.0009059901939885151,683880463125.2369,683261434965.2279
2026-09-15,WMT,2026-09-15,2026-09-14,True,,False,-0.009075907590759047,860188775863.9501,868067274227.4
